community_board,complaint_type,count,date,ingested_at
01 BROOKLYN,Illegal Parking,109,2026-10-08T00:00:00.000,2026-10-10T19:08:21.546629+00:00
03 MANHATTAN,Traffic,98,2026-10-08T00:00:00.000,2026-10-10T19:08:21.546629+00:00
02 BROOKLYN,Illegal Parking,89,2026-10-08T00:00:00.000,2026-10-10T19:08:21.546629+00:00
11 BROOKLYN,Illegal Parking,86,2026-10-08T00:00:00.000,2026-10-10T19:08:21.546629+00:00
01 QUEENS,Illegal Parking,85,2026-10-08T00:00:00.000,2026-10-10T19:08:21.546629+00:00
05 QUEENS,Illegal Parking,74,2026-10-08T00:00:00.000,2026-10-10T19:08:21.546629+00:00
08 QUEENS,Noise - Vehicle,70,2026-10-08T00:00:00.000,2026-10-10T19:08:21.546629+00:00
05 BROOKLYN,Illegal Parking,69,2026-10-08T00:00:00.000,2026-10-10T19:08:21.546629+00:00
12 BROOKLYN,Illegal Parking,64,2026-10-08T00:00:00.000,2026-10-10T19:08:21.546629+00:00
06 BROOKLYN,Illegal Parking,63,2026-10-08T00:00:00.000,2026-10-10T19:08:21.546629+00:00
14 BROOKLYN,Noise - Residential,60,2026-10-08T00:00:00.000,2026-10-10T19:08:21.546629+00:00
10 BROOKLYN,Illegal Parking,59,2026-10-08T00:00:00.000,2026-10-10T19:08:21.546629+00:00
02 QUEENS,Illegal Parking,48,2026-10-08T00:00:00.000,2026-10-10T19:08:21.546629+00:00
07 QUEENS,Illegal Parking,47,2026-10-08T00:00:00.000,2026-10-10T19:08:21.546629+00:00
15 BROOKLYN,Illegal Parking,46,2026-10-08T00:00:00.000,2026-10-10T19:08:21.546629+00:00
11 BROOKLYN,Noise - Residential,46,2026-10-08T00:00:00.000,2026-10-10T19:08:21.546629+00:00
03 BRONX,Noise - Street/Sidewalk,42,2026-10-08T00:00:00.000,2026-10-10T19:08:21.546629+00:00
09 QUEENS,Illegal Parking,42,2026-10-08T00:00:00.000,2026-10-10T19:08:21.546629+00:00
06 QUEENS,Maintenance or Facility,39,2026-10-08T00:00:00.000,2026-10-10T19:08:21.546629+00:00
10 QUEENS,Illegal Parking,39,2026-10-08T00:00:00.000,2026-10-10T19:08:21.546629+00:00
08 BRONX,Illegal Parking,38,2026-10-08T00:00:00.000,2026-10-10T19:08:21.546629+00:00
08 MANHATTAN,Illegal Parking,37,2026-10-08T00:00:00.000,2026-10-10T19:08:21.546629+00:00
08 QUEENS,Illegal Parking,37,2026-10-08T00:00:00.000,2026-10-10T19:08:21.546629+00:00
12 QUEENS,Illegal Parking,36,2026-10-08T00:00:00.000,2026-10-10T19:08:21.546629+00:00
05 BROOKLYN,Abandoned Vehicle,36,2026-10-08T00:00:00.000,2026-10-10T19:08:21.546629+00:00
12 MANHATTAN,Noise - Street/Sidewalk,35,2026-10-08T00:00:00.000,2026-10-10T19:08:21.546629+00:00
09 QUEENS,Blocked Driveway,34,2026-10-08T00:00:00.000,2026-10-10T19:08:21.546629+00:00
03 QUEENS,Illegal Parking,34,2026-10-08T00:00:00.000,2026-10-10T19:08:21.546629+00:00
14 BROOKLYN,Illegal Parking,34,2026-10-08T00:00:00.000,2026-10-10T19:08:21.546629+00:00
18 BROOKLYN,Illegal Parking,33,2026-10-08T00:00:00.000,2026-10-10T19:08:21.546629+00:00
04 QUEENS,Noise - Commercial,33,2026-10-08T00:00:00.000,2026-10-10T19:08:21.546629+00:00
10 BRONX,Illegal Parking,32,2026-10-08T00:00:00.000,2026-10-10T19:08:21.546629+00:00
11 BRONX,Illegal Parking,31,2026-10-08T00:00:00.000,2026-10-10T19:08:21.546629+00:00
09 MANHATTAN,Noise - Street/Sidewalk,31,2026-10-08T00:00:00.000,2026-10-10T19:08:21.546629+00:00
09 BROOKLYN,Illegal Parking,30,2026-10-08T00:00:00.000,2026-10-10T19:08:21.546629+00:00
01 BROOKLYN,Noise - Residential,30,2026-10-08T00:00:00.000,2026-10-10T19:08:21.546629+00:00
15 BROOKLYN,Blocked Driveway,30,2026-10-08T00:00:00.000,2026-10-10T19:08:21.546629+00:00
09 BRONX,Illegal Parking,29,2026-10-08T00:00:00.000,2026-10-10T19:08:21.546629+00:00
05 MANHATTAN,Homeless Person Assistance,29,2026-10-08T00:00:00.000,2026-10-10T19:08:21.546629+00:00
11 QUEENS,Illegal Parking,29,2026-10-08T00:00:00.000,2026-10-10T19:08:21.546629+00:00
17 BROOKLYN,Noise - Residential,28,2026-10-08T00:00:00.000,2026-10-10T19:08:21.546629+00:00
01 MANHATTAN,Vendor Enforcement,27,2026-10-08T00:00:00.000,2026-10-10T19:08:21.546629+00:00
06 BRONX,Noise - Residential,27,2026-10-08T00:00:00.000,2026-10-10T19:08:21.546629+00:00
12 BRONX,Blocked Driveway,27,2026-10-08T00:00:00.000,2026-10-10T19:08:21.546629+00:00
03 MANHATTAN,Illegal Parking,27,2026-10-08T00:00:00.000,2026-10-10T19:08:21.546629+00:00
17 BROOKLYN,UNSANITARY CONDITION,27,2026-10-08T00:00:00.000,2026-10-10T19:08:21.546629+00:00
04 BRONX,Illegal Parking,27,2026-10-08T00:00:00.000,2026-10-10T19:08:21.546629+00:00
09 MANHATTAN,Illegal Parking,26,2026-10-08T00:00:00.000,2026-10-10T19:08:21.546629+00:00
07 BRONX,Illegal Parking,26,2026-10-08T00:00:00.000,2026-10-10T19:08:21.546629+00:00
12 MANHATTAN,Illegal Parking,26,2026-10-08T00:00:00.000,2026-10-10T19:08:21.546629+00:00
02 BROOKLYN,Noise - Residential,26,2026-10-08T00:00:00.000,2026-10-10T19:08:21.546629+00:00
03 BROOKLYN,Illegal Parking,25,2026-10-08T00:00:00.000,2026-10-10T19:08:21.546629+00:00
03 MANHATTAN,Noise - Residential,25,2026-10-08T00:00:00.000,2026-10-10T19:08:21.546629+00:00
04 BRONX,UNSANITARY CONDITION,25,2026-10-08T00:00:00.000,2026-10-10T19:08:21.546629+00:00
05 BRONX,Illegal Parking,24,2026-10-08T00:00:00.000,2026-10-10T19:08:21.546629+00:00
07 BRONX,UNSANITARY CONDITION,24,2026-10-08T00:00:00.000,2026-10-10T19:08:21.546629+00:00
04 BROOKLYN,Illegal Parking,24,2026-10-08T00:00:00.000,2026-10-10T19:08:21.546629+00:00
11 MANHATTAN,Noise - Residential,24,2026-10-08T00:00:00.000,2026-10-10T19:08:21.546629+00:00
12 BRONX,UNSANITARY CONDITION,23,2026-10-08T00:00:00.000,2026-10-10T19:08:21.546629+00:00
12 MANHATTAN,UNSANITARY CONDITION,23,2026-10-08T00:00:00.000,2026-10-10T19:08:21.546629+00:00
08 QUEENS,Noise - Residential,23,2026-10-08T00:00:00.000,2026-10-10T19:08:21.546629+00:00
13 QUEENS,Illegal Parking,23,2026-10-08T00:00:00.000,2026-10-10T19:08:21.546629+00:00
01 BROOKLYN,Noise - Commercial,23,2026-10-08T00:00:00.000,2026-10-10T19:08:21.546629+00:00
12 BRONX,Illegal Parking,23,2026-10-08T00:00:00.000,2026-10-10T19:08:21.546629+00:00
05 MANHATTAN,Illegal Parking,23,2026-10-08T00:00:00.000,2026-10-10T19:08:21.546629+00:00
09 BRONX,Noise - Residential,23,2026-10-08T00:00:00.000,2026-10-10T19:08:21.546629+00:00
03 QUEENS,Blocked Driveway,22,2026-10-08T00:00:00.000,2026-10-10T19:08:21.546629+00:00
05 BRONX,Noise - Residential,22,2026-10-08T00:00:00.000,2026-10-10T19:08:21.546629+00:00
04 QUEENS,Illegal Parking,22,2026-10-08T00:00:00.000,2026-10-10T19:08:21.546629+00:00
01 STATEN ISLAND,Illegal Parking,22,2026-10-08T00:00:00.000,2026-10-10T19:08:21.546629+00:00
12 MANHATTAN,Noise - Residential,22,2026-10-08T00:00:00.000,2026-10-10T19:08:21.546629+00:00
07 QUEENS,Blocked Driveway,22,2026-10-08T00:00:00.000,2026-10-10T19:08:21.546629+00:00
07 MANHATTAN,Street Light Condition,22,2026-10-08T00:00:00.000,2026-10-10T19:08:21.546629+00:00
17 BROOKLYN,Illegal Parking,22,2026-10-08T00:00:00.000,2026-10-10T19:08:21.546629+00:00
01 MANHATTAN,Illegal Parking,22,2026-10-08T00:00:00.000,2026-10-10T19:08:21.546629+00:00
03 BROOKLYN,Noise - Residential,22,2026-10-08T00:00:00.000,2026-10-10T19:08:21.546629+00:00
03 BRONX,Illegal Parking,22,2026-10-08T00:00:00.000,2026-10-10T19:08:21.546629+00:00
05 BROOKLYN,Blocked Driveway,21,2026-10-08T00:00:00.000,2026-10-10T19:08:21.546629+00:00
01 QUEENS,GENERAL,21,2026-10-08T00:00:00.000,2026-10-10T19:08:21.546629+00:00
14 QUEENS,Illegal Parking,21,2026-10-08T00:00:00.000,2026-10-10T19:08:21.546629+00:00
17 BROOKLYN,Blocked Driveway,21,2026-10-08T00:00:00.000,2026-10-10T19:08:21.546629+00:00
07 BRONX,Noise - Residential,21,2026-10-08T00:00:00.000,2026-10-10T19:08:21.546629+00:00
10 QUEENS,Blocked Driveway,21,2026-10-08T00:00:00.000,2026-10-10T19:08:21.546629+00:00
01 QUEENS,Noise - Residential,21,2026-10-08T00:00:00.000,2026-10-10T19:08:21.546629+00:00
07 BROOKLYN,Illegal Parking,21,2026-10-08T00:00:00.000,2026-10-10T19:08:21.546629+00:00
05 BROOKLYN,Noise - Residential,20,2026-10-08T00:00:00.000,2026-10-10T19:08:21.546629+00:00
03 BRONX,Noise - Residential,20,2026-10-08T00:00:00.000,2026-10-10T19:08:21.546629+00:00
03 MANHATTAN,Noise - Street/Sidewalk,20,2026-10-08T00:00:00.000,2026-10-10T19:08:21.546629+00:00
02 MANHATTAN,Illegal Parking,20,2026-10-08T00:00:00.000,2026-10-10T19:08:21.546629+00:00
07 MANHATTAN,Noise - Residential,20,2026-10-08T00:00:00.000,2026-10-10T19:08:21.546629+00:00
06 QUEENS,Illegal Parking,20,2026-10-08T00:00:00.000,2026-10-10T19:08:21.546629+00:00
12 BRONX,Noise - Residential,20,2026-10-08T00:00:00.000,2026-10-10T19:08:21.546629+00:00
04 BRONX,Noise - Residential,19,2026-10-08T00:00:00.000,2026-10-10T19:08:21.546629+00:00
17 BROOKLYN,PAINT/PLASTER,19,2026-10-08T00:00:00.000,2026-10-10T19:08:21.546629+00:00
07 BRONX,HEAT/HOT WATER,19,2026-10-08T00:00:00.000,2026-10-10T19:08:21.546629+00:00
11 BRONX,HEAT/HOT WATER,19,2026-10-08T00:00:00.000,2026-10-10T19:08:21.546629+00:00
08 BROOKLYN,Illegal Parking,19,2026-10-08T00:00:00.000,2026-10-10T19:08:21.546629+00:00
09 BROOKLYN,Noise - Residential,19,2026-10-08T00:00:00.000,2026-10-10T19:08:21.546629+00:00
06 MANHATTAN,Noise,19,2026-10-08T00:00:00.000,2026-10-10T19:08:21.546629+00:00
15 BROOKLYN,Noise - Residential,19,2026-10-08T00:00:00.000,2026-10-10T19:08:21.546629+00:00
02 BROOKLYN,Traffic Signal Condition,19,2026-10-08T00:00:00.000,2026-10-10T19:08:21.546629+00:00
02 STATEN ISLAND,Noise - Residential,19,2026-10-08T00:00:00.000,2026-10-10T19:08:21.546629+00:00
13 QUEENS,Street Condition,19,2026-10-08T00:00:00.000,2026-10-10T19:08:21.546629+00:00
03 MANHATTAN,Encampment,18,2026-10-08T00:00:00.000,2026-10-10T19:08:21.546629+00:00
01 QUEENS,Abandoned Vehicle,18,2026-10-08T00:00:00.000,2026-10-10T19:08:21.546629+00:00
02 STATEN ISLAND,Illegal Parking,18,2026-10-08T00:00:00.000,2026-10-10T19:08:21.546629+00:00
01 BRONX,Illegal Parking,18,2026-10-08T00:00:00.000,2026-10-10T19:08:21.546629+00:00
09 QUEENS,Noise - Residential,18,2026-10-08T00:00:00.000,2026-10-10T19:08:21.546629+00:00
01 BRONX,Noise - Residential,18,2026-10-08T00:00:00.000,2026-10-10T19:08:21.546629+00:00
01 QUEENS,Noise - Street/Sidewalk,18,2026-10-08T00:00:00.000,2026-10-10T19:08:21.546629+00:00
03 MANHATTAN,Noise - Commercial,18,2026-10-08T00:00:00.000,2026-10-10T19:08:21.546629+00:00
04 MANHATTAN,Noise - Residential,18,2026-10-08T00:00:00.000,2026-10-10T19:08:21.546629+00:00
01 QUEENS,Blocked Driveway,18,2026-10-08T00:00:00.000,2026-10-10T19:08:21.546629+00:00
12 QUEENS,Noise - Residential,18,2026-10-08T00:00:00.000,2026-10-10T19:08:21.546629+00:00
14 BROOKLYN,UNSANITARY CONDITION,17,2026-10-08T00:00:00.000,2026-10-10T19:08:21.546629+00:00
01 BROOKLYN,Blocked Driveway,17,2026-10-08T00:00:00.000,2026-10-10T19:08:21.546629+00:00
11 BROOKLYN,Blocked Driveway,17,2026-10-08T00:00:00.000,2026-10-10T19:08:21.546629+00:00
05 QUEENS,Blocked Driveway,17,2026-10-08T00:00:00.000,2026-10-10T19:08:21.546629+00:00
10 QUEENS,Abandoned Vehicle,17,2026-10-08T00:00:00.000,2026-10-10T19:08:21.546629+00:00
12 QUEENS,UNSANITARY CONDITION,17,2026-10-08T00:00:00.000,2026-10-10T19:08:21.546629+00:00
10 BRONX,Noise - Residential,17,2026-10-08T00:00:00.000,2026-10-10T19:08:21.546629+00:00
09 MANHATTAN,Street Light Condition,17,2026-10-08T00:00:00.000,2026-10-10T19:08:21.546629+00:00
12 MANHATTAN,HEAT/HOT WATER,17,2026-10-08T00:00:00.000,2026-10-10T19:08:21.546629+00:00
05 BRONX,PAINT/PLASTER,17,2026-10-08T00:00:00.000,2026-10-10T19:08:21.546629+00:00
06 BRONX,UNSANITARY CONDITION,17,2026-10-08T00:00:00.000,2026-10-10T19:08:21.546629+00:00
08 MANHATTAN,Noise - Residential,16,2026-10-08T00:00:00.000,2026-10-10T19:08:21.546629+00:00
12 QUEENS,Abandoned Vehicle,16,2026-10-08T00:00:00.000,2026-10-10T19:08:21.546629+00:00
12 BROOKLYN,Noise - Residential,16,2026-10-08T00:00:00.000,2026-10-10T19:08:21.546629+00:00
09 BROOKLYN,Noise - Street/Sidewalk,16,2026-10-08T00:00:00.000,2026-10-10T19:08:21.546629+00:00
11 MANHATTAN,UNSANITARY CONDITION,16,2026-10-08T00:00:00.000,2026-10-10T19:08:21.546629+00:00
06 BRONX,Illegal Parking,16,2026-10-08T00:00:00.000,2026-10-10T19:08:21.546629+00:00
12 BROOKLYN,Blocked Driveway,16,2026-10-08T00:00:00.000,2026-10-10T19:08:21.546629+00:00
16 BROOKLYN,Noise - Street/Sidewalk,16,2026-10-08T00:00:00.000,2026-10-10T19:08:21.546629+00:00
02 BROOKLYN,Noise - Street/Sidewalk,16,2026-10-08T00:00:00.000,2026-10-10T19:08:21.546629+00:00
09 BROOKLYN,UNSANITARY CONDITION,16,2026-10-08T00:00:00.000,2026-10-10T19:08:21.546629+00:00
14 BROOKLYN,HEAT/HOT WATER,16,2026-10-08T00:00:00.000,2026-10-10T19:08:21.546629+00:00
16 BROOKLYN,Noise - Residential,16,2026-10-08T00:00:00.000,2026-10-10T19:08:21.546629+00:00
10 MANHATTAN,UNSANITARY CONDITION,16,2026-10-08T00:00:00.000,2026-10-10T19:08:21.546629+00:00
07 MANHATTAN,Illegal Parking,16,2026-10-08T00:00:00.000,2026-10-10T19:08:21.546629+00:00
04 BRONX,Noise - Street/Sidewalk,16,2026-10-08T00:00:00.000,2026-10-10T19:08:21.546629+00:00
10 MANHATTAN,Illegal Parking,16,2026-10-08T00:00:00.000,2026-10-10T19:08:21.546629+00:00
10 MANHATTAN,HEAT/HOT WATER,16,2026-10-08T00:00:00.000,2026-10-10T19:08:21.546629+00:00
09 MANHATTAN,HEAT/HOT WATER,16,2026-10-08T00:00:00.000,2026-10-10T19:08:21.546629+00:00
12 QUEENS,Noise - Street/Sidewalk,15,2026-10-08T00:00:00.000,2026-10-10T19:08:21.546629+00:00
06 BROOKLYN,Water Maintenance,15,2026-10-08T00:00:00.000,2026-10-10T19:08:21.546629+00:00
04 BROOKLYN,Noise - Residential,15,2026-10-08T00:00:00.000,2026-10-10T19:08:21.546629+00:00
04 BRONX,PAINT/PLASTER,15,2026-10-08T00:00:00.000,2026-10-10T19:08:21.546629+00:00
12 QUEENS,Blocked Driveway,15,2026-10-08T00:00:00.000,2026-10-10T19:08:21.546629+00:00
02 MANHATTAN,Encampment,15,2026-10-08T00:00:00.000,2026-10-10T19:08:21.546629+00:00
16 BROOKLYN,UNSANITARY CONDITION,15,2026-10-08T00:00:00.000,2026-10-10T19:08:21.546629+00:00
05 BROOKLYN,Noise - Street/Sidewalk,15,2026-10-08T00:00:00.000,2026-10-10T19:08:21.546629+00:00
08 MANHATTAN,Noise,15,2026-10-08T00:00:00.000,2026-10-10T19:08:21.546629+00:00
05 BROOKLYN,UNSANITARY CONDITION,15,2026-10-08T00:00:00.000,2026-10-10T19:08:21.546629+00:00
01 STATEN ISLAND,Abandoned Vehicle,15,2026-10-08T00:00:00.000,2026-10-10T19:08:21.546629+00:00
13 BROOKLYN,Illegal Parking,15,2026-10-08T00:00:00.000,2026-10-10T19:08:21.546629+00:00
12 QUEENS,Street Condition,15,2026-10-08T00:00:00.000,2026-10-10T19:08:21.546629+00:00
10 MANHATTAN,Noise - Residential,15,2026-10-08T00:00:00.000,2026-10-10T19:08:21.546629+00:00
08 BRONX,Noise - Residential,15,2026-10-08T00:00:00.000,2026-10-10T19:08:21.546629+00:00
07 MANHATTAN,Noise - Street/Sidewalk,15,2026-10-08T00:00:00.000,2026-10-10T19:08:21.546629+00:00
05 BRONX,UNSANITARY CONDITION,14,2026-10-08T00:00:00.000,2026-10-10T19:08:21.546629+00:00
05 QUEENS,Abandoned Vehicle,14,2026-10-08T00:00:00.000,2026-10-10T19:08:21.546629+00:00
14 BROOKLYN,Noise - Street/Sidewalk,14,2026-10-08T00:00:00.000,2026-10-10T19:08:21.546629+00:00
03 BROOKLYN,UNSANITARY CONDITION,14,2026-10-08T00:00:00.000,2026-10-10T19:08:21.546629+00:00
02 QUEENS,Noise - Street/Sidewalk,14,2026-10-08T00:00:00.000,2026-10-10T19:08:21.546629+00:00
11 QUEENS,Street Condition,14,2026-10-08T00:00:00.000,2026-10-10T19:08:21.546629+00:00
09 BRONX,UNSANITARY CONDITION,14,2026-10-08T00:00:00.000,2026-10-10T19:08:21.546629+00:00
04 MANHATTAN,Illegal Parking,14,2026-10-08T00:00:00.000,2026-10-10T19:08:21.546629+00:00
12 BROOKLYN,Noise - Street/Sidewalk,14,2026-10-08T00:00:00.000,2026-10-10T19:08:21.546629+00:00
08 QUEENS,Noise,13,2026-10-08T00:00:00.000,2026-10-10T19:08:21.546629+00:00
07 BRONX,Noise - Street/Sidewalk,13,2026-10-08T00:00:00.000,2026-10-10T19:08:21.546629+00:00
08 QUEENS,Abandoned Vehicle,13,2026-10-08T00:00:00.000,2026-10-10T19:08:21.546629+00:00
09 QUEENS,Abandoned Vehicle,13,2026-10-08T00:00:00.000,2026-10-10T19:08:21.546629+00:00
01 QUEENS,HEAT/HOT WATER,13,2026-10-08T00:00:00.000,2026-10-10T19:08:21.546629+00:00
03 STATEN ISLAND,Street Light Condition,13,2026-10-08T00:00:00.000,2026-10-10T19:08:21.546629+00:00
10 BRONX,Noise - Street/Sidewalk,13,2026-10-08T00:00:00.000,2026-10-10T19:08:21.546629+00:00
01 STATEN ISLAND,Noise - Residential,13,2026-10-08T00:00:00.000,2026-10-10T19:08:21.546629+00:00
12 QUEENS,Dirty Condition,13,2026-10-08T00:00:00.000,2026-10-10T19:08:21.546629+00:00
14 BROOKLYN,Blocked Driveway,13,2026-10-08T00:00:00.000,2026-10-10T19:08:21.546629+00:00
05 MANHATTAN,Air Quality,13,2026-10-08T00:00:00.000,2026-10-10T19:08:21.546629+00:00
11 MANHATTAN,Noise - Street/Sidewalk,13,2026-10-08T00:00:00.000,2026-10-10T19:08:21.546629+00:00
06 MANHATTAN,Illegal Parking,13,2026-10-08T00:00:00.000,2026-10-10T19:08:21.546629+00:00
12 MANHATTAN,DOOR/WINDOW,13,2026-10-08T00:00:00.000,2026-10-10T19:08:21.546629+00:00
07 BRONX,PLUMBING,13,2026-10-08T00:00:00.000,2026-10-10T19:08:21.546629+00:00
07 BRONX,DOOR/WINDOW,13,2026-10-08T00:00:00.000,2026-10-10T19:08:21.546629+00:00
04 BRONX,DOOR/WINDOW,13,2026-10-08T00:00:00.000,2026-10-10T19:08:21.546629+00:00
06 BRONX,Noise - Street/Sidewalk,13,2026-10-08T00:00:00.000,2026-10-10T19:08:21.546629+00:00
03 STATEN ISLAND,Water Maintenance,13,2026-10-08T00:00:00.000,2026-10-10T19:08:21.546629+00:00
01 STATEN ISLAND,UNSANITARY CONDITION,13,2026-10-08T00:00:00.000,2026-10-10T19:08:21.546629+00:00
11 BRONX,UNSANITARY CONDITION,12,2026-10-08T00:00:00.000,2026-10-10T19:08:21.546629+00:00
03 BRONX,PLUMBING,12,2026-10-08T00:00:00.000,2026-10-10T19:08:21.546629+00:00
18 BROOKLYN,Noise - Residential,12,2026-10-08T00:00:00.000,2026-10-10T19:08:21.546629+00:00
03 BRONX,UNSANITARY CONDITION,12,2026-10-08T00:00:00.000,2026-10-10T19:08:21.546629+00:00
03 BROOKLYN,HEAT/HOT WATER,12,2026-10-08T00:00:00.000,2026-10-10T19:08:21.546629+00:00
05 MANHATTAN,Vendor Enforcement,12,2026-10-08T00:00:00.000,2026-10-10T19:08:21.546629+00:00
06 BROOKLYN,Noise - Street/Sidewalk,12,2026-10-08T00:00:00.000,2026-10-10T19:08:21.546629+00:00
04 BROOKLYN,Blocked Driveway,12,2026-10-08T00:00:00.000,2026-10-10T19:08:21.546629+00:00
06 MANHATTAN,Noise - Residential,12,2026-10-08T00:00:00.000,2026-10-10T19:08:21.546629+00:00
11 MANHATTAN,Illegal Parking,12,2026-10-08T00:00:00.000,2026-10-10T19:08:21.546629+00:00
05 BRONX,Noise - Street/Sidewalk,12,2026-10-08T00:00:00.000,2026-10-10T19:08:21.546629+00:00
04 MANHATTAN,UNSANITARY CONDITION,12,2026-10-08T00:00:00.000,2026-10-10T19:08:21.546629+00:00
05 BRONX,HEAT/HOT WATER,12,2026-10-08T00:00:00.000,2026-10-10T19:08:21.546629+00:00
07 BROOKLYN,Blocked Driveway,12,2026-10-08T00:00:00.000,2026-10-10T19:08:21.546629+00:00
12 QUEENS,Missed Collection,12,2026-10-08T00:00:00.000,2026-10-10T19:08:21.546629+00:00
12 QUEENS,Obstruction,12,2026-10-08T00:00:00.000,2026-10-10T19:08:21.546629+00:00
07 MANHATTAN,UNSANITARY CONDITION,12,2026-10-08T00:00:00.000,2026-10-10T19:08:21.546629+00:00
08 BRONX,Blocked Driveway,12,2026-10-08T00:00:00.000,2026-10-10T19:08:21.546629+00:00
10 MANHATTAN,Noise - Street/Sidewalk,12,2026-10-08T00:00:00.000,2026-10-10T19:08:21.546629+00:00
09 MANHATTAN,Noise - Residential,12,2026-10-08T00:00:00.000,2026-10-10T19:08:21.546629+00:00
08 QUEENS,Air Quality,11,2026-10-08T00:00:00.000,2026-10-10T19:08:21.546629+00:00
02 QUEENS,Street Condition,11,2026-10-08T00:00:00.000,2026-10-10T19:08:21.546629+00:00
12 QUEENS,Water Maintenance,11,2026-10-08T00:00:00.000,2026-10-10T19:08:21.546629+00:00
10 BRONX,Street Light Condition,11,2026-10-08T00:00:00.000,2026-10-10T19:08:21.546629+00:00
06 QUEENS,Noise - Residential,11,2026-10-08T00:00:00.000,2026-10-10T19:08:21.546629+00:00
01 STATEN ISLAND,Blocked Driveway,11,2026-10-08T00:00:00.000,2026-10-10T19:08:21.546629+00:00
04 BRONX,PLUMBING,11,2026-10-08T00:00:00.000,2026-10-10T19:08:21.546629+00:00
03 STATEN ISLAND,Illegal Parking,11,2026-10-08T00:00:00.000,2026-10-10T19:08:21.546629+00:00
07 MANHATTAN,Homeless Person Assistance,11,2026-10-08T00:00:00.000,2026-10-10T19:08:21.546629+00:00
83 QUEENS,Taxi Complaint,11,2026-10-08T00:00:00.000,2026-10-10T19:08:21.546629+00:00
08 BROOKLYN,Noise - Helicopter,11,2026-10-08T00:00:00.000,2026-10-10T19:08:21.546629+00:00
03 BRONX,Blocked Driveway,11,2026-10-08T00:00:00.000,2026-10-10T19:08:21.546629+00:00
16 BROOKLYN,Illegal Parking,11,2026-10-08T00:00:00.000,2026-10-10T19:08:21.546629+00:00
02 BROOKLYN,Street Light Condition,11,2026-10-08T00:00:00.000,2026-10-10T19:08:21.546629+00:00
02 MANHATTAN,Noise - Street/Sidewalk,10,2026-10-08T00:00:00.000,2026-10-10T19:08:21.546629+00:00
01 QUEENS,Traffic Signal Condition,10,2026-10-08T00:00:00.000,2026-10-10T19:08:21.546629+00:00
06 QUEENS,Blocked Driveway,10,2026-10-08T00:00:00.000,2026-10-10T19:08:21.546629+00:00
03 QUEENS,Noise - Residential,10,2026-10-08T00:00:00.000,2026-10-10T19:08:21.546629+00:00
02 QUEENS,Noise,10,2026-10-08T00:00:00.000,2026-10-10T19:08:21.546629+00:00
09 BRONX,PAINT/PLASTER,10,2026-10-08T00:00:00.000,2026-10-10T19:08:21.546629+00:00
01 BROOKLYN,HEAT/HOT WATER,10,2026-10-08T00:00:00.000,2026-10-10T19:08:21.546629+00:00
01 MANHATTAN,Noise - Residential,10,2026-10-08T00:00:00.000,2026-10-10T19:08:21.546629+00:00
09 MANHATTAN,Noise,10,2026-10-08T00:00:00.000,2026-10-10T19:08:21.546629+00:00
10 BRONX,Abandoned Vehicle,10,2026-10-08T00:00:00.000,2026-10-10T19:08:21.546629+00:00
03 STATEN ISLAND,Street Condition,10,2026-10-08T00:00:00.000,2026-10-10T19:08:21.546629+00:00
18 BROOKLYN,Blocked Driveway,10,2026-10-08T00:00:00.000,2026-10-10T19:08:21.546629+00:00
18 BROOKLYN,Abandoned Vehicle,10,2026-10-08T00:00:00.000,2026-10-10T19:08:21.546629+00:00
17 BROOKLYN,Water Maintenance,10,2026-10-08T00:00:00.000,2026-10-10T19:08:21.546629+00:00
06 BRONX,PLUMBING,10,2026-10-08T00:00:00.000,2026-10-10T19:08:21.546629+00:00
11 BROOKLYN,UNSANITARY CONDITION,10,2026-10-08T00:00:00.000,2026-10-10T19:08:21.546629+00:00
12 MANHATTAN,WATER LEAK,10,2026-10-08T00:00:00.000,2026-10-10T19:08:21.546629+00:00
11 BRONX,Noise - Residential,10,2026-10-08T00:00:00.000,2026-10-10T19:08:21.546629+00:00
01 QUEENS,UNSANITARY CONDITION,10,2026-10-08T00:00:00.000,2026-10-10T19:08:21.546629+00:00
02 MANHATTAN,Noise - Commercial,10,2026-10-08T00:00:00.000,2026-10-10T19:08:21.546629+00:00
04 MANHATTAN,Encampment,10,2026-10-08T00:00:00.000,2026-10-10T19:08:21.546629+00:00
12 BRONX,PLUMBING,10,2026-10-08T00:00:00.000,2026-10-10T19:08:21.546629+00:00
05 BROOKLYN,Illegal Dumping,10,2026-10-08T00:00:00.000,2026-10-10T19:08:21.546629+00:00
03 BRONX,HEAT/HOT WATER,10,2026-10-08T00:00:00.000,2026-10-10T19:08:21.546629+00:00
01 STATEN ISLAND,Street Light Condition,10,2026-10-08T00:00:00.000,2026-10-10T19:08:21.546629+00:00
03 BROOKLYN,Noise - Street/Sidewalk,10,2026-10-08T00:00:00.000,2026-10-10T19:08:21.546629+00:00
08 BROOKLYN,Noise - Street/Sidewalk,10,2026-10-08T00:00:00.000,2026-10-10T19:08:21.546629+00:00
18 BROOKLYN,Illegal Dumping,9,2026-10-08T00:00:00.000,2026-10-10T19:08:21.546629+00:00
09 BROOKLYN,HEAT/HOT WATER,9,2026-10-08T00:00:00.000,2026-10-10T19:08:21.546629+00:00
03 BROOKLYN,WATER LEAK,9,2026-10-08T00:00:00.000,2026-10-10T19:08:21.546629+00:00
01 MANHATTAN,Noise,9,2026-10-08T00:00:00.000,2026-10-10T19:08:21.546629+00:00
01 MANHATTAN,Noise - Street/Sidewalk,9,2026-10-08T00:00:00.000,2026-10-10T19:08:21.546629+00:00
08 BROOKLYN,Noise - Residential,9,2026-10-08T00:00:00.000,2026-10-10T19:08:21.546629+00:00
02 STATEN ISLAND,Water Maintenance,9,2026-10-08T00:00:00.000,2026-10-10T19:08:21.546629+00:00
05 BROOKLYN,Street Light Condition,9,2026-10-08T00:00:00.000,2026-10-10T19:08:21.546629+00:00
03 QUEENS,Noise - Commercial,9,2026-10-08T00:00:00.000,2026-10-10T19:08:21.546629+00:00
12 MANHATTAN,Noise - Vehicle,9,2026-10-08T00:00:00.000,2026-10-10T19:08:21.546629+00:00
07 MANHATTAN,PAINT/PLASTER,9,2026-10-08T00:00:00.000,2026-10-10T19:08:21.546629+00:00
10 BRONX,Blocked Driveway,9,2026-10-08T00:00:00.000,2026-10-10T19:08:21.546629+00:00
07 BRONX,PAINT/PLASTER,9,2026-10-08T00:00:00.000,2026-10-10T19:08:21.546629+00:00
10 BROOKLYN,UNSANITARY CONDITION,9,2026-10-08T00:00:00.000,2026-10-10T19:08:21.546629+00:00
08 BRONX,UNSANITARY CONDITION,9,2026-10-08T00:00:00.000,2026-10-10T19:08:21.546629+00:00
10 MANHATTAN,Rodent,9,2026-10-08T00:00:00.000,2026-10-10T19:08:21.546629+00:00
17 BROOKLYN,PLUMBING,9,2026-10-08T00:00:00.000,2026-10-10T19:08:21.546629+00:00
11 BRONX,Blocked Driveway,9,2026-10-08T00:00:00.000,2026-10-10T19:08:21.546629+00:00
01 QUEENS,Noise - Commercial,9,2026-10-08T00:00:00.000,2026-10-10T19:08:21.546629+00:00
07 BRONX,Blocked Driveway,9,2026-10-08T00:00:00.000,2026-10-10T19:08:21.546629+00:00
02 BRONX,Noise - Residential,9,2026-10-08T00:00:00.000,2026-10-10T19:08:21.546629+00:00
02 BRONX,HEAT/HOT WATER,9,2026-10-08T00:00:00.000,2026-10-10T19:08:21.546629+00:00
12 MANHATTAN,PLUMBING,9,2026-10-08T00:00:00.000,2026-10-10T19:08:21.546629+00:00
11 BRONX,WATER LEAK,9,2026-10-08T00:00:00.000,2026-10-10T19:08:21.546629+00:00
11 BRONX,PAINT/PLASTER,9,2026-10-08T00:00:00.000,2026-10-10T19:08:21.546629+00:00
01 STATEN ISLAND,HEAT/HOT WATER,9,2026-10-08T00:00:00.000,2026-10-10T19:08:21.546629+00:00
06 QUEENS,UNSANITARY CONDITION,9,2026-10-08T00:00:00.000,2026-10-10T19:08:21.546629+00:00
04 QUEENS,Blocked Driveway,9,2026-10-08T00:00:00.000,2026-10-10T19:08:21.546629+00:00
05 QUEENS,Noise - Street/Sidewalk,9,2026-10-08T00:00:00.000,2026-10-10T19:08:21.546629+00:00
05 MANHATTAN,Noise,9,2026-10-08T00:00:00.000,2026-10-10T19:08:21.546629+00:00
06 BRONX,HEAT/HOT WATER,9,2026-10-08T00:00:00.000,2026-10-10T19:08:21.546629+00:00
11 MANHATTAN,HEAT/HOT WATER,9,2026-10-08T00:00:00.000,2026-10-10T19:08:21.546629+00:00
17 BROOKLYN,HEAT/HOT WATER,9,2026-10-08T00:00:00.000,2026-10-10T19:08:21.546629+00:00
06 BRONX,DOOR/WINDOW,9,2026-10-08T00:00:00.000,2026-10-10T19:08:21.546629+00:00
15 BROOKLYN,Water Maintenance,9,2026-10-08T00:00:00.000,2026-10-10T19:08:21.546629+00:00
14 QUEENS,Noise - Residential,9,2026-10-08T00:00:00.000,2026-10-10T19:08:21.546629+00:00
12 BRONX,PAINT/PLASTER,9,2026-10-08T00:00:00.000,2026-10-10T19:08:21.546629+00:00
02 BRONX,UNSANITARY CONDITION,9,2026-10-08T00:00:00.000,2026-10-10T19:08:21.546629+00:00
13 QUEENS,Abandoned Vehicle,9,2026-10-08T00:00:00.000,2026-10-10T19:08:21.546629+00:00
02 STATEN ISLAND,Street Condition,9,2026-10-08T00:00:00.000,2026-10-10T19:08:21.546629+00:00
12 QUEENS,Sewer Maintenance,9,2026-10-08T00:00:00.000,2026-10-10T19:08:21.546629+00:00
08 QUEENS,Blocked Driveway,9,2026-10-08T00:00:00.000,2026-10-10T19:08:21.546629+00:00
09 BRONX,Blocked Driveway,9,2026-10-08T00:00:00.000,2026-10-10T19:08:21.546629+00:00
01 BROOKLYN,Dirty Condition,9,2026-10-08T00:00:00.000,2026-10-10T19:08:21.546629+00:00
04 BRONX,Blocked Driveway,9,2026-10-08T00:00:00.000,2026-10-10T19:08:21.546629+00:00
14 QUEENS,Street Condition,9,2026-10-08T00:00:00.000,2026-10-10T19:08:21.546629+00:00
01 BRONX,UNSANITARY CONDITION,8,2026-10-08T00:00:00.000,2026-10-10T19:08:21.546629+00:00
14 QUEENS,UNSANITARY CONDITION,8,2026-10-08T00:00:00.000,2026-10-10T19:08:21.546629+00:00
09 BRONX,Street Light Condition,8,2026-10-08T00:00:00.000,2026-10-10T19:08:21.546629+00:00
08 QUEENS,UNSANITARY CONDITION,8,2026-10-08T00:00:00.000,2026-10-10T19:08:21.546629+00:00
09 BRONX,HEAT/HOT WATER,8,2026-10-08T00:00:00.000,2026-10-10T19:08:21.546629+00:00
07 MANHATTAN,Street Condition,8,2026-10-08T00:00:00.000,2026-10-10T19:08:21.546629+00:00
03 QUEENS,HEAT/HOT WATER,8,2026-10-08T00:00:00.000,2026-10-10T19:08:21.546629+00:00
03 QUEENS,Noise - Vehicle,8,2026-10-08T00:00:00.000,2026-10-10T19:08:21.546629+00:00
12 BRONX,GENERAL,8,2026-10-08T00:00:00.000,2026-10-10T19:08:21.546629+00:00
02 BROOKLYN,Dirty Condition,8,2026-10-08T00:00:00.000,2026-10-10T19:08:21.546629+00:00
05 MANHATTAN,Encampment,8,2026-10-08T00:00:00.000,2026-10-10T19:08:21.546629+00:00
02 BROOKLYN,Blocked Driveway,8,2026-10-08T00:00:00.000,2026-10-10T19:08:21.546629+00:00
12 BRONX,HEAT/HOT WATER,8,2026-10-08T00:00:00.000,2026-10-10T19:08:21.546629+00:00
05 MANHATTAN,Consumer Complaint,8,2026-10-08T00:00:00.000,2026-10-10T19:08:21.546629+00:00
11 MANHATTAN,PLUMBING,8,2026-10-08T00:00:00.000,2026-10-10T19:08:21.546629+00:00
12 BRONX,Dirty Condition,8,2026-10-08T00:00:00.000,2026-10-10T19:08:21.546629+00:00
01 MANHATTAN,Homeless Person Assistance,8,2026-10-08T00:00:00.000,2026-10-10T19:08:21.546629+00:00
05 BROOKLYN,Street Condition,8,2026-10-08T00:00:00.000,2026-10-10T19:08:21.546629+00:00
12 BRONX,DOOR/WINDOW,8,2026-10-08T00:00:00.000,2026-10-10T19:08:21.546629+00:00
12 BRONX,ELECTRIC,8,2026-10-08T00:00:00.000,2026-10-10T19:08:21.546629+00:00
08 BROOKLYN,UNSANITARY CONDITION,8,2026-10-08T00:00:00.000,2026-10-10T19:08:21.546629+00:00
08 MANHATTAN,UNSANITARY CONDITION,8,2026-10-08T00:00:00.000,2026-10-10T19:08:21.546629+00:00
08 BROOKLYN,HEAT/HOT WATER,8,2026-10-08T00:00:00.000,2026-10-10T19:08:21.546629+00:00
02 STATEN ISLAND,Blocked Driveway,8,2026-10-08T00:00:00.000,2026-10-10T19:08:21.546629+00:00
12 QUEENS,HEAT/HOT WATER,8,2026-10-08T00:00:00.000,2026-10-10T19:08:21.546629+00:00
02 QUEENS,Blocked Driveway,8,2026-10-08T00:00:00.000,2026-10-10T19:08:21.546629+00:00
04 BRONX,HEAT/HOT WATER,8,2026-10-08T00:00:00.000,2026-10-10T19:08:21.546629+00:00
07 BROOKLYN,UNSANITARY CONDITION,8,2026-10-08T00:00:00.000,2026-10-10T19:08:21.546629+00:00
07 BROOKLYN,APPLIANCE,8,2026-10-08T00:00:00.000,2026-10-10T19:08:21.546629+00:00
17 BROOKLYN,Noise - Street/Sidewalk,8,2026-10-08T00:00:00.000,2026-10-10T19:08:21.546629+00:00
12 MANHATTAN,PAINT/PLASTER,8,2026-10-08T00:00:00.000,2026-10-10T19:08:21.546629+00:00
05 MANHATTAN,Traffic Signal Condition,8,2026-10-08T00:00:00.000,2026-10-10T19:08:21.546629+00:00
04 MANHATTAN,PAINT/PLASTER,8,2026-10-08T00:00:00.000,2026-10-10T19:08:21.546629+00:00
04 MANHATTAN,Smoking or Vaping,8,2026-10-08T00:00:00.000,2026-10-10T19:08:21.546629+00:00
11 MANHATTAN,Noise,8,2026-10-08T00:00:00.000,2026-10-10T19:08:21.546629+00:00
05 QUEENS,Street Condition,8,2026-10-08T00:00:00.000,2026-10-10T19:08:21.546629+00:00
06 BRONX,PAINT/PLASTER,8,2026-10-08T00:00:00.000,2026-10-10T19:08:21.546629+00:00
17 BROOKLYN,DOOR/WINDOW,8,2026-10-08T00:00:00.000,2026-10-10T19:08:21.546629+00:00
05 BRONX,Blocked Driveway,8,2026-10-08T00:00:00.000,2026-10-10T19:08:21.546629+00:00
15 BROOKLYN,Missed Collection,8,2026-10-08T00:00:00.000,2026-10-10T19:08:21.546629+00:00
01 QUEENS,Overgrown Tree/Branches,8,2026-10-08T00:00:00.000,2026-10-10T19:08:21.546629+00:00
06 BROOKLYN,Noise,8,2026-10-08T00:00:00.000,2026-10-10T19:08:21.546629+00:00
09 QUEENS,Street Condition,8,2026-10-08T00:00:00.000,2026-10-10T19:08:21.546629+00:00
05 MANHATTAN,Food Establishment,7,2026-10-08T00:00:00.000,2026-10-10T19:08:21.546629+00:00
13 QUEENS,UNSANITARY CONDITION,7,2026-10-08T00:00:00.000,2026-10-10T19:08:21.546629+00:00
13 BROOKLYN,Noise - Residential,7,2026-10-08T00:00:00.000,2026-10-10T19:08:21.546629+00:00
01 MANHATTAN,Encampment,7,2026-10-08T00:00:00.000,2026-10-10T19:08:21.546629+00:00
01 BROOKLYN,Maintenance or Facility,7,2026-10-08T00:00:00.000,2026-10-10T19:08:21.546629+00:00
03 MANHATTAN,General Construction/Plumbing,7,2026-10-08T00:00:00.000,2026-10-10T19:08:21.546629+00:00
01 BROOKLYN,Animal in a Park,7,2026-10-08T00:00:00.000,2026-10-10T19:08:21.546629+00:00
13 QUEENS,Street Light Condition,7,2026-10-08T00:00:00.000,2026-10-10T19:08:21.546629+00:00
03 BROOKLYN,Noise,7,2026-10-08T00:00:00.000,2026-10-10T19:08:21.546629+00:00
03 BRONX,DOOR/WINDOW,7,2026-10-08T00:00:00.000,2026-10-10T19:08:21.546629+00:00
14 BROOKLYN,Noise,7,2026-10-08T00:00:00.000,2026-10-10T19:08:21.546629+00:00
18 BROOKLYN,HEAT/HOT WATER,7,2026-10-08T00:00:00.000,2026-10-10T19:08:21.546629+00:00
09 BRONX,Noise - Street/Sidewalk,7,2026-10-08T00:00:00.000,2026-10-10T19:08:21.546629+00:00
15 BROOKLYN,Noise - Street/Sidewalk,7,2026-10-08T00:00:00.000,2026-10-10T19:08:21.546629+00:00
05 BROOKLYN,SAFETY,7,2026-10-08T00:00:00.000,2026-10-10T19:08:21.546629+00:00
02 BRONX,Illegal Parking,7,2026-10-08T00:00:00.000,2026-10-10T19:08:21.546629+00:00
11 BRONX,ELECTRIC,7,2026-10-08T00:00:00.000,2026-10-10T19:08:21.546629+00:00
11 BROOKLYN,Dirty Condition,7,2026-10-08T00:00:00.000,2026-10-10T19:08:21.546629+00:00
11 BROOKLYN,HEAT/HOT WATER,7,2026-10-08T00:00:00.000,2026-10-10T19:08:21.546629+00:00
06 MANHATTAN,Water Maintenance,7,2026-10-08T00:00:00.000,2026-10-10T19:08:21.546629+00:00
06 QUEENS,Dirty Condition,7,2026-10-08T00:00:00.000,2026-10-10T19:08:21.546629+00:00
01 QUEENS,Street Condition,7,2026-10-08T00:00:00.000,2026-10-10T19:08:21.546629+00:00
03 STATEN ISLAND,Traffic Signal Condition,7,2026-10-08T00:00:00.000,2026-10-10T19:08:21.546629+00:00
12 BROOKLYN,Street Condition,7,2026-10-08T00:00:00.000,2026-10-10T19:08:21.546629+00:00
06 MANHATTAN,HEAT/HOT WATER,7,2026-10-08T00:00:00.000,2026-10-10T19:08:21.546629+00:00
11 BRONX,Street Light Condition,7,2026-10-08T00:00:00.000,2026-10-10T19:08:21.546629+00:00
11 BRONX,SAFETY,7,2026-10-08T00:00:00.000,2026-10-10T19:08:21.546629+00:00
11 BROOKLYN,Noise - Commercial,7,2026-10-08T00:00:00.000,2026-10-10T19:08:21.546629+00:00
16 BROOKLYN,ELECTRIC,7,2026-10-08T00:00:00.000,2026-10-10T19:08:21.546629+00:00
04 BRONX,APPLIANCE,7,2026-10-08T00:00:00.000,2026-10-10T19:08:21.546629+00:00
12 MANHATTAN,Traffic Signal Condition,7,2026-10-08T00:00:00.000,2026-10-10T19:08:21.546629+00:00
05 BROOKLYN,WATER LEAK,7,2026-10-08T00:00:00.000,2026-10-10T19:08:21.546629+00:00
11 QUEENS,Abandoned Vehicle,7,2026-10-08T00:00:00.000,2026-10-10T19:08:21.546629+00:00
16 BROOKLYN,PLUMBING,7,2026-10-08T00:00:00.000,2026-10-10T19:08:21.546629+00:00
15 BROOKLYN,Street Condition,7,2026-10-08T00:00:00.000,2026-10-10T19:08:21.546629+00:00
12 BRONX,OUTSIDE BUILDING,7,2026-10-08T00:00:00.000,2026-10-10T19:08:21.546629+00:00
05 BROOKLYN,DOOR/WINDOW,7,2026-10-08T00:00:00.000,2026-10-10T19:08:21.546629+00:00
17 BROOKLYN,FLOORING/STAIRS,7,2026-10-08T00:00:00.000,2026-10-10T19:08:21.546629+00:00
17 BROOKLYN,Noise,7,2026-10-08T00:00:00.000,2026-10-10T19:08:21.546629+00:00
04 MANHATTAN,Noise,7,2026-10-08T00:00:00.000,2026-10-10T19:08:21.546629+00:00
12 MANHATTAN,Elevator,7,2026-10-08T00:00:00.000,2026-10-10T19:08:21.546629+00:00
12 BROOKLYN,Noise,7,2026-10-08T00:00:00.000,2026-10-10T19:08:21.546629+00:00
04 MANHATTAN,Street Light Condition,7,2026-10-08T00:00:00.000,2026-10-10T19:08:21.546629+00:00
06 BROOKLYN,Noise - Residential,7,2026-10-08T00:00:00.000,2026-10-10T19:08:21.546629+00:00
06 BROOKLYN,Street Condition,7,2026-10-08T00:00:00.000,2026-10-10T19:08:21.546629+00:00
10 MANHATTAN,Traffic Signal Condition,7,2026-10-08T00:00:00.000,2026-10-10T19:08:21.546629+00:00
18 BROOKLYN,UNSANITARY CONDITION,7,2026-10-08T00:00:00.000,2026-10-10T19:08:21.546629+00:00
14 QUEENS,Abandoned Vehicle,7,2026-10-08T00:00:00.000,2026-10-10T19:08:21.546629+00:00
07 QUEENS,Noise - Residential,7,2026-10-08T00:00:00.000,2026-10-10T19:08:21.546629+00:00
08 BRONX,Dirty Condition,7,2026-10-08T00:00:00.000,2026-10-10T19:08:21.546629+00:00
08 BRONX,Street Light Condition,7,2026-10-08T00:00:00.000,2026-10-10T19:08:21.546629+00:00
07 QUEENS,Noise - Street/Sidewalk,7,2026-10-08T00:00:00.000,2026-10-10T19:08:21.546629+00:00
10 BROOKLYN,DOOR/WINDOW,7,2026-10-08T00:00:00.000,2026-10-10T19:08:21.546629+00:00
12 QUEENS,Damaged Tree,7,2026-10-08T00:00:00.000,2026-10-10T19:08:21.546629+00:00
03 STATEN ISLAND,Sidewalk Condition,7,2026-10-08T00:00:00.000,2026-10-10T19:08:21.546629+00:00
04 BRONX,Encampment,7,2026-10-08T00:00:00.000,2026-10-10T19:08:21.546629+00:00
04 BRONX,GENERAL,7,2026-10-08T00:00:00.000,2026-10-10T19:08:21.546629+00:00
03 STATEN ISLAND,Damaged Tree,7,2026-10-08T00:00:00.000,2026-10-10T19:08:21.546629+00:00
03 STATEN ISLAND,Missed Collection,7,2026-10-08T00:00:00.000,2026-10-10T19:08:21.546629+00:00
17 BROOKLYN,WATER LEAK,7,2026-10-08T00:00:00.000,2026-10-10T19:08:21.546629+00:00
03 MANHATTAN,Traffic Signal Condition,7,2026-10-08T00:00:00.000,2026-10-10T19:08:21.546629+00:00
01 BROOKLYN,Noise - Street/Sidewalk,7,2026-10-08T00:00:00.000,2026-10-10T19:08:21.546629+00:00
02 STATEN ISLAND,Overgrown Tree/Branches,7,2026-10-08T00:00:00.000,2026-10-10T19:08:21.546629+00:00
02 STATEN ISLAND,Obstruction,7,2026-10-08T00:00:00.000,2026-10-10T19:08:21.546629+00:00
13 QUEENS,Blocked Driveway,7,2026-10-08T00:00:00.000,2026-10-10T19:08:21.546629+00:00
03 STATEN ISLAND,Abandoned Vehicle,7,2026-10-08T00:00:00.000,2026-10-10T19:08:21.546629+00:00
03 QUEENS,Vendor Enforcement,7,2026-10-08T00:00:00.000,2026-10-10T19:08:21.546629+00:00
01 BRONX,HEAT/HOT WATER,7,2026-10-08T00:00:00.000,2026-10-10T19:08:21.546629+00:00
01 BROOKLYN,Abandoned Vehicle,7,2026-10-08T00:00:00.000,2026-10-10T19:08:21.546629+00:00
08 QUEENS,Traffic,7,2026-10-08T00:00:00.000,2026-10-10T19:08:21.546629+00:00
Unspecified MANHATTAN,Homeless Person Assistance,7,2026-10-08T00:00:00.000,2026-10-10T19:08:21.546629+00:00
Unspecified BROOKLYN,Illegal Parking,7,2026-10-08T00:00:00.000,2026-10-10T19:08:21.546629+00:00
08 QUEENS,Water Maintenance,7,2026-10-08T00:00:00.000,2026-10-10T19:08:21.546629+00:00
Unspecified BRONX,Street Light Condition,7,2026-10-08T00:00:00.000,2026-10-10T19:08:21.546629+00:00
Unspecified BROOKLYN,Street Condition,7,2026-10-08T00:00:00.000,2026-10-10T19:08:21.546629+00:00
01 BROOKLYN,General Construction/Plumbing,7,2026-10-08T00:00:00.000,2026-10-10T19:08:21.546629+00:00
Unspecified MANHATTAN,Panhandling,7,2026-10-08T00:00:00.000,2026-10-10T19:08:21.546629+00:00
Unspecified MANHATTAN,Encampment,6,2026-10-08T00:00:00.000,2026-10-10T19:08:21.546629+00:00
Unspecified MANHATTAN,Street Light Condition,6,2026-10-08T00:00:00.000,2026-10-10T19:08:21.546629+00:00
08 QUEENS,Street Condition,6,2026-10-08T00:00:00.000,2026-10-10T19:08:21.546629+00:00
01 BROOKLYN,Noise,6,2026-10-08T00:00:00.000,2026-10-10T19:08:21.546629+00:00
11 BROOKLYN,General Construction/Plumbing,6,2026-10-08T00:00:00.000,2026-10-10T19:08:21.546629+00:00
09 BRONX,Water Maintenance,6,2026-10-08T00:00:00.000,2026-10-10T19:08:21.546629+00:00
09 BROOKLYN,WATER LEAK,6,2026-10-08T00:00:00.000,2026-10-10T19:08:21.546629+00:00
07 BROOKLYN,Noise,6,2026-10-08T00:00:00.000,2026-10-10T19:08:21.546629+00:00
05 BRONX,ELECTRIC,6,2026-10-08T00:00:00.000,2026-10-10T19:08:21.546629+00:00
02 MANHATTAN,Homeless Person Assistance,6,2026-10-08T00:00:00.000,2026-10-10T19:08:21.546629+00:00
07 BROOKLYN,Noise - Street/Sidewalk,6,2026-10-08T00:00:00.000,2026-10-10T19:08:21.546629+00:00
04 QUEENS,UNSANITARY CONDITION,6,2026-10-08T00:00:00.000,2026-10-10T19:08:21.546629+00:00
04 MANHATTAN,HEAT/HOT WATER,6,2026-10-08T00:00:00.000,2026-10-10T19:08:21.546629+00:00
12 BRONX,WATER LEAK,6,2026-10-08T00:00:00.000,2026-10-10T19:08:21.546629+00:00
02 MANHATTAN,Consumer Complaint,6,2026-10-08T00:00:00.000,2026-10-10T19:08:21.546629+00:00
01 STATEN ISLAND,Water Maintenance,6,2026-10-08T00:00:00.000,2026-10-10T19:08:21.546629+00:00
07 MANHATTAN,Noise,6,2026-10-08T00:00:00.000,2026-10-10T19:08:21.546629+00:00
07 BROOKLYN,Non-Emergency Police Matter,6,2026-10-08T00:00:00.000,2026-10-10T19:08:21.546629+00:00
01 STATEN ISLAND,Missed Collection,6,2026-10-08T00:00:00.000,2026-10-10T19:08:21.546629+00:00
04 MANHATTAN,Dirty Condition,6,2026-10-08T00:00:00.000,2026-10-10T19:08:21.546629+00:00
12 BRONX,Missed Collection,6,2026-10-08T00:00:00.000,2026-10-10T19:08:21.546629+00:00
04 QUEENS,PAINT/PLASTER,6,2026-10-08T00:00:00.000,2026-10-10T19:08:21.546629+00:00
14 QUEENS,Blocked Driveway,6,2026-10-08T00:00:00.000,2026-10-10T19:08:21.546629+00:00
08 BRONX,Abandoned Vehicle,6,2026-10-08T00:00:00.000,2026-10-10T19:08:21.546629+00:00
09 BROOKLYN,Noise,6,2026-10-08T00:00:00.000,2026-10-10T19:08:21.546629+00:00
03 MANHATTAN,Graffiti,6,2026-10-08T00:00:00.000,2026-10-10T19:08:21.546629+00:00
03 MANHATTAN,For Hire Vehicle Complaint,6,2026-10-08T00:00:00.000,2026-10-10T19:08:21.546629+00:00
16 BROOKLYN,Blocked Driveway,6,2026-10-08T00:00:00.000,2026-10-10T19:08:21.546629+00:00
08 MANHATTAN,Noise - Street/Sidewalk,6,2026-10-08T00:00:00.000,2026-10-10T19:08:21.546629+00:00
04 QUEENS,Noise - Residential,6,2026-10-08T00:00:00.000,2026-10-10T19:08:21.546629+00:00
03 BRONX,GENERAL,6,2026-10-08T00:00:00.000,2026-10-10T19:08:21.546629+00:00
03 MANHATTAN,Illegal Dumping,6,2026-10-08T00:00:00.000,2026-10-10T19:08:21.546629+00:00
09 BROOKLYN,GENERAL,6,2026-10-08T00:00:00.000,2026-10-10T19:08:21.546629+00:00
08 BROOKLYN,WATER LEAK,6,2026-10-08T00:00:00.000,2026-10-10T19:08:21.546629+00:00
09 MANHATTAN,UNSANITARY CONDITION,6,2026-10-08T00:00:00.000,2026-10-10T19:08:21.546629+00:00
03 BROOKLYN,Noise - Commercial,6,2026-10-08T00:00:00.000,2026-10-10T19:08:21.546629+00:00
14 BROOKLYN,Dead Animal,6,2026-10-08T00:00:00.000,2026-10-10T19:08:21.546629+00:00
11 BRONX,PLUMBING,6,2026-10-08T00:00:00.000,2026-10-10T19:08:21.546629+00:00
03 BROOKLYN,Dirty Condition,6,2026-10-08T00:00:00.000,2026-10-10T19:08:21.546629+00:00
18 BROOKLYN,Water Maintenance,6,2026-10-08T00:00:00.000,2026-10-10T19:08:21.546629+00:00
18 BROOKLYN,General Construction/Plumbing,6,2026-10-08T00:00:00.000,2026-10-10T19:08:21.546629+00:00
13 QUEENS,Missed Collection,6,2026-10-08T00:00:00.000,2026-10-10T19:08:21.546629+00:00
01 BROOKLYN,Water Maintenance,6,2026-10-08T00:00:00.000,2026-10-10T19:08:21.546629+00:00
04 BRONX,FLOORING/STAIRS,6,2026-10-08T00:00:00.000,2026-10-10T19:08:21.546629+00:00
17 BROOKLYN,Traffic Signal Condition,6,2026-10-08T00:00:00.000,2026-10-10T19:08:21.546629+00:00
06 MANHATTAN,UNSANITARY CONDITION,6,2026-10-08T00:00:00.000,2026-10-10T19:08:21.546629+00:00
03 STATEN ISLAND,Dirty Condition,6,2026-10-08T00:00:00.000,2026-10-10T19:08:21.546629+00:00
05 BROOKLYN,Missed Collection,6,2026-10-08T00:00:00.000,2026-10-10T19:08:21.546629+00:00
05 BROOKLYN,Overgrown Tree/Branches,6,2026-10-08T00:00:00.000,2026-10-10T19:08:21.546629+00:00
10 BRONX,Noise - Vehicle,6,2026-10-08T00:00:00.000,2026-10-10T19:08:21.546629+00:00
04 BRONX,WATER LEAK,6,2026-10-08T00:00:00.000,2026-10-10T19:08:21.546629+00:00
05 BROOKLYN,HEAT/HOT WATER,6,2026-10-08T00:00:00.000,2026-10-10T19:08:21.546629+00:00
07 QUEENS,Street Condition,6,2026-10-08T00:00:00.000,2026-10-10T19:08:21.546629+00:00
11 BROOKLYN,Street Light Condition,6,2026-10-08T00:00:00.000,2026-10-10T19:08:21.546629+00:00
14 BROOKLYN,PLUMBING,6,2026-10-08T00:00:00.000,2026-10-10T19:08:21.546629+00:00
05 BROOKLYN,ELECTRIC,6,2026-10-08T00:00:00.000,2026-10-10T19:08:21.546629+00:00
05 BROOKLYN,PLUMBING,6,2026-10-08T00:00:00.000,2026-10-10T19:08:21.546629+00:00
18 BROOKLYN,Street Light Condition,6,2026-10-08T00:00:00.000,2026-10-10T19:08:21.546629+00:00
04 QUEENS,Street Condition,6,2026-10-08T00:00:00.000,2026-10-10T19:08:21.546629+00:00
02 BROOKLYN,Water Maintenance,6,2026-10-08T00:00:00.000,2026-10-10T19:08:21.546629+00:00
12 BRONX,FLOORING/STAIRS,6,2026-10-08T00:00:00.000,2026-10-10T19:08:21.546629+00:00
02 STATEN ISLAND,Abandoned Vehicle,6,2026-10-08T00:00:00.000,2026-10-10T19:08:21.546629+00:00
14 BROOKLYN,Street Sign - Damaged,6,2026-10-08T00:00:00.000,2026-10-10T19:08:21.546629+00:00
12 MANHATTAN,APPLIANCE,6,2026-10-08T00:00:00.000,2026-10-10T19:08:21.546629+00:00
07 MANHATTAN,Rodent,6,2026-10-08T00:00:00.000,2026-10-10T19:08:21.546629+00:00
12 MANHATTAN,Maintenance or Facility,6,2026-10-08T00:00:00.000,2026-10-10T19:08:21.546629+00:00
05 QUEENS,Noise - Commercial,6,2026-10-08T00:00:00.000,2026-10-10T19:08:21.546629+00:00
01 BROOKLYN,WATER LEAK,6,2026-10-08T00:00:00.000,2026-10-10T19:08:21.546629+00:00
12 MANHATTAN,Street Light Condition,6,2026-10-08T00:00:00.000,2026-10-10T19:08:21.546629+00:00
12 MANHATTAN,GENERAL,6,2026-10-08T00:00:00.000,2026-10-10T19:08:21.546629+00:00
15 BROOKLYN,Sidewalk Condition,6,2026-10-08T00:00:00.000,2026-10-10T19:08:21.546629+00:00
11 MANHATTAN,GENERAL,6,2026-10-08T00:00:00.000,2026-10-10T19:08:21.546629+00:00
05 MANHATTAN,Street Condition,6,2026-10-08T00:00:00.000,2026-10-10T19:08:21.546629+00:00
05 MANHATTAN,Noise - Vehicle,6,2026-10-08T00:00:00.000,2026-10-10T19:08:21.546629+00:00
09 MANHATTAN,PLUMBING,6,2026-10-08T00:00:00.000,2026-10-10T19:08:21.546629+00:00
10 MANHATTAN,PLUMBING,6,2026-10-08T00:00:00.000,2026-10-10T19:08:21.546629+00:00
10 MANHATTAN,PAINT/PLASTER,6,2026-10-08T00:00:00.000,2026-10-10T19:08:21.546629+00:00
10 MANHATTAN,Homeless Person Assistance,6,2026-10-08T00:00:00.000,2026-10-10T19:08:21.546629+00:00
12 BROOKLYN,Missed Collection,6,2026-10-08T00:00:00.000,2026-10-10T19:08:21.546629+00:00
04 BRONX,Dirty Condition,6,2026-10-08T00:00:00.000,2026-10-10T19:08:21.546629+00:00
09 QUEENS,Overgrown Tree/Branches,6,2026-10-08T00:00:00.000,2026-10-10T19:08:21.546629+00:00
07 MANHATTAN,HEAT/HOT WATER,6,2026-10-08T00:00:00.000,2026-10-10T19:08:21.546629+00:00
12 QUEENS,Panhandling,6,2026-10-08T00:00:00.000,2026-10-10T19:08:21.546629+00:00
17 BROOKLYN,Abandoned Vehicle,6,2026-10-08T00:00:00.000,2026-10-10T19:08:21.546629+00:00
14 BROOKLYN,Missed Collection,6,2026-10-08T00:00:00.000,2026-10-10T19:08:21.546629+00:00
01 BRONX,Noise - Street/Sidewalk,6,2026-10-08T00:00:00.000,2026-10-10T19:08:21.546629+00:00
06 BROOKLYN,Abandoned Vehicle,6,2026-10-08T00:00:00.000,2026-10-10T19:08:21.546629+00:00
11 BRONX,Noise - Street/Sidewalk,6,2026-10-08T00:00:00.000,2026-10-10T19:08:21.546629+00:00
06 MANHATTAN,Animal in a Park,6,2026-10-08T00:00:00.000,2026-10-10T19:08:21.546629+00:00
06 MANHATTAN,Homeless Person Assistance,6,2026-10-08T00:00:00.000,2026-10-10T19:08:21.546629+00:00
14 BROOKLYN,PAINT/PLASTER,5,2026-10-08T00:00:00.000,2026-10-10T19:08:21.546629+00:00
01 QUEENS,Street Light Condition,5,2026-10-08T00:00:00.000,2026-10-10T19:08:21.546629+00:00
08 MANHATTAN,General Construction/Plumbing,5,2026-10-08T00:00:00.000,2026-10-10T19:08:21.546629+00:00
01 STATEN ISLAND,PAINT/PLASTER,5,2026-10-08T00:00:00.000,2026-10-10T19:08:21.546629+00:00
01 STATEN ISLAND,General Construction/Plumbing,5,2026-10-08T00:00:00.000,2026-10-10T19:08:21.546629+00:00
07 BROOKLYN,Drug Activity,5,2026-10-08T00:00:00.000,2026-10-10T19:08:21.546629+00:00
10 BROOKLYN,Noise - Residential,5,2026-10-08T00:00:00.000,2026-10-10T19:08:21.546629+00:00
10 BROOKLYN,Blocked Driveway,5,2026-10-08T00:00:00.000,2026-10-10T19:08:21.546629+00:00
07 MANHATTAN,PLUMBING,5,2026-10-08T00:00:00.000,2026-10-10T19:08:21.546629+00:00
04 MANHATTAN,Traffic Signal Condition,5,2026-10-08T00:00:00.000,2026-10-10T19:08:21.546629+00:00
12 BRONX,Illegal Dumping,5,2026-10-08T00:00:00.000,2026-10-10T19:08:21.546629+00:00
05 BRONX,Illegal Dumping,5,2026-10-08T00:00:00.000,2026-10-10T19:08:21.546629+00:00
05 BRONX,General Construction/Plumbing,5,2026-10-08T00:00:00.000,2026-10-10T19:08:21.546629+00:00
17 BROOKLYN,Missed Collection,5,2026-10-08T00:00:00.000,2026-10-10T19:08:21.546629+00:00
17 BROOKLYN,ELECTRIC,5,2026-10-08T00:00:00.000,2026-10-10T19:08:21.546629+00:00
17 BROOKLYN,Dirty Condition,5,2026-10-08T00:00:00.000,2026-10-10T19:08:21.546629+00:00
08 MANHATTAN,Noise - Vehicle,5,2026-10-08T00:00:00.000,2026-10-10T19:08:21.546629+00:00
08 MANHATTAN,Noise - Commercial,5,2026-10-08T00:00:00.000,2026-10-10T19:08:21.546629+00:00
08 MANHATTAN,HEAT/HOT WATER,5,2026-10-08T00:00:00.000,2026-10-10T19:08:21.546629+00:00
03 BROOKLYN,Missed Collection,5,2026-10-08T00:00:00.000,2026-10-10T19:08:21.546629+00:00
09 BROOKLYN,Dirty Condition,5,2026-10-08T00:00:00.000,2026-10-10T19:08:21.546629+00:00
12 BRONX,SAFETY,5,2026-10-08T00:00:00.000,2026-10-10T19:08:21.546629+00:00
01 BROOKLYN,Traffic Signal Condition,5,2026-10-08T00:00:00.000,2026-10-10T19:08:21.546629+00:00
01 BROOKLYN,Illegal Dumping,5,2026-10-08T00:00:00.000,2026-10-10T19:08:21.546629+00:00
Unspecified BROOKLYN,Street Sweeping Complaint,5,2026-10-08T00:00:00.000,2026-10-10T19:08:21.546629+00:00
Unspecified BROOKLYN,Panhandling,5,2026-10-08T00:00:00.000,2026-10-10T19:08:21.546629+00:00
09 BRONX,DOOR/WINDOW,5,2026-10-08T00:00:00.000,2026-10-10T19:08:21.546629+00:00
55 BROOKLYN,Illegal Parking,5,2026-10-08T00:00:00.000,2026-10-10T19:08:21.546629+00:00
01 BROOKLYN,UNSANITARY CONDITION,5,2026-10-08T00:00:00.000,2026-10-10T19:08:21.546629+00:00
01 BROOKLYN,DOOR/WINDOW,5,2026-10-08T00:00:00.000,2026-10-10T19:08:21.546629+00:00
01 BROOKLYN,Rodent,5,2026-10-08T00:00:00.000,2026-10-10T19:08:21.546629+00:00
14 BROOKLYN,GENERAL,5,2026-10-08T00:00:00.000,2026-10-10T19:08:21.546629+00:00
02 STATEN ISLAND,Traffic Signal Condition,5,2026-10-08T00:00:00.000,2026-10-10T19:08:21.546629+00:00
08 BRONX,DOOR/WINDOW,5,2026-10-08T00:00:00.000,2026-10-10T19:08:21.546629+00:00
13 QUEENS,Damaged Tree,5,2026-10-08T00:00:00.000,2026-10-10T19:08:21.546629+00:00
02 STATEN ISLAND,Street Light Condition,5,2026-10-08T00:00:00.000,2026-10-10T19:08:21.546629+00:00
01 STATEN ISLAND,Obstruction,5,2026-10-08T00:00:00.000,2026-10-10T19:08:21.546629+00:00
02 BROOKLYN,Noise,5,2026-10-08T00:00:00.000,2026-10-10T19:08:21.546629+00:00
07 BROOKLYN,SAFETY,5,2026-10-08T00:00:00.000,2026-10-10T19:08:21.546629+00:00
07 BROOKLYN,Noise - Residential,5,2026-10-08T00:00:00.000,2026-10-10T19:08:21.546629+00:00
12 BROOKLYN,Illegal Dumping,5,2026-10-08T00:00:00.000,2026-10-10T19:08:21.546629+00:00
05 BRONX,APPLIANCE,5,2026-10-08T00:00:00.000,2026-10-10T19:08:21.546629+00:00
02 BROOKLYN,Street Condition,5,2026-10-08T00:00:00.000,2026-10-10T19:08:21.546629+00:00
12 MANHATTAN,Water Maintenance,5,2026-10-08T00:00:00.000,2026-10-10T19:08:21.546629+00:00
07 BRONX,GENERAL,5,2026-10-08T00:00:00.000,2026-10-10T19:08:21.546629+00:00
12 MANHATTAN,FLOORING/STAIRS,5,2026-10-08T00:00:00.000,2026-10-10T19:08:21.546629+00:00
15 BROOKLYN,Dirty Condition,5,2026-10-08T00:00:00.000,2026-10-10T19:08:21.546629+00:00
11 MANHATTAN,FLOORING/STAIRS,5,2026-10-08T00:00:00.000,2026-10-10T19:08:21.546629+00:00
05 MANHATTAN,Noise - Commercial,5,2026-10-08T00:00:00.000,2026-10-10T19:08:21.546629+00:00
11 MANHATTAN,Graffiti,5,2026-10-08T00:00:00.000,2026-10-10T19:08:21.546629+00:00
07 BROOKLYN,Dirty Condition,5,2026-10-08T00:00:00.000,2026-10-10T19:08:21.546629+00:00
06 QUEENS,PLUMBING,5,2026-10-08T00:00:00.000,2026-10-10T19:08:21.546629+00:00
07 BROOKLYN,Missed Collection,5,2026-10-08T00:00:00.000,2026-10-10T19:08:21.546629+00:00
18 BROOKLYN,Street Condition,5,2026-10-08T00:00:00.000,2026-10-10T19:08:21.546629+00:00
05 BRONX,PLUMBING,5,2026-10-08T00:00:00.000,2026-10-10T19:08:21.546629+00:00
05 BRONX,Vendor Enforcement,5,2026-10-08T00:00:00.000,2026-10-10T19:08:21.546629+00:00
05 BROOKLYN,PAINT/PLASTER,5,2026-10-08T00:00:00.000,2026-10-10T19:08:21.546629+00:00
02 QUEENS,Noise - Residential,5,2026-10-08T00:00:00.000,2026-10-10T19:08:21.546629+00:00
12 QUEENS,Illegal Dumping,5,2026-10-08T00:00:00.000,2026-10-10T19:08:21.546629+00:00
05 MANHATTAN,Animal-Abuse,5,2026-10-08T00:00:00.000,2026-10-10T19:08:21.546629+00:00
05 MANHATTAN,For Hire Vehicle Complaint,5,2026-10-08T00:00:00.000,2026-10-10T19:08:21.546629+00:00
04 BROOKLYN,UNSANITARY CONDITION,5,2026-10-08T00:00:00.000,2026-10-10T19:08:21.546629+00:00
04 BROOKLYN,Noise - Street/Sidewalk,5,2026-10-08T00:00:00.000,2026-10-10T19:08:21.546629+00:00
12 BROOKLYN,Traffic Signal Condition,5,2026-10-08T00:00:00.000,2026-10-10T19:08:21.546629+00:00
10 QUEENS,Noise - Street/Sidewalk,5,2026-10-08T00:00:00.000,2026-10-10T19:08:21.546629+00:00
10 QUEENS,Consumer Complaint,5,2026-10-08T00:00:00.000,2026-10-10T19:08:21.546629+00:00
06 MANHATTAN,Encampment,5,2026-10-08T00:00:00.000,2026-10-10T19:08:21.546629+00:00
05 QUEENS,Curb Condition,5,2026-10-08T00:00:00.000,2026-10-10T19:08:21.546629+00:00
07 QUEENS,Vendor Enforcement,5,2026-10-08T00:00:00.000,2026-10-10T19:08:21.546629+00:00
12 MANHATTAN,ELECTRIC,5,2026-10-08T00:00:00.000,2026-10-10T19:08:21.546629+00:00
04 MANHATTAN,Noise - Street/Sidewalk,5,2026-10-08T00:00:00.000,2026-10-10T19:08:21.546629+00:00
05 MANHATTAN,Street Light Condition,5,2026-10-08T00:00:00.000,2026-10-10T19:08:21.546629+00:00
11 MANHATTAN,WATER LEAK,5,2026-10-08T00:00:00.000,2026-10-10T19:08:21.546629+00:00
07 QUEENS,Missed Collection,5,2026-10-08T00:00:00.000,2026-10-10T19:08:21.546629+00:00
03 QUEENS,Noise - Street/Sidewalk,5,2026-10-08T00:00:00.000,2026-10-10T19:08:21.546629+00:00
12 QUEENS,Traffic,5,2026-10-08T00:00:00.000,2026-10-10T19:08:21.546629+00:00
03 QUEENS,Street Condition,5,2026-10-08T00:00:00.000,2026-10-10T19:08:21.546629+00:00
15 BROOKLYN,Noise,5,2026-10-08T00:00:00.000,2026-10-10T19:08:21.546629+00:00
03 QUEENS,Graffiti,5,2026-10-08T00:00:00.000,2026-10-10T19:08:21.546629+00:00
07 QUEENS,Noise,5,2026-10-08T00:00:00.000,2026-10-10T19:08:21.546629+00:00
01 STATEN ISLAND,Dirty Condition,5,2026-10-08T00:00:00.000,2026-10-10T19:08:21.546629+00:00
05 BROOKLYN,GENERAL,5,2026-10-08T00:00:00.000,2026-10-10T19:08:21.546629+00:00
07 QUEENS,Damaged Tree,5,2026-10-08T00:00:00.000,2026-10-10T19:08:21.546629+00:00
01 STATEN ISLAND,Sidewalk Condition,5,2026-10-08T00:00:00.000,2026-10-10T19:08:21.546629+00:00
07 MANHATTAN,Traffic Signal Condition,5,2026-10-08T00:00:00.000,2026-10-10T19:08:21.546629+00:00
01 QUEENS,General Construction/Plumbing,5,2026-10-08T00:00:00.000,2026-10-10T19:08:21.546629+00:00
14 QUEENS,PAINT/PLASTER,5,2026-10-08T00:00:00.000,2026-10-10T19:08:21.546629+00:00
07 QUEENS,Noise - Vehicle,5,2026-10-08T00:00:00.000,2026-10-10T19:08:21.546629+00:00
12 QUEENS,APPLIANCE,5,2026-10-08T00:00:00.000,2026-10-10T19:08:21.546629+00:00
10 QUEENS,Noise - Residential,5,2026-10-08T00:00:00.000,2026-10-10T19:08:21.546629+00:00
12 QUEENS,Non-Emergency Police Matter,5,2026-10-08T00:00:00.000,2026-10-10T19:08:21.546629+00:00
12 QUEENS,Noise,5,2026-10-08T00:00:00.000,2026-10-10T19:08:21.546629+00:00
12 QUEENS,PAINT/PLASTER,5,2026-10-08T00:00:00.000,2026-10-10T19:08:21.546629+00:00
10 MANHATTAN,Water Maintenance,5,2026-10-08T00:00:00.000,2026-10-10T19:08:21.546629+00:00
12 QUEENS,Noise - Vehicle,5,2026-10-08T00:00:00.000,2026-10-10T19:08:21.546629+00:00
01 STATEN ISLAND,Traffic Signal Condition,5,2026-10-08T00:00:00.000,2026-10-10T19:08:21.546629+00:00
16 BROOKLYN,HEAT/HOT WATER,5,2026-10-08T00:00:00.000,2026-10-10T19:08:21.546629+00:00
03 QUEENS,Noise - Park,5,2026-10-08T00:00:00.000,2026-10-10T19:08:21.546629+00:00
16 BROOKLYN,APPLIANCE,5,2026-10-08T00:00:00.000,2026-10-10T19:08:21.546629+00:00
06 BRONX,APPLIANCE,5,2026-10-08T00:00:00.000,2026-10-10T19:08:21.546629+00:00
08 QUEENS,Noise - Street/Sidewalk,5,2026-10-08T00:00:00.000,2026-10-10T19:08:21.546629+00:00
03 BROOKLYN,Blocked Driveway,5,2026-10-08T00:00:00.000,2026-10-10T19:08:21.546629+00:00
15 BROOKLYN,Street Light Condition,5,2026-10-08T00:00:00.000,2026-10-10T19:08:21.546629+00:00
09 BROOKLYN,Blocked Driveway,5,2026-10-08T00:00:00.000,2026-10-10T19:08:21.546629+00:00
02 MANHATTAN,Missed Collection,5,2026-10-08T00:00:00.000,2026-10-10T19:08:21.546629+00:00
06 BROOKLYN,Dirty Condition,5,2026-10-08T00:00:00.000,2026-10-10T19:08:21.546629+00:00
06 BROOKLYN,For Hire Vehicle Complaint,5,2026-10-08T00:00:00.000,2026-10-10T19:08:21.546629+00:00
13 QUEENS,Traffic Signal Condition,5,2026-10-08T00:00:00.000,2026-10-10T19:08:21.546629+00:00
14 BROOKLYN,Elevator,5,2026-10-08T00:00:00.000,2026-10-10T19:08:21.546629+00:00
13 QUEENS,Sewer Maintenance,5,2026-10-08T00:00:00.000,2026-10-10T19:08:21.546629+00:00
13 QUEENS,Overgrown Tree/Branches,5,2026-10-08T00:00:00.000,2026-10-10T19:08:21.546629+00:00
13 QUEENS,Sidewalk Condition,5,2026-10-08T00:00:00.000,2026-10-10T19:08:21.546629+00:00
08 MANHATTAN,Rodent,5,2026-10-08T00:00:00.000,2026-10-10T19:08:21.546629+00:00
06 MANHATTAN,Noise - Street/Sidewalk,5,2026-10-08T00:00:00.000,2026-10-10T19:08:21.546629+00:00
17 BROOKLYN,Damaged Tree,5,2026-10-08T00:00:00.000,2026-10-10T19:08:21.546629+00:00
06 BRONX,Blocked Driveway,5,2026-10-08T00:00:00.000,2026-10-10T19:08:21.546629+00:00
10 QUEENS,Street Condition,5,2026-10-08T00:00:00.000,2026-10-10T19:08:21.546629+00:00
11 BRONX,Noise - Vehicle,4,2026-10-08T00:00:00.000,2026-10-10T19:08:21.546629+00:00
06 BROOKLYN,Noise - Commercial,4,2026-10-08T00:00:00.000,2026-10-10T19:08:21.546629+00:00
11 BROOKLYN,Noise - Vehicle,4,2026-10-08T00:00:00.000,2026-10-10T19:08:21.546629+00:00
06 BROOKLYN,Missed Collection,4,2026-10-08T00:00:00.000,2026-10-10T19:08:21.546629+00:00
06 BRONX,Noise - Vehicle,4,2026-10-08T00:00:00.000,2026-10-10T19:08:21.546629+00:00
06 MANHATTAN,Street Condition,4,2026-10-08T00:00:00.000,2026-10-10T19:08:21.546629+00:00
03 BROOKLYN,DOOR/WINDOW,4,2026-10-08T00:00:00.000,2026-10-10T19:08:21.546629+00:00
03 BROOKLYN,GENERAL,4,2026-10-08T00:00:00.000,2026-10-10T19:08:21.546629+00:00
08 MANHATTAN,Street Light Condition,4,2026-10-08T00:00:00.000,2026-10-10T19:08:21.546629+00:00
08 MANHATTAN,Traffic Signal Condition,4,2026-10-08T00:00:00.000,2026-10-10T19:08:21.546629+00:00
08 MANHATTAN,Water Maintenance,4,2026-10-08T00:00:00.000,2026-10-10T19:08:21.546629+00:00
03 BROOKLYN,Encampment,4,2026-10-08T00:00:00.000,2026-10-10T19:08:21.546629+00:00
14 BROOKLYN,DOOR/WINDOW,4,2026-10-08T00:00:00.000,2026-10-10T19:08:21.546629+00:00
13 QUEENS,Noise - Residential,4,2026-10-08T00:00:00.000,2026-10-10T19:08:21.546629+00:00
02 MANHATTAN,Noise,4,2026-10-08T00:00:00.000,2026-10-10T19:08:21.546629+00:00
02 MANHATTAN,Obstruction,4,2026-10-08T00:00:00.000,2026-10-10T19:08:21.546629+00:00
01 BRONX,Blocked Driveway,4,2026-10-08T00:00:00.000,2026-10-10T19:08:21.546629+00:00
01 BRONX,PAINT/PLASTER,4,2026-10-08T00:00:00.000,2026-10-10T19:08:21.546629+00:00
14 BROOKLYN,Dirty Condition,4,2026-10-08T00:00:00.000,2026-10-10T19:08:21.546629+00:00
09 BRONX,APPLIANCE,4,2026-10-08T00:00:00.000,2026-10-10T19:08:21.546629+00:00
08 QUEENS,Drug Activity,4,2026-10-08T00:00:00.000,2026-10-10T19:08:21.546629+00:00
08 QUEENS,Illegal Dumping,4,2026-10-08T00:00:00.000,2026-10-10T19:08:21.546629+00:00
09 BROOKLYN,DOOR/WINDOW,4,2026-10-08T00:00:00.000,2026-10-10T19:08:21.546629+00:00
09 BRONX,Street Sweeping Complaint,4,2026-10-08T00:00:00.000,2026-10-10T19:08:21.546629+00:00
09 BROOKLYN,Abandoned Vehicle,4,2026-10-08T00:00:00.000,2026-10-10T19:08:21.546629+00:00
Unspecified BROOKLYN,Noise - Street/Sidewalk,4,2026-10-08T00:00:00.000,2026-10-10T19:08:21.546629+00:00
08 QUEENS,HEAT/HOT WATER,4,2026-10-08T00:00:00.000,2026-10-10T19:08:21.546629+00:00
06 BRONX,Missed Collection,4,2026-10-08T00:00:00.000,2026-10-10T19:08:21.546629+00:00
06 BROOKLYN,Blocked Driveway,4,2026-10-08T00:00:00.000,2026-10-10T19:08:21.546629+00:00
09 BRONX,Street Condition,4,2026-10-08T00:00:00.000,2026-10-10T19:08:21.546629+00:00
03 BROOKLYN,APPLIANCE,4,2026-10-08T00:00:00.000,2026-10-10T19:08:21.546629+00:00
14 BROOKLYN,Noise - Commercial,4,2026-10-08T00:00:00.000,2026-10-10T19:08:21.546629+00:00
08 BROOKLYN,PAINT/PLASTER,4,2026-10-08T00:00:00.000,2026-10-10T19:08:21.546629+00:00
09 BRONX,PLUMBING,4,2026-10-08T00:00:00.000,2026-10-10T19:08:21.546629+00:00
09 BRONX,WATER LEAK,4,2026-10-08T00:00:00.000,2026-10-10T19:08:21.546629+00:00
06 QUEENS,Street Sweeping Complaint,4,2026-10-08T00:00:00.000,2026-10-10T19:08:21.546629+00:00
16 BROOKLYN,PAINT/PLASTER,4,2026-10-08T00:00:00.000,2026-10-10T19:08:21.546629+00:00
16 BROOKLYN,Noise,4,2026-10-08T00:00:00.000,2026-10-10T19:08:21.546629+00:00
10 MANHATTAN,ELECTRIC,4,2026-10-08T00:00:00.000,2026-10-10T19:08:21.546629+00:00
18 BROOKLYN,ELECTRIC,4,2026-10-08T00:00:00.000,2026-10-10T19:08:21.546629+00:00
16 BROOKLYN,Traffic Signal Condition,4,2026-10-08T00:00:00.000,2026-10-10T19:08:21.546629+00:00
16 BROOKLYN,WATER LEAK,4,2026-10-08T00:00:00.000,2026-10-10T19:08:21.546629+00:00
17 BROOKLYN,APPLIANCE,4,2026-10-08T00:00:00.000,2026-10-10T19:08:21.546629+00:00
18 BROOKLYN,Dead/Dying Tree,4,2026-10-08T00:00:00.000,2026-10-10T19:08:21.546629+00:00
14 QUEENS,Sewer Maintenance,4,2026-10-08T00:00:00.000,2026-10-10T19:08:21.546629+00:00
02 QUEENS,Dirty Condition,4,2026-10-08T00:00:00.000,2026-10-10T19:08:21.546629+00:00
02 QUEENS,Encampment,4,2026-10-08T00:00:00.000,2026-10-10T19:08:21.546629+00:00
14 QUEENS,Water Maintenance,4,2026-10-08T00:00:00.000,2026-10-10T19:08:21.546629+00:00
14 QUEENS,PLUMBING,4,2026-10-08T00:00:00.000,2026-10-10T19:08:21.546629+00:00
02 QUEENS,General Construction/Plumbing,4,2026-10-08T00:00:00.000,2026-10-10T19:08:21.546629+00:00
07 QUEENS,Obstruction,4,2026-10-08T00:00:00.000,2026-10-10T19:08:21.546629+00:00
01 MANHATTAN,Blocked Driveway,4,2026-10-08T00:00:00.000,2026-10-10T19:08:21.546629+00:00
18 BROOKLYN,Overgrown Tree/Branches,4,2026-10-08T00:00:00.000,2026-10-10T19:08:21.546629+00:00
07 MANHATTAN,Food Establishment,4,2026-10-08T00:00:00.000,2026-10-10T19:08:21.546629+00:00
12 BROOKLYN,Street Light Condition,4,2026-10-08T00:00:00.000,2026-10-10T19:08:21.546629+00:00
10 MANHATTAN,GENERAL,4,2026-10-08T00:00:00.000,2026-10-10T19:08:21.546629+00:00
10 QUEENS,Missed Collection,4,2026-10-08T00:00:00.000,2026-10-10T19:08:21.546629+00:00
03 STATEN ISLAND,Homeless Person Assistance,4,2026-10-08T00:00:00.000,2026-10-10T19:08:21.546629+00:00
03 STATEN ISLAND,Noise - Residential,4,2026-10-08T00:00:00.000,2026-10-10T19:08:21.546629+00:00
04 BRONX,Noise - Vehicle,4,2026-10-08T00:00:00.000,2026-10-10T19:08:21.546629+00:00
03 STATEN ISLAND,Obstruction,4,2026-10-08T00:00:00.000,2026-10-10T19:08:21.546629+00:00
09 QUEENS,Homeless Person Assistance,4,2026-10-08T00:00:00.000,2026-10-10T19:08:21.546629+00:00
09 QUEENS,Illegal Dumping,4,2026-10-08T00:00:00.000,2026-10-10T19:08:21.546629+00:00
07 QUEENS,Traffic Signal Condition,4,2026-10-08T00:00:00.000,2026-10-10T19:08:21.546629+00:00
08 BRONX,HEAT/HOT WATER,4,2026-10-08T00:00:00.000,2026-10-10T19:08:21.546629+00:00
09 QUEENS,Encampment,4,2026-10-08T00:00:00.000,2026-10-10T19:08:21.546629+00:00
02 BRONX,PLUMBING,4,2026-10-08T00:00:00.000,2026-10-10T19:08:21.546629+00:00
01 STATEN ISLAND,DOOR/WINDOW,4,2026-10-08T00:00:00.000,2026-10-10T19:08:21.546629+00:00
01 STATEN ISLAND,Street Condition,4,2026-10-08T00:00:00.000,2026-10-10T19:08:21.546629+00:00
02 BROOKLYN,For Hire Vehicle Complaint,4,2026-10-08T00:00:00.000,2026-10-10T19:08:21.546629+00:00
10 BRONX,Noise - Commercial,4,2026-10-08T00:00:00.000,2026-10-10T19:08:21.546629+00:00
04 BROOKLYN,Encampment,4,2026-10-08T00:00:00.000,2026-10-10T19:08:21.546629+00:00
04 BROOKLYN,PAINT/PLASTER,4,2026-10-08T00:00:00.000,2026-10-10T19:08:21.546629+00:00
07 QUEENS,Building/Use,4,2026-10-08T00:00:00.000,2026-10-10T19:08:21.546629+00:00
10 BRONX,HEAT/HOT WATER,4,2026-10-08T00:00:00.000,2026-10-10T19:08:21.546629+00:00
07 QUEENS,Dirty Condition,4,2026-10-08T00:00:00.000,2026-10-10T19:08:21.546629+00:00
07 MANHATTAN,SAFETY,4,2026-10-08T00:00:00.000,2026-10-10T19:08:21.546629+00:00
04 QUEENS,Street Light Condition,4,2026-10-08T00:00:00.000,2026-10-10T19:08:21.546629+00:00
01 QUEENS,PLUMBING,4,2026-10-08T00:00:00.000,2026-10-10T19:08:21.546629+00:00
01 QUEENS,Noise,4,2026-10-08T00:00:00.000,2026-10-10T19:08:21.546629+00:00
05 BROOKLYN,Street Sign - Missing,4,2026-10-08T00:00:00.000,2026-10-10T19:08:21.546629+00:00
11 QUEENS,Traffic Signal Condition,4,2026-10-08T00:00:00.000,2026-10-10T19:08:21.546629+00:00
12 BRONX,APPLIANCE,4,2026-10-08T00:00:00.000,2026-10-10T19:08:21.546629+00:00
05 BRONX,WATER LEAK,4,2026-10-08T00:00:00.000,2026-10-10T19:08:21.546629+00:00
11 QUEENS,Missed Collection,4,2026-10-08T00:00:00.000,2026-10-10T19:08:21.546629+00:00
12 QUEENS,Litter Basket Request,4,2026-10-08T00:00:00.000,2026-10-10T19:08:21.546629+00:00
02 QUEENS,Traffic Signal Condition,4,2026-10-08T00:00:00.000,2026-10-10T19:08:21.546629+00:00
02 QUEENS,UNSANITARY CONDITION,4,2026-10-08T00:00:00.000,2026-10-10T19:08:21.546629+00:00
02 MANHATTAN,Traffic Signal Condition,4,2026-10-08T00:00:00.000,2026-10-10T19:08:21.546629+00:00
08 BRONX,Indoor Air Quality,4,2026-10-08T00:00:00.000,2026-10-10T19:08:21.546629+00:00
02 MANHATTAN,UNSANITARY CONDITION,4,2026-10-08T00:00:00.000,2026-10-10T19:08:21.546629+00:00
14 BROOKLYN,Water Maintenance,4,2026-10-08T00:00:00.000,2026-10-10T19:08:21.546629+00:00
14 QUEENS,Derelict Vehicles,4,2026-10-08T00:00:00.000,2026-10-10T19:08:21.546629+00:00
08 BRONX,Noise - Vehicle,4,2026-10-08T00:00:00.000,2026-10-10T19:08:21.546629+00:00
08 BRONX,Noise,4,2026-10-08T00:00:00.000,2026-10-10T19:08:21.546629+00:00
08 BRONX,PLUMBING,4,2026-10-08T00:00:00.000,2026-10-10T19:08:21.546629+00:00
08 BRONX,Street Condition,4,2026-10-08T00:00:00.000,2026-10-10T19:08:21.546629+00:00
05 MANHATTAN,PLUMBING,4,2026-10-08T00:00:00.000,2026-10-10T19:08:21.546629+00:00
05 MANHATTAN,Taxi Complaint,4,2026-10-08T00:00:00.000,2026-10-10T19:08:21.546629+00:00
06 MANHATTAN,Traffic Signal Condition,4,2026-10-08T00:00:00.000,2026-10-10T19:08:21.546629+00:00
05 BROOKLYN,Vendor Enforcement,4,2026-10-08T00:00:00.000,2026-10-10T19:08:21.546629+00:00
05 QUEENS,Noise,4,2026-10-08T00:00:00.000,2026-10-10T19:08:21.546629+00:00
10 QUEENS,Building/Use,4,2026-10-08T00:00:00.000,2026-10-10T19:08:21.546629+00:00
10 QUEENS,Damaged Tree,4,2026-10-08T00:00:00.000,2026-10-10T19:08:21.546629+00:00
04 BROOKLYN,Street Light Condition,4,2026-10-08T00:00:00.000,2026-10-10T19:08:21.546629+00:00
04 BROOKLYN,Water Maintenance,4,2026-10-08T00:00:00.000,2026-10-10T19:08:21.546629+00:00
04 BRONX,Residential Disposal Complaint,4,2026-10-08T00:00:00.000,2026-10-10T19:08:21.546629+00:00
12 BROOKLYN,Derelict Vehicles,4,2026-10-08T00:00:00.000,2026-10-10T19:08:21.546629+00:00
12 MANHATTAN,Dirty Condition,4,2026-10-08T00:00:00.000,2026-10-10T19:08:21.546629+00:00
04 MANHATTAN,Lost Property,4,2026-10-08T00:00:00.000,2026-10-10T19:08:21.546629+00:00
04 MANHATTAN,Noise - Vehicle,4,2026-10-08T00:00:00.000,2026-10-10T19:08:21.546629+00:00
12 BROOKLYN,UNSANITARY CONDITION,4,2026-10-08T00:00:00.000,2026-10-10T19:08:21.546629+00:00
12 MANHATTAN,Homeless Person Assistance,4,2026-10-08T00:00:00.000,2026-10-10T19:08:21.546629+00:00
12 MANHATTAN,Noise,4,2026-10-08T00:00:00.000,2026-10-10T19:08:21.546629+00:00
12 MANHATTAN,Street Sweeping Complaint,4,2026-10-08T00:00:00.000,2026-10-10T19:08:21.546629+00:00
10 MANHATTAN,SAFETY,4,2026-10-08T00:00:00.000,2026-10-10T19:08:21.546629+00:00
07 BRONX,Dirty Condition,4,2026-10-08T00:00:00.000,2026-10-10T19:08:21.546629+00:00
07 BRONX,Noise - Vehicle,4,2026-10-08T00:00:00.000,2026-10-10T19:08:21.546629+00:00
10 MANHATTAN,Non-Emergency Police Matter,4,2026-10-08T00:00:00.000,2026-10-10T19:08:21.546629+00:00
07 QUEENS,Illegal Dumping,4,2026-10-08T00:00:00.000,2026-10-10T19:08:21.546629+00:00
03 QUEENS,Abandoned Vehicle,4,2026-10-08T00:00:00.000,2026-10-10T19:08:21.546629+00:00
03 MANHATTAN,Dirty Condition,4,2026-10-08T00:00:00.000,2026-10-10T19:08:21.546629+00:00
12 QUEENS,Sidewalk Condition,4,2026-10-08T00:00:00.000,2026-10-10T19:08:21.546629+00:00
12 QUEENS,Street Light Condition,4,2026-10-08T00:00:00.000,2026-10-10T19:08:21.546629+00:00
13 BROOKLYN,Blocked Driveway,4,2026-10-08T00:00:00.000,2026-10-10T19:08:21.546629+00:00
01 BROOKLYN,Sidewalk Condition,4,2026-10-08T00:00:00.000,2026-10-10T19:08:21.546629+00:00
01 MANHATTAN,Street Condition,4,2026-10-08T00:00:00.000,2026-10-10T19:08:21.546629+00:00
05 QUEENS,Overgrown Tree/Branches,4,2026-10-08T00:00:00.000,2026-10-10T19:08:21.546629+00:00
05 QUEENS,Residential Disposal Complaint,4,2026-10-08T00:00:00.000,2026-10-10T19:08:21.546629+00:00
11 BRONX,GENERAL,4,2026-10-08T00:00:00.000,2026-10-10T19:08:21.546629+00:00
05 MANHATTAN,Noise - Residential,4,2026-10-08T00:00:00.000,2026-10-10T19:08:21.546629+00:00
11 BROOKLYN,Water Maintenance,4,2026-10-08T00:00:00.000,2026-10-10T19:08:21.546629+00:00
11 MANHATTAN,Maintenance or Facility,4,2026-10-08T00:00:00.000,2026-10-10T19:08:21.546629+00:00
11 MANHATTAN,DOOR/WINDOW,4,2026-10-08T00:00:00.000,2026-10-10T19:08:21.546629+00:00
11 MANHATTAN,Dirty Condition,4,2026-10-08T00:00:00.000,2026-10-10T19:08:21.546629+00:00
07 BRONX,Street Light Condition,4,2026-10-08T00:00:00.000,2026-10-10T19:08:21.546629+00:00
07 BRONX,Noise - Commercial,4,2026-10-08T00:00:00.000,2026-10-10T19:08:21.546629+00:00
06 QUEENS,PAINT/PLASTER,4,2026-10-08T00:00:00.000,2026-10-10T19:08:21.546629+00:00
12 BROOKLYN,Noise - Commercial,4,2026-10-08T00:00:00.000,2026-10-10T19:08:21.546629+00:00
12 BROOKLYN,Noise - Park,4,2026-10-08T00:00:00.000,2026-10-10T19:08:21.546629+00:00
12 BROOKLYN,General Construction/Plumbing,4,2026-10-08T00:00:00.000,2026-10-10T19:08:21.546629+00:00
04 MANHATTAN,Street Condition,4,2026-10-08T00:00:00.000,2026-10-10T19:08:21.546629+00:00
07 MANHATTAN,DOOR/WINDOW,4,2026-10-08T00:00:00.000,2026-10-10T19:08:21.546629+00:00
04 QUEENS,HEAT/HOT WATER,4,2026-10-08T00:00:00.000,2026-10-10T19:08:21.546629+00:00
12 BRONX,Noise - Street/Sidewalk,4,2026-10-08T00:00:00.000,2026-10-10T19:08:21.546629+00:00
07 MANHATTAN,Illegal Dumping,4,2026-10-08T00:00:00.000,2026-10-10T19:08:21.546629+00:00
07 MANHATTAN,Maintenance or Facility,4,2026-10-08T00:00:00.000,2026-10-10T19:08:21.546629+00:00
07 BROOKLYN,PLUMBING,4,2026-10-08T00:00:00.000,2026-10-10T19:08:21.546629+00:00
10 BRONX,Dead/Dying Tree,4,2026-10-08T00:00:00.000,2026-10-10T19:08:21.546629+00:00
07 MANHATTAN,Noise - Helicopter,4,2026-10-08T00:00:00.000,2026-10-10T19:08:21.546629+00:00
01 QUEENS,Street Sweeping Complaint,4,2026-10-08T00:00:00.000,2026-10-10T19:08:21.546629+00:00
06 BRONX,GENERAL,4,2026-10-08T00:00:00.000,2026-10-10T19:08:21.546629+00:00
01 STATEN ISLAND,GENERAL,4,2026-10-08T00:00:00.000,2026-10-10T19:08:21.546629+00:00
11 BRONX,APPLIANCE,4,2026-10-08T00:00:00.000,2026-10-10T19:08:21.546629+00:00
10 MANHATTAN,Street Light Condition,4,2026-10-08T00:00:00.000,2026-10-10T19:08:21.546629+00:00
01 STATEN ISLAND,PLUMBING,4,2026-10-08T00:00:00.000,2026-10-10T19:08:21.546629+00:00
08 MANHATTAN,For Hire Vehicle Complaint,4,2026-10-08T00:00:00.000,2026-10-10T19:08:21.546629+00:00
18 BROOKLYN,Residential Disposal Complaint,4,2026-10-08T00:00:00.000,2026-10-10T19:08:21.546629+00:00
18 BROOKLYN,Root/Sewer/Sidewalk Condition,4,2026-10-08T00:00:00.000,2026-10-10T19:08:21.546629+00:00
14 QUEENS,HEAT/HOT WATER,4,2026-10-08T00:00:00.000,2026-10-10T19:08:21.546629+00:00
14 QUEENS,General Construction/Plumbing,4,2026-10-08T00:00:00.000,2026-10-10T19:08:21.546629+00:00
08 BROOKLYN,Rodent,4,2026-10-08T00:00:00.000,2026-10-10T19:08:21.546629+00:00
03 BROOKLYN,Traffic Signal Condition,4,2026-10-08T00:00:00.000,2026-10-10T19:08:21.546629+00:00
03 MANHATTAN,Abandoned Bike,4,2026-10-08T00:00:00.000,2026-10-10T19:08:21.546629+00:00
09 BROOKLYN,FLOORING/STAIRS,4,2026-10-08T00:00:00.000,2026-10-10T19:08:21.546629+00:00
14 BROOKLYN,Noise - Vehicle,4,2026-10-08T00:00:00.000,2026-10-10T19:08:21.546629+00:00
14 BROOKLYN,Non-Emergency Police Matter,4,2026-10-08T00:00:00.000,2026-10-10T19:08:21.546629+00:00
03 MANHATTAN,Noise,4,2026-10-08T00:00:00.000,2026-10-10T19:08:21.546629+00:00
03 BROOKLYN,PAINT/PLASTER,4,2026-10-08T00:00:00.000,2026-10-10T19:08:21.546629+00:00
03 BROOKLYN,PLUMBING,4,2026-10-08T00:00:00.000,2026-10-10T19:08:21.546629+00:00
03 BROOKLYN,Street Light Condition,4,2026-10-08T00:00:00.000,2026-10-10T19:08:21.546629+00:00
03 MANHATTAN,Outdoor Dining,4,2026-10-08T00:00:00.000,2026-10-10T19:08:21.546629+00:00
03 MANHATTAN,HEAT/HOT WATER,4,2026-10-08T00:00:00.000,2026-10-10T19:08:21.546629+00:00
09 BROOKLYN,PLUMBING,4,2026-10-08T00:00:00.000,2026-10-10T19:08:21.546629+00:00
09 BROOKLYN,Traffic Signal Condition,4,2026-10-08T00:00:00.000,2026-10-10T19:08:21.546629+00:00
08 BROOKLYN,Animal-Abuse,4,2026-10-08T00:00:00.000,2026-10-10T19:08:21.546629+00:00
08 MANHATTAN,Residential Disposal Complaint,4,2026-10-08T00:00:00.000,2026-10-10T19:08:21.546629+00:00
06 BRONX,Illegal Dumping,4,2026-10-08T00:00:00.000,2026-10-10T19:08:21.546629+00:00
02 MANHATTAN,Rodent,4,2026-10-08T00:00:00.000,2026-10-10T19:08:21.546629+00:00
02 MANHATTAN,HEAT/HOT WATER,4,2026-10-08T00:00:00.000,2026-10-10T19:08:21.546629+00:00
07 BROOKLYN,Illegal Dumping,4,2026-10-08T00:00:00.000,2026-10-10T19:08:21.546629+00:00
07 BROOKLYN,Traffic Signal Condition,4,2026-10-08T00:00:00.000,2026-10-10T19:08:21.546629+00:00
10 BROOKLYN,Street Light Condition,4,2026-10-08T00:00:00.000,2026-10-10T19:08:21.546629+00:00
10 MANHATTAN,Dirty Condition,4,2026-10-08T00:00:00.000,2026-10-10T19:08:21.546629+00:00
04 BROOKLYN,Noise,4,2026-10-08T00:00:00.000,2026-10-10T19:08:21.546629+00:00
12 BROOKLYN,HEAT/HOT WATER,4,2026-10-08T00:00:00.000,2026-10-10T19:08:21.546629+00:00
10 BRONX,Sidewalk Condition,4,2026-10-08T00:00:00.000,2026-10-10T19:08:21.546629+00:00
04 MANHATTAN,Homeless Person Assistance,4,2026-10-08T00:00:00.000,2026-10-10T19:08:21.546629+00:00
12 BRONX,Street Sweeping Complaint,4,2026-10-08T00:00:00.000,2026-10-10T19:08:21.546629+00:00
12 BROOKLYN,DOOR/WINDOW,4,2026-10-08T00:00:00.000,2026-10-10T19:08:21.546629+00:00
11 QUEENS,Sidewalk Condition,4,2026-10-08T00:00:00.000,2026-10-10T19:08:21.546629+00:00
04 MANHATTAN,WATER LEAK,4,2026-10-08T00:00:00.000,2026-10-10T19:08:21.546629+00:00
11 BRONX,Noise - Commercial,4,2026-10-08T00:00:00.000,2026-10-10T19:08:21.546629+00:00
06 BROOKLYN,Traffic Signal Condition,4,2026-10-08T00:00:00.000,2026-10-10T19:08:21.546629+00:00
01 BROOKLYN,Smoking or Vaping,4,2026-10-08T00:00:00.000,2026-10-10T19:08:21.546629+00:00
01 BROOKLYN,Street Condition,4,2026-10-08T00:00:00.000,2026-10-10T19:08:21.546629+00:00
06 BROOKLYN,Street Light Condition,4,2026-10-08T00:00:00.000,2026-10-10T19:08:21.546629+00:00
09 BRONX,ELECTRIC,4,2026-10-08T00:00:00.000,2026-10-10T19:08:21.546629+00:00
09 BRONX,Dirty Condition,4,2026-10-08T00:00:00.000,2026-10-10T19:08:21.546629+00:00
Unspecified QUEENS,Highway Condition,4,2026-10-08T00:00:00.000,2026-10-10T19:08:21.546629+00:00
01 BROOKLYN,ELECTRIC,3,2026-10-08T00:00:00.000,2026-10-10T19:08:21.546629+00:00
01 BRONX,Dirty Condition,3,2026-10-08T00:00:00.000,2026-10-10T19:08:21.546629+00:00
Unspecified QUEENS,Street Condition,3,2026-10-08T00:00:00.000,2026-10-10T19:08:21.546629+00:00
Unspecified QUEENS,Street Light Condition,3,2026-10-08T00:00:00.000,2026-10-10T19:08:21.546629+00:00
01 BROOKLYN,PAINT/PLASTER,3,2026-10-08T00:00:00.000,2026-10-10T19:08:21.546629+00:00
01 BROOKLYN,Missed Collection,3,2026-10-08T00:00:00.000,2026-10-10T19:08:21.546629+00:00
01 BROOKLYN,Street Light Condition,3,2026-10-08T00:00:00.000,2026-10-10T19:08:21.546629+00:00
Unspecified BRONX,Highway Condition,3,2026-10-08T00:00:00.000,2026-10-10T19:08:21.546629+00:00
Unspecified BRONX,Illegal Parking,3,2026-10-08T00:00:00.000,2026-10-10T19:08:21.546629+00:00
80 QUEENS,Taxi Complaint,3,2026-10-08T00:00:00.000,2026-10-10T19:08:21.546629+00:00
01 BROOKLYN,Noise - Vehicle,3,2026-10-08T00:00:00.000,2026-10-10T19:08:21.546629+00:00
08 BROOKLYN,Non-Emergency Police Matter,3,2026-10-08T00:00:00.000,2026-10-10T19:08:21.546629+00:00
83 QUEENS,Lost Property,3,2026-10-08T00:00:00.000,2026-10-10T19:08:21.546629+00:00
03 BRONX,PAINT/PLASTER,3,2026-10-08T00:00:00.000,2026-10-10T19:08:21.546629+00:00
03 BRONX,WATER LEAK,3,2026-10-08T00:00:00.000,2026-10-10T19:08:21.546629+00:00
03 BRONX,Dirty Condition,3,2026-10-08T00:00:00.000,2026-10-10T19:08:21.546629+00:00
05 QUEENS,Traffic Signal Condition,3,2026-10-08T00:00:00.000,2026-10-10T19:08:21.546629+00:00
06 BRONX,Noise,3,2026-10-08T00:00:00.000,2026-10-10T19:08:21.546629+00:00
06 BROOKLYN,Air Quality,3,2026-10-08T00:00:00.000,2026-10-10T19:08:21.546629+00:00
Unspecified BROOKLYN,Noise - Vehicle,3,2026-10-08T00:00:00.000,2026-10-10T19:08:21.546629+00:00
08 QUEENS,Noise - Park,3,2026-10-08T00:00:00.000,2026-10-10T19:08:21.546629+00:00
01 BRONX,Sewer Maintenance,3,2026-10-08T00:00:00.000,2026-10-10T19:08:21.546629+00:00
08 QUEENS,Dead Animal,3,2026-10-08T00:00:00.000,2026-10-10T19:08:21.546629+00:00
08 QUEENS,Dirty Condition,3,2026-10-08T00:00:00.000,2026-10-10T19:08:21.546629+00:00
08 QUEENS,Missed Collection,3,2026-10-08T00:00:00.000,2026-10-10T19:08:21.546629+00:00
08 QUEENS,Damaged Tree,3,2026-10-08T00:00:00.000,2026-10-10T19:08:21.546629+00:00
01 BRONX,Abandoned Vehicle,3,2026-10-08T00:00:00.000,2026-10-10T19:08:21.546629+00:00
08 MANHATTAN,Non-Emergency Police Matter,3,2026-10-08T00:00:00.000,2026-10-10T19:08:21.546629+00:00
09 BRONX,Noise - Vehicle,3,2026-10-08T00:00:00.000,2026-10-10T19:08:21.546629+00:00
08 MANHATTAN,Homeless Person Assistance,3,2026-10-08T00:00:00.000,2026-10-10T19:08:21.546629+00:00
09 BROOKLYN,ELECTRIC,3,2026-10-08T00:00:00.000,2026-10-10T19:08:21.546629+00:00
09 BROOKLYN,PAINT/PLASTER,3,2026-10-08T00:00:00.000,2026-10-10T19:08:21.546629+00:00
09 BROOKLYN,Street Condition,3,2026-10-08T00:00:00.000,2026-10-10T19:08:21.546629+00:00
08 BROOKLYN,Unsanitary Animal Pvt Property,3,2026-10-08T00:00:00.000,2026-10-10T19:08:21.546629+00:00
09 BROOKLYN,Litter Basket Request,3,2026-10-08T00:00:00.000,2026-10-10T19:08:21.546629+00:00
11 BRONX,Abandoned Vehicle,3,2026-10-08T00:00:00.000,2026-10-10T19:08:21.546629+00:00
01 QUEENS,Building/Use,3,2026-10-08T00:00:00.000,2026-10-10T19:08:21.546629+00:00
02 BRONX,Blocked Driveway,3,2026-10-08T00:00:00.000,2026-10-10T19:08:21.546629+00:00
01 STATEN ISLAND,Animal-Abuse,3,2026-10-08T00:00:00.000,2026-10-10T19:08:21.546629+00:00
05 QUEENS,Food Establishment,3,2026-10-08T00:00:00.000,2026-10-10T19:08:21.546629+00:00
02 BRONX,APPLIANCE,3,2026-10-08T00:00:00.000,2026-10-10T19:08:21.546629+00:00
02 BRONX,Food Establishment,3,2026-10-08T00:00:00.000,2026-10-10T19:08:21.546629+00:00
17 BROOKLYN,GENERAL,3,2026-10-08T00:00:00.000,2026-10-10T19:08:21.546629+00:00
18 BROOKLYN,PLUMBING,3,2026-10-08T00:00:00.000,2026-10-10T19:08:21.546629+00:00
10 MANHATTAN,WATER LEAK,3,2026-10-08T00:00:00.000,2026-10-10T19:08:21.546629+00:00
11 BRONX,Elevator,3,2026-10-08T00:00:00.000,2026-10-10T19:08:21.546629+00:00
01 STATEN ISLAND,Non-Emergency Police Matter,3,2026-10-08T00:00:00.000,2026-10-10T19:08:21.546629+00:00
01 STATEN ISLAND,Overgrown Tree/Branches,3,2026-10-08T00:00:00.000,2026-10-10T19:08:21.546629+00:00
01 STATEN ISLAND,Illegal Dumping,3,2026-10-08T00:00:00.000,2026-10-10T19:08:21.546629+00:00
01 STATEN ISLAND,APPLIANCE,3,2026-10-08T00:00:00.000,2026-10-10T19:08:21.546629+00:00
01 STATEN ISLAND,Noise,3,2026-10-08T00:00:00.000,2026-10-10T19:08:21.546629+00:00
02 STATEN ISLAND,Noise,3,2026-10-08T00:00:00.000,2026-10-10T19:08:21.546629+00:00
02 STATEN ISLAND,Root/Sewer/Sidewalk Condition,3,2026-10-08T00:00:00.000,2026-10-10T19:08:21.546629+00:00
02 STATEN ISLAND,Noise - Street/Sidewalk,3,2026-10-08T00:00:00.000,2026-10-10T19:08:21.546629+00:00
02 STATEN ISLAND,Non-Emergency Police Matter,3,2026-10-08T00:00:00.000,2026-10-10T19:08:21.546629+00:00
14 QUEENS,Homeless Person Assistance,3,2026-10-08T00:00:00.000,2026-10-10T19:08:21.546629+00:00
14 QUEENS,Illegal Dumping,3,2026-10-08T00:00:00.000,2026-10-10T19:08:21.546629+00:00
08 MANHATTAN,Blocked Driveway,3,2026-10-08T00:00:00.000,2026-10-10T19:08:21.546629+00:00
08 MANHATTAN,GENERAL,3,2026-10-08T00:00:00.000,2026-10-10T19:08:21.546629+00:00
04 MANHATTAN,DOOR/WINDOW,3,2026-10-08T00:00:00.000,2026-10-10T19:08:21.546629+00:00
04 BROOKLYN,WATER LEAK,3,2026-10-08T00:00:00.000,2026-10-10T19:08:21.546629+00:00
04 BROOKLYN,Sidewalk Condition,3,2026-10-08T00:00:00.000,2026-10-10T19:08:21.546629+00:00
04 MANHATTAN,APPLIANCE,3,2026-10-08T00:00:00.000,2026-10-10T19:08:21.546629+00:00
04 BRONX,Rodent,3,2026-10-08T00:00:00.000,2026-10-10T19:08:21.546629+00:00
02 BROOKLYN,UNSANITARY CONDITION,3,2026-10-08T00:00:00.000,2026-10-10T19:08:21.546629+00:00
02 BROOKLYN,PLUMBING,3,2026-10-08T00:00:00.000,2026-10-10T19:08:21.546629+00:00
02 BROOKLYN,Panhandling,3,2026-10-08T00:00:00.000,2026-10-10T19:08:21.546629+00:00
07 BRONX,SAFETY,3,2026-10-08T00:00:00.000,2026-10-10T19:08:21.546629+00:00
15 BROOKLYN,Hazardous Material,3,2026-10-08T00:00:00.000,2026-10-10T19:08:21.546629+00:00
15 BROOKLYN,Sewer Maintenance,3,2026-10-08T00:00:00.000,2026-10-10T19:08:21.546629+00:00
15 BROOKLYN,Traffic Signal Condition,3,2026-10-08T00:00:00.000,2026-10-10T19:08:21.546629+00:00
02 BROOKLYN,Rodent,3,2026-10-08T00:00:00.000,2026-10-10T19:08:21.546629+00:00
12 BROOKLYN,Street Sweeping Complaint,3,2026-10-08T00:00:00.000,2026-10-10T19:08:21.546629+00:00
12 MANHATTAN,Rodent,3,2026-10-08T00:00:00.000,2026-10-10T19:08:21.546629+00:00
04 MANHATTAN,Noise - Commercial,3,2026-10-08T00:00:00.000,2026-10-10T19:08:21.546629+00:00
04 QUEENS,PLUMBING,3,2026-10-08T00:00:00.000,2026-10-10T19:08:21.546629+00:00
05 BRONX,Consumer Complaint,3,2026-10-08T00:00:00.000,2026-10-10T19:08:21.546629+00:00
07 BROOKLYN,ELECTRIC,3,2026-10-08T00:00:00.000,2026-10-10T19:08:21.546629+00:00
07 BROOKLYN,GENERAL,3,2026-10-08T00:00:00.000,2026-10-10T19:08:21.546629+00:00
07 BROOKLYN,HEAT/HOT WATER,3,2026-10-08T00:00:00.000,2026-10-10T19:08:21.546629+00:00
07 BROOKLYN,Homeless Person Assistance,3,2026-10-08T00:00:00.000,2026-10-10T19:08:21.546629+00:00
07 BRONX,Noise,3,2026-10-08T00:00:00.000,2026-10-10T19:08:21.546629+00:00
06 QUEENS,Non-Emergency Police Matter,3,2026-10-08T00:00:00.000,2026-10-10T19:08:21.546629+00:00
10 BROOKLYN,Illegal Dumping,3,2026-10-08T00:00:00.000,2026-10-10T19:08:21.546629+00:00
07 MANHATTAN,Lead,3,2026-10-08T00:00:00.000,2026-10-10T19:08:21.546629+00:00
07 BRONX,WATER LEAK,3,2026-10-08T00:00:00.000,2026-10-10T19:08:21.546629+00:00
04 QUEENS,Abandoned Vehicle,3,2026-10-08T00:00:00.000,2026-10-10T19:08:21.546629+00:00
15 BROOKLYN,UNSANITARY CONDITION,3,2026-10-08T00:00:00.000,2026-10-10T19:08:21.546629+00:00
04 QUEENS,Derelict Vehicles,3,2026-10-08T00:00:00.000,2026-10-10T19:08:21.546629+00:00
12 BROOKLYN,PLUMBING,3,2026-10-08T00:00:00.000,2026-10-10T19:08:21.546629+00:00
04 MANHATTAN,Illegal Dumping,3,2026-10-08T00:00:00.000,2026-10-10T19:08:21.546629+00:00
04 BROOKLYN,HEAT/HOT WATER,3,2026-10-08T00:00:00.000,2026-10-10T19:08:21.546629+00:00
12 QUEENS,DOOR/WINDOW,3,2026-10-08T00:00:00.000,2026-10-10T19:08:21.546629+00:00
12 MANHATTAN,Street Condition,3,2026-10-08T00:00:00.000,2026-10-10T19:08:21.546629+00:00
12 QUEENS,General Construction/Plumbing,3,2026-10-08T00:00:00.000,2026-10-10T19:08:21.546629+00:00
12 QUEENS,Overgrown Tree/Branches,3,2026-10-08T00:00:00.000,2026-10-10T19:08:21.546629+00:00
07 MANHATTAN,GENERAL,3,2026-10-08T00:00:00.000,2026-10-10T19:08:21.546629+00:00
01 QUEENS,Dirty Condition,3,2026-10-08T00:00:00.000,2026-10-10T19:08:21.546629+00:00
01 QUEENS,Homeless Person Assistance,3,2026-10-08T00:00:00.000,2026-10-10T19:08:21.546629+00:00
09 QUEENS,Dirty Condition,3,2026-10-08T00:00:00.000,2026-10-10T19:08:21.546629+00:00
10 BRONX,Dirty Condition,3,2026-10-08T00:00:00.000,2026-10-10T19:08:21.546629+00:00
09 QUEENS,UNSANITARY CONDITION,3,2026-10-08T00:00:00.000,2026-10-10T19:08:21.546629+00:00
10 BRONX,Illegal Dumping,3,2026-10-08T00:00:00.000,2026-10-10T19:08:21.546629+00:00
04 BRONX,Water Maintenance,3,2026-10-08T00:00:00.000,2026-10-10T19:08:21.546629+00:00
04 BROOKLYN,Drug Activity,3,2026-10-08T00:00:00.000,2026-10-10T19:08:21.546629+00:00
04 BRONX,Street Light Condition,3,2026-10-08T00:00:00.000,2026-10-10T19:08:21.546629+00:00
04 BROOKLYN,General Construction/Plumbing,3,2026-10-08T00:00:00.000,2026-10-10T19:08:21.546629+00:00
05 BROOKLYN,Sewer Maintenance,3,2026-10-08T00:00:00.000,2026-10-10T19:08:21.546629+00:00
05 BROOKLYN,Noise - Vehicle,3,2026-10-08T00:00:00.000,2026-10-10T19:08:21.546629+00:00
18 BROOKLYN,Obstruction,3,2026-10-08T00:00:00.000,2026-10-10T19:08:21.546629+00:00
07 QUEENS,Abandoned Vehicle,3,2026-10-08T00:00:00.000,2026-10-10T19:08:21.546629+00:00
07 QUEENS,Animal-Abuse,3,2026-10-08T00:00:00.000,2026-10-10T19:08:21.546629+00:00
10 BRONX,Non-Emergency Police Matter,3,2026-10-08T00:00:00.000,2026-10-10T19:08:21.546629+00:00
10 BRONX,Overgrown Tree/Branches,3,2026-10-08T00:00:00.000,2026-10-10T19:08:21.546629+00:00
09 QUEENS,Dead Animal,3,2026-10-08T00:00:00.000,2026-10-10T19:08:21.546629+00:00
05 BRONX,Street Light Condition,3,2026-10-08T00:00:00.000,2026-10-10T19:08:21.546629+00:00
05 BROOKLYN,Consumer Complaint,3,2026-10-08T00:00:00.000,2026-10-10T19:08:21.546629+00:00
05 MANHATTAN,Indoor Air Quality,3,2026-10-08T00:00:00.000,2026-10-10T19:08:21.546629+00:00
05 MANHATTAN,Lost Property,3,2026-10-08T00:00:00.000,2026-10-10T19:08:21.546629+00:00
11 MANHATTAN,PAINT/PLASTER,3,2026-10-08T00:00:00.000,2026-10-10T19:08:21.546629+00:00
11 MANHATTAN,Panhandling,3,2026-10-08T00:00:00.000,2026-10-10T19:08:21.546629+00:00
05 MANHATTAN,DOOR/WINDOW,3,2026-10-08T00:00:00.000,2026-10-10T19:08:21.546629+00:00
05 MANHATTAN,Dirty Condition,3,2026-10-08T00:00:00.000,2026-10-10T19:08:21.546629+00:00
07 QUEENS,Sewer Maintenance,3,2026-10-08T00:00:00.000,2026-10-10T19:08:21.546629+00:00
03 STATEN ISLAND,PLUMBING,3,2026-10-08T00:00:00.000,2026-10-10T19:08:21.546629+00:00
04 BRONX,Illegal Dumping,3,2026-10-08T00:00:00.000,2026-10-10T19:08:21.546629+00:00
03 STATEN ISLAND,Graffiti,3,2026-10-08T00:00:00.000,2026-10-10T19:08:21.546629+00:00
03 STATEN ISLAND,Root/Sewer/Sidewalk Condition,3,2026-10-08T00:00:00.000,2026-10-10T19:08:21.546629+00:00
03 STATEN ISLAND,Sewer Maintenance,3,2026-10-08T00:00:00.000,2026-10-10T19:08:21.546629+00:00
12 QUEENS,Maintenance or Facility,3,2026-10-08T00:00:00.000,2026-10-10T19:08:21.546629+00:00
12 MANHATTAN,Noise - Commercial,3,2026-10-08T00:00:00.000,2026-10-10T19:08:21.546629+00:00
05 BROOKLYN,General Construction/Plumbing,3,2026-10-08T00:00:00.000,2026-10-10T19:08:21.546629+00:00
10 QUEENS,Noise - Vehicle,3,2026-10-08T00:00:00.000,2026-10-10T19:08:21.546629+00:00
09 MANHATTAN,GENERAL,3,2026-10-08T00:00:00.000,2026-10-10T19:08:21.546629+00:00
09 QUEENS,PLUMBING,3,2026-10-08T00:00:00.000,2026-10-10T19:08:21.546629+00:00
09 QUEENS,Non-Emergency Police Matter,3,2026-10-08T00:00:00.000,2026-10-10T19:08:21.546629+00:00
07 MANHATTAN,Sidewalk Condition,3,2026-10-08T00:00:00.000,2026-10-10T19:08:21.546629+00:00
07 QUEENS,Root/Sewer/Sidewalk Condition,3,2026-10-08T00:00:00.000,2026-10-10T19:08:21.546629+00:00
07 QUEENS,SAFETY,3,2026-10-08T00:00:00.000,2026-10-10T19:08:21.546629+00:00
02 QUEENS,Abandoned Vehicle,3,2026-10-08T00:00:00.000,2026-10-10T19:08:21.546629+00:00
18 BROOKLYN,Damaged Tree,3,2026-10-08T00:00:00.000,2026-10-10T19:08:21.546629+00:00
07 BRONX,Animal-Abuse,3,2026-10-08T00:00:00.000,2026-10-10T19:08:21.546629+00:00
07 BRONX,APPLIANCE,3,2026-10-08T00:00:00.000,2026-10-10T19:08:21.546629+00:00
16 BROOKLYN,Encampment,3,2026-10-08T00:00:00.000,2026-10-10T19:08:21.546629+00:00
11 MANHATTAN,Street Light Condition,3,2026-10-08T00:00:00.000,2026-10-10T19:08:21.546629+00:00
01 STATEN ISLAND,Damaged Tree,3,2026-10-08T00:00:00.000,2026-10-10T19:08:21.546629+00:00
05 BROOKLYN,FLOORING/STAIRS,3,2026-10-08T00:00:00.000,2026-10-10T19:08:21.546629+00:00
17 BROOKLYN,Obstruction,3,2026-10-08T00:00:00.000,2026-10-10T19:08:21.546629+00:00
17 BROOKLYN,Overgrown Tree/Branches,3,2026-10-08T00:00:00.000,2026-10-10T19:08:21.546629+00:00
01 QUEENS,Derelict Vehicles,3,2026-10-08T00:00:00.000,2026-10-10T19:08:21.546629+00:00
14 QUEENS,Missed Collection,3,2026-10-08T00:00:00.000,2026-10-10T19:08:21.546629+00:00
02 QUEENS,HEAT/HOT WATER,3,2026-10-08T00:00:00.000,2026-10-10T19:08:21.546629+00:00
02 QUEENS,Homeless Person Assistance,3,2026-10-08T00:00:00.000,2026-10-10T19:08:21.546629+00:00
02 QUEENS,Commercial Disposal Complaint,3,2026-10-08T00:00:00.000,2026-10-10T19:08:21.546629+00:00
03 STATEN ISLAND,Encampment,3,2026-10-08T00:00:00.000,2026-10-10T19:08:21.546629+00:00
14 BROOKLYN,Street Light Condition,3,2026-10-08T00:00:00.000,2026-10-10T19:08:21.546629+00:00
15 BROOKLYN,Damaged Tree,3,2026-10-08T00:00:00.000,2026-10-10T19:08:21.546629+00:00
02 QUEENS,Noise - Vehicle,3,2026-10-08T00:00:00.000,2026-10-10T19:08:21.546629+00:00
02 QUEENS,Indoor Air Quality,3,2026-10-08T00:00:00.000,2026-10-10T19:08:21.546629+00:00
03 MANHATTAN,Street Condition,3,2026-10-08T00:00:00.000,2026-10-10T19:08:21.546629+00:00
09 MANHATTAN,Dirty Condition,3,2026-10-08T00:00:00.000,2026-10-10T19:08:21.546629+00:00
11 QUEENS,Blocked Driveway,3,2026-10-08T00:00:00.000,2026-10-10T19:08:21.546629+00:00
11 QUEENS,Building/Use,3,2026-10-08T00:00:00.000,2026-10-10T19:08:21.546629+00:00
08 BRONX,PAINT/PLASTER,3,2026-10-08T00:00:00.000,2026-10-10T19:08:21.546629+00:00
08 BROOKLYN,Dirty Condition,3,2026-10-08T00:00:00.000,2026-10-10T19:08:21.546629+00:00
08 BROOKLYN,Encampment,3,2026-10-08T00:00:00.000,2026-10-10T19:08:21.546629+00:00
08 BRONX,Traffic Signal Condition,3,2026-10-08T00:00:00.000,2026-10-10T19:08:21.546629+00:00
14 BROOKLYN,WATER LEAK,3,2026-10-08T00:00:00.000,2026-10-10T19:08:21.546629+00:00
14 QUEENS,DOOR/WINDOW,3,2026-10-08T00:00:00.000,2026-10-10T19:08:21.546629+00:00
12 QUEENS,Dead Animal,3,2026-10-08T00:00:00.000,2026-10-10T19:08:21.546629+00:00
14 BROOKLYN,Rodent,3,2026-10-08T00:00:00.000,2026-10-10T19:08:21.546629+00:00
06 QUEENS,HEAT/HOT WATER,3,2026-10-08T00:00:00.000,2026-10-10T19:08:21.546629+00:00
06 QUEENS,Missed Collection,3,2026-10-08T00:00:00.000,2026-10-10T19:08:21.546629+00:00
05 QUEENS,Missed Collection,3,2026-10-08T00:00:00.000,2026-10-10T19:08:21.546629+00:00
05 QUEENS,Noise - Residential,3,2026-10-08T00:00:00.000,2026-10-10T19:08:21.546629+00:00
05 QUEENS,Dead Animal,3,2026-10-08T00:00:00.000,2026-10-10T19:08:21.546629+00:00
05 QUEENS,Dirty Condition,3,2026-10-08T00:00:00.000,2026-10-10T19:08:21.546629+00:00
11 QUEENS,Damaged Tree,3,2026-10-08T00:00:00.000,2026-10-10T19:08:21.546629+00:00
05 MANHATTAN,Sewer Maintenance,3,2026-10-08T00:00:00.000,2026-10-10T19:08:21.546629+00:00
03 STATEN ISLAND,Industrial Waste,3,2026-10-08T00:00:00.000,2026-10-10T19:08:21.546629+00:00
06 QUEENS,Sidewalk Condition,3,2026-10-08T00:00:00.000,2026-10-10T19:08:21.546629+00:00
10 MANHATTAN,Sidewalk Condition,3,2026-10-08T00:00:00.000,2026-10-10T19:08:21.546629+00:00
10 QUEENS,Food Establishment,3,2026-10-08T00:00:00.000,2026-10-10T19:08:21.546629+00:00
10 QUEENS,Noise,3,2026-10-08T00:00:00.000,2026-10-10T19:08:21.546629+00:00
06 MANHATTAN,For Hire Vehicle Complaint,3,2026-10-08T00:00:00.000,2026-10-10T19:08:21.546629+00:00
06 QUEENS,Consumer Complaint,3,2026-10-08T00:00:00.000,2026-10-10T19:08:21.546629+00:00
06 QUEENS,DOOR/WINDOW,3,2026-10-08T00:00:00.000,2026-10-10T19:08:21.546629+00:00
08 BROOKLYN,Missed Collection,3,2026-10-08T00:00:00.000,2026-10-10T19:08:21.546629+00:00
03 BROOKLYN,Rodent,3,2026-10-08T00:00:00.000,2026-10-10T19:08:21.546629+00:00
03 BROOKLYN,Sewer Maintenance,3,2026-10-08T00:00:00.000,2026-10-10T19:08:21.546629+00:00
03 BROOKLYN,Street Condition,3,2026-10-08T00:00:00.000,2026-10-10T19:08:21.546629+00:00
13 BROOKLYN,Maintenance or Facility,3,2026-10-08T00:00:00.000,2026-10-10T19:08:21.546629+00:00
13 QUEENS,DOOR/WINDOW,3,2026-10-08T00:00:00.000,2026-10-10T19:08:21.546629+00:00
13 QUEENS,Dirty Condition,3,2026-10-08T00:00:00.000,2026-10-10T19:08:21.546629+00:00
02 STATEN ISLAND,Sewer Maintenance,3,2026-10-08T00:00:00.000,2026-10-10T19:08:21.546629+00:00
01 MANHATTAN,Traffic Signal Condition,3,2026-10-08T00:00:00.000,2026-10-10T19:08:21.546629+00:00
03 STATEN ISLAND,Blocked Driveway,3,2026-10-08T00:00:00.000,2026-10-10T19:08:21.546629+00:00
03 QUEENS,Sidewalk Condition,3,2026-10-08T00:00:00.000,2026-10-10T19:08:21.546629+00:00
12 QUEENS,ELECTRIC,3,2026-10-08T00:00:00.000,2026-10-10T19:08:21.546629+00:00
12 QUEENS,Encampment,3,2026-10-08T00:00:00.000,2026-10-10T19:08:21.546629+00:00
03 QUEENS,Non-Emergency Police Matter,3,2026-10-08T00:00:00.000,2026-10-10T19:08:21.546629+00:00
03 MANHATTAN,Real Time Enforcement,3,2026-10-08T00:00:00.000,2026-10-10T19:08:21.546629+00:00
09 MANHATTAN,Noise - Commercial,3,2026-10-08T00:00:00.000,2026-10-10T19:08:21.546629+00:00
05 QUEENS,SAFETY,3,2026-10-08T00:00:00.000,2026-10-10T19:08:21.546629+00:00
05 QUEENS,Sewer Maintenance,3,2026-10-08T00:00:00.000,2026-10-10T19:08:21.546629+00:00
05 QUEENS,Sidewalk Condition,3,2026-10-08T00:00:00.000,2026-10-10T19:08:21.546629+00:00
11 BRONX,Derelict Vehicles,3,2026-10-08T00:00:00.000,2026-10-10T19:08:21.546629+00:00
10 QUEENS,UNSANITARY CONDITION,3,2026-10-08T00:00:00.000,2026-10-10T19:08:21.546629+00:00
01 BROOKLYN,Lead,3,2026-10-08T00:00:00.000,2026-10-10T19:08:21.546629+00:00
18 BROOKLYN,Food Establishment,3,2026-10-08T00:00:00.000,2026-10-10T19:08:21.546629+00:00
01 MANHATTAN,Taxi Complaint,3,2026-10-08T00:00:00.000,2026-10-10T19:08:21.546629+00:00
11 MANHATTAN,Rodent,3,2026-10-08T00:00:00.000,2026-10-10T19:08:21.546629+00:00
11 QUEENS,Noise,3,2026-10-08T00:00:00.000,2026-10-10T19:08:21.546629+00:00
11 MANHATTAN,Traffic Signal Condition,3,2026-10-08T00:00:00.000,2026-10-10T19:08:21.546629+00:00
06 BRONX,ELECTRIC,3,2026-10-08T00:00:00.000,2026-10-10T19:08:21.546629+00:00
11 MANHATTAN,ELECTRIC,3,2026-10-08T00:00:00.000,2026-10-10T19:08:21.546629+00:00
05 MANHATTAN,Noise - Street/Sidewalk,3,2026-10-08T00:00:00.000,2026-10-10T19:08:21.546629+00:00
05 QUEENS,Rodent,3,2026-10-08T00:00:00.000,2026-10-10T19:08:21.546629+00:00
05 QUEENS,Root/Sewer/Sidewalk Condition,3,2026-10-08T00:00:00.000,2026-10-10T19:08:21.546629+00:00
Unspecified STATEN ISLAND,Highway Condition,3,2026-10-08T00:00:00.000,2026-10-10T19:08:21.546629+00:00
Unspecified BROOKLYN,Broken Parking Meter,3,2026-10-08T00:00:00.000,2026-10-10T19:08:21.546629+00:00
Unspecified MANHATTAN,Broken Parking Meter,3,2026-10-08T00:00:00.000,2026-10-10T19:08:21.546629+00:00
08 QUEENS,Street Light Condition,3,2026-10-08T00:00:00.000,2026-10-10T19:08:21.546629+00:00
Unspecified MANHATTAN,Street Condition,3,2026-10-08T00:00:00.000,2026-10-10T19:08:21.546629+00:00
01 BROOKLYN,Dead Animal,3,2026-10-08T00:00:00.000,2026-10-10T19:08:21.546629+00:00
Unspecified QUEENS,Homeless Person Assistance,3,2026-10-08T00:00:00.000,2026-10-10T19:08:21.546629+00:00
09 BRONX,Abandoned Vehicle,3,2026-10-08T00:00:00.000,2026-10-10T19:08:21.546629+00:00
11 BRONX,Overgrown Tree/Branches,3,2026-10-08T00:00:00.000,2026-10-10T19:08:21.546629+00:00
11 BRONX,Water Maintenance,3,2026-10-08T00:00:00.000,2026-10-10T19:08:21.546629+00:00
11 BROOKLYN,Noise - Street/Sidewalk,3,2026-10-08T00:00:00.000,2026-10-10T19:08:21.546629+00:00
06 BROOKLYN,PLUMBING,3,2026-10-08T00:00:00.000,2026-10-10T19:08:21.546629+00:00
06 BROOKLYN,Sidewalk Condition,3,2026-10-08T00:00:00.000,2026-10-10T19:08:21.546629+00:00
06 BROOKLYN,UNSANITARY CONDITION,3,2026-10-08T00:00:00.000,2026-10-10T19:08:21.546629+00:00
06 BROOKLYN,General Construction/Plumbing,3,2026-10-08T00:00:00.000,2026-10-10T19:08:21.546629+00:00
06 BROOKLYN,DOOR/WINDOW,3,2026-10-08T00:00:00.000,2026-10-10T19:08:21.546629+00:00
02 STATEN ISLAND,Unleashed Dog,3,2026-10-08T00:00:00.000,2026-10-10T19:08:21.546629+00:00
03 BRONX,Abandoned Vehicle,3,2026-10-08T00:00:00.000,2026-10-10T19:08:21.546629+00:00
03 BRONX,SAFETY,3,2026-10-08T00:00:00.000,2026-10-10T19:08:21.546629+00:00
17 BROOKLYN,Consumer Complaint,3,2026-10-08T00:00:00.000,2026-10-10T19:08:21.546629+00:00
06 MANHATTAN,Taxi Complaint,3,2026-10-08T00:00:00.000,2026-10-10T19:08:21.546629+00:00
06 MANHATTAN,Noise - Commercial,3,2026-10-08T00:00:00.000,2026-10-10T19:08:21.546629+00:00
10 QUEENS,Water Maintenance,3,2026-10-08T00:00:00.000,2026-10-10T19:08:21.546629+00:00
10 QUEENS,Rodent,3,2026-10-08T00:00:00.000,2026-10-10T19:08:21.546629+00:00
03 BROOKLYN,Maintenance or Facility,3,2026-10-08T00:00:00.000,2026-10-10T19:08:21.546629+00:00
13 BROOKLYN,Sidewalk Condition,3,2026-10-08T00:00:00.000,2026-10-10T19:08:21.546629+00:00
03 BRONX,Traffic Signal Condition,3,2026-10-08T00:00:00.000,2026-10-10T19:08:21.546629+00:00
02 STATEN ISLAND,Traffic,3,2026-10-08T00:00:00.000,2026-10-10T19:08:21.546629+00:00
14 BROOKLYN,Damaged Tree,3,2026-10-08T00:00:00.000,2026-10-10T19:08:21.546629+00:00
14 BROOKLYN,FLOORING/STAIRS,3,2026-10-08T00:00:00.000,2026-10-10T19:08:21.546629+00:00
14 BROOKLYN,Illegal Dumping,3,2026-10-08T00:00:00.000,2026-10-10T19:08:21.546629+00:00
03 BROOKLYN,General Construction/Plumbing,3,2026-10-08T00:00:00.000,2026-10-10T19:08:21.546629+00:00
04 QUEENS,Noise - Vehicle,3,2026-10-08T00:00:00.000,2026-10-10T19:08:21.546629+00:00
04 MANHATTAN,GENERAL,3,2026-10-08T00:00:00.000,2026-10-10T19:08:21.546629+00:00
02 MANHATTAN,Outdoor Dining,3,2026-10-08T00:00:00.000,2026-10-10T19:08:21.546629+00:00
07 MANHATTAN,Non-Emergency Police Matter,3,2026-10-08T00:00:00.000,2026-10-10T19:08:21.546629+00:00
07 MANHATTAN,Noise - Commercial,3,2026-10-08T00:00:00.000,2026-10-10T19:08:21.546629+00:00
07 MANHATTAN,Obstruction,3,2026-10-08T00:00:00.000,2026-10-10T19:08:21.546629+00:00
07 MANHATTAN,Residential Disposal Complaint,3,2026-10-08T00:00:00.000,2026-10-10T19:08:21.546629+00:00
10 BROOKLYN,Dirty Condition,3,2026-10-08T00:00:00.000,2026-10-10T19:08:21.546629+00:00
07 BROOKLYN,Street Sweeping Complaint,3,2026-10-08T00:00:00.000,2026-10-10T19:08:21.546629+00:00
10 BROOKLYN,PAINT/PLASTER,3,2026-10-08T00:00:00.000,2026-10-10T19:08:21.546629+00:00
10 MANHATTAN,Blocked Driveway,3,2026-10-08T00:00:00.000,2026-10-10T19:08:21.546629+00:00
10 MANHATTAN,DOOR/WINDOW,3,2026-10-08T00:00:00.000,2026-10-10T19:08:21.546629+00:00
07 BRONX,Elevator,3,2026-10-08T00:00:00.000,2026-10-10T19:08:21.546629+00:00
10 BROOKLYN,Sidewalk Condition,3,2026-10-08T00:00:00.000,2026-10-10T19:08:21.546629+00:00
02 BROOKLYN,Noise - Commercial,3,2026-10-08T00:00:00.000,2026-10-10T19:08:21.546629+00:00
04 QUEENS,Noise - Street/Sidewalk,3,2026-10-08T00:00:00.000,2026-10-10T19:08:21.546629+00:00
04 MANHATTAN,Water Maintenance,3,2026-10-08T00:00:00.000,2026-10-10T19:08:21.546629+00:00
05 BRONX,Dirty Condition,3,2026-10-08T00:00:00.000,2026-10-10T19:08:21.546629+00:00
05 BRONX,FLOORING/STAIRS,3,2026-10-08T00:00:00.000,2026-10-10T19:08:21.546629+00:00
05 BRONX,GENERAL,3,2026-10-08T00:00:00.000,2026-10-10T19:08:21.546629+00:00
04 MANHATTAN,General Construction/Plumbing,3,2026-10-08T00:00:00.000,2026-10-10T19:08:21.546629+00:00
04 QUEENS,Vendor Enforcement,3,2026-10-08T00:00:00.000,2026-10-10T19:08:21.546629+00:00
04 BROOKLYN,Noise - Commercial,3,2026-10-08T00:00:00.000,2026-10-10T19:08:21.546629+00:00
07 BROOKLYN,Rodent,3,2026-10-08T00:00:00.000,2026-10-10T19:08:21.546629+00:00
Unspecified QUEENS,Broken Parking Meter,3,2026-10-08T00:00:00.000,2026-10-10T19:08:21.546629+00:00
02 MANHATTAN,Maintenance or Facility,3,2026-10-08T00:00:00.000,2026-10-10T19:08:21.546629+00:00
02 MANHATTAN,Noise - Residential,3,2026-10-08T00:00:00.000,2026-10-10T19:08:21.546629+00:00
14 QUEENS,Noise - Commercial,3,2026-10-08T00:00:00.000,2026-10-10T19:08:21.546629+00:00
02 MANHATTAN,General Construction/Plumbing,3,2026-10-08T00:00:00.000,2026-10-10T19:08:21.546629+00:00
12 BRONX,Water Maintenance,3,2026-10-08T00:00:00.000,2026-10-10T19:08:21.546629+00:00
11 QUEENS,Overgrown Tree/Branches,3,2026-10-08T00:00:00.000,2026-10-10T19:08:21.546629+00:00
05 BRONX,SAFETY,3,2026-10-08T00:00:00.000,2026-10-10T19:08:21.546629+00:00
0 Unspecified,Derelict Vehicles,2,2026-10-08T00:00:00.000,2026-10-10T19:08:21.546629+00:00
01 BROOKLYN,Damaged Tree,2,2026-10-08T00:00:00.000,2026-10-10T19:08:21.546629+00:00
01 BROOKLYN,APPLIANCE,2,2026-10-08T00:00:00.000,2026-10-10T19:08:21.546629+00:00
01 BROOKLYN,Encampment,2,2026-10-08T00:00:00.000,2026-10-10T19:08:21.546629+00:00
01 BROOKLYN,Homeless Person Assistance,2,2026-10-08T00:00:00.000,2026-10-10T19:08:21.546629+00:00
13 QUEENS,Non-Emergency Police Matter,2,2026-10-08T00:00:00.000,2026-10-10T19:08:21.546629+00:00
13 QUEENS,Obstruction,2,2026-10-08T00:00:00.000,2026-10-10T19:08:21.546629+00:00
13 QUEENS,Root/Sewer/Sidewalk Condition,2,2026-10-08T00:00:00.000,2026-10-10T19:08:21.546629+00:00
13 QUEENS,SAFETY,2,2026-10-08T00:00:00.000,2026-10-10T19:08:21.546629+00:00
13 BROOKLYN,Noise,2,2026-10-08T00:00:00.000,2026-10-10T19:08:21.546629+00:00
13 BROOKLYN,Noise - Street/Sidewalk,2,2026-10-08T00:00:00.000,2026-10-10T19:08:21.546629+00:00
13 BROOKLYN,Non-Emergency Police Matter,2,2026-10-08T00:00:00.000,2026-10-10T19:08:21.546629+00:00
13 BROOKLYN,Obstruction,2,2026-10-08T00:00:00.000,2026-10-10T19:08:21.546629+00:00
03 BRONX,Unsanitary Animal Pvt Property,2,2026-10-08T00:00:00.000,2026-10-10T19:08:21.546629+00:00
03 BROOKLYN,FLOORING/STAIRS,2,2026-10-08T00:00:00.000,2026-10-10T19:08:21.546629+00:00
03 BROOKLYN,Curb Condition,2,2026-10-08T00:00:00.000,2026-10-10T19:08:21.546629+00:00
02 STATEN ISLAND,UNSANITARY CONDITION,2,2026-10-08T00:00:00.000,2026-10-10T19:08:21.546629+00:00
02 STATEN ISLAND,Unsanitary Animal Pvt Property,2,2026-10-08T00:00:00.000,2026-10-10T19:08:21.546629+00:00
03 BRONX,APPLIANCE,2,2026-10-08T00:00:00.000,2026-10-10T19:08:21.546629+00:00
13 QUEENS,Noise - Street/Sidewalk,2,2026-10-08T00:00:00.000,2026-10-10T19:08:21.546629+00:00
13 QUEENS,Noise - Vehicle,2,2026-10-08T00:00:00.000,2026-10-10T19:08:21.546629+00:00
09 BROOKLYN,Rodent,2,2026-10-08T00:00:00.000,2026-10-10T19:08:21.546629+00:00
09 BROOKLYN,Water Maintenance,2,2026-10-08T00:00:00.000,2026-10-10T19:08:21.546629+00:00
09 BROOKLYN,Noise - Commercial,2,2026-10-08T00:00:00.000,2026-10-10T19:08:21.546629+00:00
09 BRONX,Noise,2,2026-10-08T00:00:00.000,2026-10-10T19:08:21.546629+00:00
08 MANHATTAN,Street Condition,2,2026-10-08T00:00:00.000,2026-10-10T19:08:21.546629+00:00
08 MANHATTAN,Missed Collection,2,2026-10-08T00:00:00.000,2026-10-10T19:08:21.546629+00:00
08 MANHATTAN,Vendor Enforcement,2,2026-10-08T00:00:00.000,2026-10-10T19:08:21.546629+00:00
03 BROOKLYN,ELECTRIC,2,2026-10-08T00:00:00.000,2026-10-10T19:08:21.546629+00:00
03 MANHATTAN,Missed Collection,2,2026-10-08T00:00:00.000,2026-10-10T19:08:21.546629+00:00
03 MANHATTAN,Noise - Vehicle,2,2026-10-08T00:00:00.000,2026-10-10T19:08:21.546629+00:00
03 MANHATTAN,PLUMBING,2,2026-10-08T00:00:00.000,2026-10-10T19:08:21.546629+00:00
13 BROOKLYN,PLUMBING,2,2026-10-08T00:00:00.000,2026-10-10T19:08:21.546629+00:00
13 BROOKLYN,Sewer Maintenance,2,2026-10-08T00:00:00.000,2026-10-10T19:08:21.546629+00:00
14 BROOKLYN,Street Sweeping Complaint,2,2026-10-08T00:00:00.000,2026-10-10T19:08:21.546629+00:00
08 BRONX,Water Maintenance,2,2026-10-08T00:00:00.000,2026-10-10T19:08:21.546629+00:00
09 BROOKLYN,Maintenance or Facility,2,2026-10-08T00:00:00.000,2026-10-10T19:08:21.546629+00:00
06 BRONX,Non-Emergency Police Matter,2,2026-10-08T00:00:00.000,2026-10-10T19:08:21.546629+00:00
01 QUEENS,Non-Emergency Police Matter,2,2026-10-08T00:00:00.000,2026-10-10T19:08:21.546629+00:00
17 BROOKLYN,Illegal Dumping,2,2026-10-08T00:00:00.000,2026-10-10T19:08:21.546629+00:00
17 BROOKLYN,Litter Basket Request,2,2026-10-08T00:00:00.000,2026-10-10T19:08:21.546629+00:00
16 BROOKLYN,Damaged Tree,2,2026-10-08T00:00:00.000,2026-10-10T19:08:21.546629+00:00
17 BROOKLYN,Lead,2,2026-10-08T00:00:00.000,2026-10-10T19:08:21.546629+00:00
01 STATEN ISLAND,WATER LEAK,2,2026-10-08T00:00:00.000,2026-10-10T19:08:21.546629+00:00
02 BRONX,Elevator,2,2026-10-08T00:00:00.000,2026-10-10T19:08:21.546629+00:00
10 QUEENS,Sewer Maintenance,2,2026-10-08T00:00:00.000,2026-10-10T19:08:21.546629+00:00
06 MANHATTAN,Lead,2,2026-10-08T00:00:00.000,2026-10-10T19:08:21.546629+00:00
06 MANHATTAN,Lost Property,2,2026-10-08T00:00:00.000,2026-10-10T19:08:21.546629+00:00
06 MANHATTAN,Dead/Dying Tree,2,2026-10-08T00:00:00.000,2026-10-10T19:08:21.546629+00:00
06 MANHATTAN,Noise - Helicopter,2,2026-10-08T00:00:00.000,2026-10-10T19:08:21.546629+00:00
06 MANHATTAN,Graffiti,2,2026-10-08T00:00:00.000,2026-10-10T19:08:21.546629+00:00
06 BROOKLYN,Lead,2,2026-10-08T00:00:00.000,2026-10-10T19:08:21.546629+00:00
06 BRONX,Homeless Person Assistance,2,2026-10-08T00:00:00.000,2026-10-10T19:08:21.546629+00:00
06 MANHATTAN,Consumer Complaint,2,2026-10-08T00:00:00.000,2026-10-10T19:08:21.546629+00:00
06 BROOKLYN,Root/Sewer/Sidewalk Condition,2,2026-10-08T00:00:00.000,2026-10-10T19:08:21.546629+00:00
06 BRONX,Sidewalk Condition,2,2026-10-08T00:00:00.000,2026-10-10T19:08:21.546629+00:00
06 BRONX,Street Condition,2,2026-10-08T00:00:00.000,2026-10-10T19:08:21.546629+00:00
06 BRONX,Unsanitary Animal Pvt Property,2,2026-10-08T00:00:00.000,2026-10-10T19:08:21.546629+00:00
06 BRONX,WATER LEAK,2,2026-10-08T00:00:00.000,2026-10-10T19:08:21.546629+00:00
11 BROOKLYN,Abandoned Vehicle,2,2026-10-08T00:00:00.000,2026-10-10T19:08:21.546629+00:00
11 BRONX,Rodent,2,2026-10-08T00:00:00.000,2026-10-10T19:08:21.546629+00:00
06 BRONX,Abandoned Vehicle,2,2026-10-08T00:00:00.000,2026-10-10T19:08:21.546629+00:00
11 BROOKLYN,Noise,2,2026-10-08T00:00:00.000,2026-10-10T19:08:21.546629+00:00
11 BROOKLYN,Non-Emergency Police Matter,2,2026-10-08T00:00:00.000,2026-10-10T19:08:21.546629+00:00
11 BROOKLYN,PAINT/PLASTER,2,2026-10-08T00:00:00.000,2026-10-10T19:08:21.546629+00:00
11 BROOKLYN,Illegal Dumping,2,2026-10-08T00:00:00.000,2026-10-10T19:08:21.546629+00:00
11 BRONX,Noise,2,2026-10-08T00:00:00.000,2026-10-10T19:08:21.546629+00:00
06 BROOKLYN,Non-Emergency Police Matter,2,2026-10-08T00:00:00.000,2026-10-10T19:08:21.546629+00:00
06 MANHATTAN,Building/Use,2,2026-10-08T00:00:00.000,2026-10-10T19:08:21.546629+00:00
11 BROOKLYN,Curb Condition,2,2026-10-08T00:00:00.000,2026-10-10T19:08:21.546629+00:00
11 BROOKLYN,Damaged Tree,2,2026-10-08T00:00:00.000,2026-10-10T19:08:21.546629+00:00
11 BROOKLYN,Dead Animal,2,2026-10-08T00:00:00.000,2026-10-10T19:08:21.546629+00:00
06 BRONX,Derelict Vehicles,2,2026-10-08T00:00:00.000,2026-10-10T19:08:21.546629+00:00
11 BROOKLYN,Sidewalk Condition,2,2026-10-08T00:00:00.000,2026-10-10T19:08:21.546629+00:00
11 BROOKLYN,Street Condition,2,2026-10-08T00:00:00.000,2026-10-10T19:08:21.546629+00:00
05 MANHATTAN,Mobile Food Vendor,2,2026-10-08T00:00:00.000,2026-10-10T19:08:21.546629+00:00
05 MANHATTAN,WATER LEAK,2,2026-10-08T00:00:00.000,2026-10-10T19:08:21.546629+00:00
05 QUEENS,Non-Emergency Police Matter,2,2026-10-08T00:00:00.000,2026-10-10T19:08:21.546629+00:00
05 QUEENS,Obstruction,2,2026-10-08T00:00:00.000,2026-10-10T19:08:21.546629+00:00
05 QUEENS,Street Sign - Damaged,2,2026-10-08T00:00:00.000,2026-10-10T19:08:21.546629+00:00
05 MANHATTAN,Outdoor Dining,2,2026-10-08T00:00:00.000,2026-10-10T19:08:21.546629+00:00
11 MANHATTAN,APPLIANCE,2,2026-10-08T00:00:00.000,2026-10-10T19:08:21.546629+00:00
11 BROOKLYN,Real Time Enforcement,2,2026-10-08T00:00:00.000,2026-10-10T19:08:21.546629+00:00
11 BROOKLYN,Root/Sewer/Sidewalk Condition,2,2026-10-08T00:00:00.000,2026-10-10T19:08:21.546629+00:00
11 MANHATTAN,Consumer Complaint,2,2026-10-08T00:00:00.000,2026-10-10T19:08:21.546629+00:00
01 QUEENS,Sewer Maintenance,2,2026-10-08T00:00:00.000,2026-10-10T19:08:21.546629+00:00
01 QUEENS,Consumer Complaint,2,2026-10-08T00:00:00.000,2026-10-10T19:08:21.546629+00:00
01 STATEN ISLAND,Graffiti,2,2026-10-08T00:00:00.000,2026-10-10T19:08:21.546629+00:00
01 STATEN ISLAND,ELECTRIC,2,2026-10-08T00:00:00.000,2026-10-10T19:08:21.546629+00:00
10 QUEENS,Obstruction,2,2026-10-08T00:00:00.000,2026-10-10T19:08:21.546629+00:00
10 QUEENS,Overgrown Tree/Branches,2,2026-10-08T00:00:00.000,2026-10-10T19:08:21.546629+00:00
11 BRONX,DOOR/WINDOW,2,2026-10-08T00:00:00.000,2026-10-10T19:08:21.546629+00:00
11 BRONX,Dirty Condition,2,2026-10-08T00:00:00.000,2026-10-10T19:08:21.546629+00:00
02 BRONX,Missed Collection,2,2026-10-08T00:00:00.000,2026-10-10T19:08:21.546629+00:00
02 BRONX,Noise - Street/Sidewalk,2,2026-10-08T00:00:00.000,2026-10-10T19:08:21.546629+00:00
02 BRONX,DOOR/WINDOW,2,2026-10-08T00:00:00.000,2026-10-10T19:08:21.546629+00:00
06 BRONX,FLOORING/STAIRS,2,2026-10-08T00:00:00.000,2026-10-10T19:08:21.546629+00:00
05 QUEENS,ELECTRIC,2,2026-10-08T00:00:00.000,2026-10-10T19:08:21.546629+00:00
05 QUEENS,Graffiti,2,2026-10-08T00:00:00.000,2026-10-10T19:08:21.546629+00:00
11 BRONX,Animal-Abuse,2,2026-10-08T00:00:00.000,2026-10-10T19:08:21.546629+00:00
01 QUEENS,Unleashed Dog,2,2026-10-08T00:00:00.000,2026-10-10T19:08:21.546629+00:00
02 BROOKLYN,Encampment,2,2026-10-08T00:00:00.000,2026-10-10T19:08:21.546629+00:00
02 BROOKLYN,Hazardous Material,2,2026-10-08T00:00:00.000,2026-10-10T19:08:21.546629+00:00
16 BROOKLYN,Illegal Dumping,2,2026-10-08T00:00:00.000,2026-10-10T19:08:21.546629+00:00
16 BROOKLYN,Obstruction,2,2026-10-08T00:00:00.000,2026-10-10T19:08:21.546629+00:00
16 BROOKLYN,Sanitation Worker or Vehicle Complaint,2,2026-10-08T00:00:00.000,2026-10-10T19:08:21.546629+00:00
16 BROOKLYN,Street Condition,2,2026-10-08T00:00:00.000,2026-10-10T19:08:21.546629+00:00
16 BROOKLYN,Indoor Air Quality,2,2026-10-08T00:00:00.000,2026-10-10T19:08:21.546629+00:00
11 MANHATTAN,Vendor Enforcement,2,2026-10-08T00:00:00.000,2026-10-10T19:08:21.546629+00:00
10 MANHATTAN,General Construction/Plumbing,2,2026-10-08T00:00:00.000,2026-10-10T19:08:21.546629+00:00
06 QUEENS,Water Maintenance,2,2026-10-08T00:00:00.000,2026-10-10T19:08:21.546629+00:00
05 BROOKLYN,Encampment,2,2026-10-08T00:00:00.000,2026-10-10T19:08:21.546629+00:00
05 MANHATTAN,HEAT/HOT WATER,2,2026-10-08T00:00:00.000,2026-10-10T19:08:21.546629+00:00
11 MANHATTAN,Street Condition,2,2026-10-08T00:00:00.000,2026-10-10T19:08:21.546629+00:00
02 BROOKLYN,Abandoned Bike,2,2026-10-08T00:00:00.000,2026-10-10T19:08:21.546629+00:00
02 BROOKLYN,Animal-Abuse,2,2026-10-08T00:00:00.000,2026-10-10T19:08:21.546629+00:00
02 BROOKLYN,ELECTRIC,2,2026-10-08T00:00:00.000,2026-10-10T19:08:21.546629+00:00
06 QUEENS,Food Establishment,2,2026-10-08T00:00:00.000,2026-10-10T19:08:21.546629+00:00
06 MANHATTAN,FLOORING/STAIRS,2,2026-10-08T00:00:00.000,2026-10-10T19:08:21.546629+00:00
06 MANHATTAN,Food Establishment,2,2026-10-08T00:00:00.000,2026-10-10T19:08:21.546629+00:00
10 QUEENS,Dead Animal,2,2026-10-08T00:00:00.000,2026-10-10T19:08:21.546629+00:00
10 QUEENS,Illegal Dumping,2,2026-10-08T00:00:00.000,2026-10-10T19:08:21.546629+00:00
10 QUEENS,Noise - Commercial,2,2026-10-08T00:00:00.000,2026-10-10T19:08:21.546629+00:00
10 QUEENS,Derelict Vehicles,2,2026-10-08T00:00:00.000,2026-10-10T19:08:21.546629+00:00
10 MANHATTAN,Encampment,2,2026-10-08T00:00:00.000,2026-10-10T19:08:21.546629+00:00
05 MANHATTAN,Water Maintenance,2,2026-10-08T00:00:00.000,2026-10-10T19:08:21.546629+00:00
05 MANHATTAN,PAINT/PLASTER,2,2026-10-08T00:00:00.000,2026-10-10T19:08:21.546629+00:00
05 QUEENS,Consumer Complaint,2,2026-10-08T00:00:00.000,2026-10-10T19:08:21.546629+00:00
05 QUEENS,DOOR/WINDOW,2,2026-10-08T00:00:00.000,2026-10-10T19:08:21.546629+00:00
05 MANHATTAN,Street Sign - Dangling,2,2026-10-08T00:00:00.000,2026-10-10T19:08:21.546629+00:00
05 BROOKLYN,Water Maintenance,2,2026-10-08T00:00:00.000,2026-10-10T19:08:21.546629+00:00
11 BRONX,FLOORING/STAIRS,2,2026-10-08T00:00:00.000,2026-10-10T19:08:21.546629+00:00
06 QUEENS,Damaged Tree,2,2026-10-08T00:00:00.000,2026-10-10T19:08:21.546629+00:00
12 BRONX,Abandoned Vehicle,2,2026-10-08T00:00:00.000,2026-10-10T19:08:21.546629+00:00
05 BROOKLYN,Street Sweeping Complaint,2,2026-10-08T00:00:00.000,2026-10-10T19:08:21.546629+00:00
05 MANHATTAN,Food Poisoning,2,2026-10-08T00:00:00.000,2026-10-10T19:08:21.546629+00:00
05 MANHATTAN,Illegal Dumping,2,2026-10-08T00:00:00.000,2026-10-10T19:08:21.546629+00:00
05 MANHATTAN,Lead,2,2026-10-08T00:00:00.000,2026-10-10T19:08:21.546629+00:00
05 BROOKLYN,APPLIANCE,2,2026-10-08T00:00:00.000,2026-10-10T19:08:21.546629+00:00
05 BROOKLYN,Dead Animal,2,2026-10-08T00:00:00.000,2026-10-10T19:08:21.546629+00:00
05 BROOKLYN,Dirty Condition,2,2026-10-08T00:00:00.000,2026-10-10T19:08:21.546629+00:00
10 MANHATTAN,Noise - Commercial,2,2026-10-08T00:00:00.000,2026-10-10T19:08:21.546629+00:00
05 BROOKLYN,Maintenance or Facility,2,2026-10-08T00:00:00.000,2026-10-10T19:08:21.546629+00:00
05 BROOKLYN,Root/Sewer/Sidewalk Condition,2,2026-10-08T00:00:00.000,2026-10-10T19:08:21.546629+00:00
11 QUEENS,UNSANITARY CONDITION,2,2026-10-08T00:00:00.000,2026-10-10T19:08:21.546629+00:00
11 QUEENS,Water Maintenance,2,2026-10-08T00:00:00.000,2026-10-10T19:08:21.546629+00:00
11 QUEENS,Noise - Residential,2,2026-10-08T00:00:00.000,2026-10-10T19:08:21.546629+00:00
11 QUEENS,Street Light Condition,2,2026-10-08T00:00:00.000,2026-10-10T19:08:21.546629+00:00
12 BRONX,General Construction/Plumbing,2,2026-10-08T00:00:00.000,2026-10-10T19:08:21.546629+00:00
18 BROOKLYN,Derelict Vehicles,2,2026-10-08T00:00:00.000,2026-10-10T19:08:21.546629+00:00
18 BROOKLYN,Dirty Condition,2,2026-10-08T00:00:00.000,2026-10-10T19:08:21.546629+00:00
18 BROOKLYN,Cannabis Retailer,2,2026-10-08T00:00:00.000,2026-10-10T19:08:21.546629+00:00
18 BROOKLYN,Consumer Complaint,2,2026-10-08T00:00:00.000,2026-10-10T19:08:21.546629+00:00
01 QUEENS,Panhandling,2,2026-10-08T00:00:00.000,2026-10-10T19:08:21.546629+00:00
01 QUEENS,Residential Disposal Complaint,2,2026-10-08T00:00:00.000,2026-10-10T19:08:21.546629+00:00
01 QUEENS,Rodent,2,2026-10-08T00:00:00.000,2026-10-10T19:08:21.546629+00:00
01 QUEENS,Mobile Food Vendor,2,2026-10-08T00:00:00.000,2026-10-10T19:08:21.546629+00:00
07 BRONX,Air Quality,2,2026-10-08T00:00:00.000,2026-10-10T19:08:21.546629+00:00
06 QUEENS,APPLIANCE,2,2026-10-08T00:00:00.000,2026-10-10T19:08:21.546629+00:00
17 BROOKLYN,Street Sweeping Complaint,2,2026-10-08T00:00:00.000,2026-10-10T19:08:21.546629+00:00
17 BROOKLYN,Vendor Enforcement,2,2026-10-08T00:00:00.000,2026-10-10T19:08:21.546629+00:00
18 BROOKLYN,Animal-Abuse,2,2026-10-08T00:00:00.000,2026-10-10T19:08:21.546629+00:00
17 BROOKLYN,Rodent,2,2026-10-08T00:00:00.000,2026-10-10T19:08:21.546629+00:00
17 BROOKLYN,SAFETY,2,2026-10-08T00:00:00.000,2026-10-10T19:08:21.546629+00:00
18 BROOKLYN,Dead Animal,2,2026-10-08T00:00:00.000,2026-10-10T19:08:21.546629+00:00
05 BRONX,Animal-Abuse,2,2026-10-08T00:00:00.000,2026-10-10T19:08:21.546629+00:00
12 BRONX,Rodent,2,2026-10-08T00:00:00.000,2026-10-10T19:08:21.546629+00:00
12 BROOKLYN,Building/Use,2,2026-10-08T00:00:00.000,2026-10-10T19:08:21.546629+00:00
12 BROOKLYN,Abandoned Vehicle,2,2026-10-08T00:00:00.000,2026-10-10T19:08:21.546629+00:00
15 BROOKLYN,Noise - Vehicle,2,2026-10-08T00:00:00.000,2026-10-10T19:08:21.546629+00:00
14 QUEENS,Noise,2,2026-10-08T00:00:00.000,2026-10-10T19:08:21.546629+00:00
14 QUEENS,Noise - Street/Sidewalk,2,2026-10-08T00:00:00.000,2026-10-10T19:08:21.546629+00:00
14 QUEENS,Obstruction,2,2026-10-08T00:00:00.000,2026-10-10T19:08:21.546629+00:00
07 BRONX,General Construction/Plumbing,2,2026-10-08T00:00:00.000,2026-10-10T19:08:21.546629+00:00
07 BRONX,Rodent,2,2026-10-08T00:00:00.000,2026-10-10T19:08:21.546629+00:00
07 BRONX,Street Condition,2,2026-10-08T00:00:00.000,2026-10-10T19:08:21.546629+00:00
07 BROOKLYN,ELEVATOR,2,2026-10-08T00:00:00.000,2026-10-10T19:08:21.546629+00:00
07 BRONX,Vendor Enforcement,2,2026-10-08T00:00:00.000,2026-10-10T19:08:21.546629+00:00
05 BRONX,DOOR/WINDOW,2,2026-10-08T00:00:00.000,2026-10-10T19:08:21.546629+00:00
05 BRONX,Day Care,2,2026-10-08T00:00:00.000,2026-10-10T19:08:21.546629+00:00
05 BRONX,Encampment,2,2026-10-08T00:00:00.000,2026-10-10T19:08:21.546629+00:00
02 BRONX,WATER LEAK,2,2026-10-08T00:00:00.000,2026-10-10T19:08:21.546629+00:00
02 BROOKLYN,Vendor Enforcement,2,2026-10-08T00:00:00.000,2026-10-10T19:08:21.546629+00:00
15 BROOKLYN,Noise - Commercial,2,2026-10-08T00:00:00.000,2026-10-10T19:08:21.546629+00:00
15 BROOKLYN,PAINT/PLASTER,2,2026-10-08T00:00:00.000,2026-10-10T19:08:21.546629+00:00
10 MANHATTAN,Noise - Vehicle,2,2026-10-08T00:00:00.000,2026-10-10T19:08:21.546629+00:00
10 MANHATTAN,Missed Collection,2,2026-10-08T00:00:00.000,2026-10-10T19:08:21.546629+00:00
10 BROOKLYN,Missed Collection,2,2026-10-08T00:00:00.000,2026-10-10T19:08:21.546629+00:00
07 BRONX,Missed Collection,2,2026-10-08T00:00:00.000,2026-10-10T19:08:21.546629+00:00
04 QUEENS,Sidewalk Condition,2,2026-10-08T00:00:00.000,2026-10-10T19:08:21.546629+00:00
15 BROOKLYN,Homeless Person Assistance,2,2026-10-08T00:00:00.000,2026-10-10T19:08:21.546629+00:00
15 BROOKLYN,Illegal Posting,2,2026-10-08T00:00:00.000,2026-10-10T19:08:21.546629+00:00
15 BROOKLYN,Industrial Waste,2,2026-10-08T00:00:00.000,2026-10-10T19:08:21.546629+00:00
02 BROOKLYN,PAINT/PLASTER,2,2026-10-08T00:00:00.000,2026-10-10T19:08:21.546629+00:00
02 BROOKLYN,Lead,2,2026-10-08T00:00:00.000,2026-10-10T19:08:21.546629+00:00
02 BROOKLYN,Street Sign - Missing,2,2026-10-08T00:00:00.000,2026-10-10T19:08:21.546629+00:00
02 MANHATTAN,Commercial Disposal Complaint,2,2026-10-08T00:00:00.000,2026-10-10T19:08:21.546629+00:00
12 BROOKLYN,Damaged Tree,2,2026-10-08T00:00:00.000,2026-10-10T19:08:21.546629+00:00
12 BROOKLYN,Obstruction,2,2026-10-08T00:00:00.000,2026-10-10T19:08:21.546629+00:00
12 BROOKLYN,Overgrown Tree/Branches,2,2026-10-08T00:00:00.000,2026-10-10T19:08:21.546629+00:00
12 BROOKLYN,Mobile Food Vendor,2,2026-10-08T00:00:00.000,2026-10-10T19:08:21.546629+00:00
12 BRONX,Indoor Air Quality,2,2026-10-08T00:00:00.000,2026-10-10T19:08:21.546629+00:00
12 BROOKLYN,Non-Emergency Police Matter,2,2026-10-08T00:00:00.000,2026-10-10T19:08:21.546629+00:00
04 QUEENS,DOOR/WINDOW,2,2026-10-08T00:00:00.000,2026-10-10T19:08:21.546629+00:00
04 QUEENS,Damaged Tree,2,2026-10-08T00:00:00.000,2026-10-10T19:08:21.546629+00:00
07 BROOKLYN,Street Condition,2,2026-10-08T00:00:00.000,2026-10-10T19:08:21.546629+00:00
07 BROOKLYN,Street Light Condition,2,2026-10-08T00:00:00.000,2026-10-10T19:08:21.546629+00:00
07 BROOKLYN,WATER LEAK,2,2026-10-08T00:00:00.000,2026-10-10T19:08:21.546629+00:00
07 BROOKLYN,Water Maintenance,2,2026-10-08T00:00:00.000,2026-10-10T19:08:21.546629+00:00
07 MANHATTAN,APPLIANCE,2,2026-10-08T00:00:00.000,2026-10-10T19:08:21.546629+00:00
07 MANHATTAN,Abandoned Vehicle,2,2026-10-08T00:00:00.000,2026-10-10T19:08:21.546629+00:00
07 MANHATTAN,Air Quality,2,2026-10-08T00:00:00.000,2026-10-10T19:08:21.546629+00:00
04 MANHATTAN,Street Sign - Dangling,2,2026-10-08T00:00:00.000,2026-10-10T19:08:21.546629+00:00
07 BRONX,Encampment,2,2026-10-08T00:00:00.000,2026-10-10T19:08:21.546629+00:00
07 BRONX,FLOORING/STAIRS,2,2026-10-08T00:00:00.000,2026-10-10T19:08:21.546629+00:00
10 BROOKLYN,Rodent,2,2026-10-08T00:00:00.000,2026-10-10T19:08:21.546629+00:00
10 BROOKLYN,Street Sweeping Complaint,2,2026-10-08T00:00:00.000,2026-10-10T19:08:21.546629+00:00
10 BROOKLYN,Overgrown Tree/Branches,2,2026-10-08T00:00:00.000,2026-10-10T19:08:21.546629+00:00
10 MANHATTAN,Consumer Complaint,2,2026-10-08T00:00:00.000,2026-10-10T19:08:21.546629+00:00
10 BROOKLYN,Street Condition,2,2026-10-08T00:00:00.000,2026-10-10T19:08:21.546629+00:00
10 BRONX,Street Condition,2,2026-10-08T00:00:00.000,2026-10-10T19:08:21.546629+00:00
02 MANHATTAN,GENERAL,2,2026-10-08T00:00:00.000,2026-10-10T19:08:21.546629+00:00
02 MANHATTAN,PAINT/PLASTER,2,2026-10-08T00:00:00.000,2026-10-10T19:08:21.546629+00:00
02 MANHATTAN,Lead,2,2026-10-08T00:00:00.000,2026-10-10T19:08:21.546629+00:00
02 MANHATTAN,Lost Property,2,2026-10-08T00:00:00.000,2026-10-10T19:08:21.546629+00:00
02 BROOKLYN,Maintenance or Facility,2,2026-10-08T00:00:00.000,2026-10-10T19:08:21.546629+00:00
02 BROOKLYN,Mobile Food Vendor,2,2026-10-08T00:00:00.000,2026-10-10T19:08:21.546629+00:00
04 QUEENS,Elevator,2,2026-10-08T00:00:00.000,2026-10-10T19:08:21.546629+00:00
07 BROOKLYN,Encampment,2,2026-10-08T00:00:00.000,2026-10-10T19:08:21.546629+00:00
12 BROOKLYN,Elevator,2,2026-10-08T00:00:00.000,2026-10-10T19:08:21.546629+00:00
04 MANHATTAN,Maintenance or Facility,2,2026-10-08T00:00:00.000,2026-10-10T19:08:21.546629+00:00
12 MANHATTAN,SAFETY,2,2026-10-08T00:00:00.000,2026-10-10T19:08:21.546629+00:00
12 MANHATTAN,Sidewalk Condition,2,2026-10-08T00:00:00.000,2026-10-10T19:08:21.546629+00:00
12 MANHATTAN,Smoking or Vaping,2,2026-10-08T00:00:00.000,2026-10-10T19:08:21.546629+00:00
12 QUEENS,Consumer Complaint,2,2026-10-08T00:00:00.000,2026-10-10T19:08:21.546629+00:00
12 BROOKLYN,Street Sign - Damaged,2,2026-10-08T00:00:00.000,2026-10-10T19:08:21.546629+00:00
04 BRONX,Traffic Signal Condition,2,2026-10-08T00:00:00.000,2026-10-10T19:08:21.546629+00:00
07 BROOKLYN,PAINT/PLASTER,2,2026-10-08T00:00:00.000,2026-10-10T19:08:21.546629+00:00
10 BRONX,Dead Animal,2,2026-10-08T00:00:00.000,2026-10-10T19:08:21.546629+00:00
04 BROOKLYN,Street Sweeping Complaint,2,2026-10-08T00:00:00.000,2026-10-10T19:08:21.546629+00:00
12 MANHATTAN,Construction Lead Dust,2,2026-10-08T00:00:00.000,2026-10-10T19:08:21.546629+00:00
12 BROOKLYN,Sewer Maintenance,2,2026-10-08T00:00:00.000,2026-10-10T19:08:21.546629+00:00
12 BROOKLYN,Dead/Dying Tree,2,2026-10-08T00:00:00.000,2026-10-10T19:08:21.546629+00:00
12 BROOKLYN,Dirty Condition,2,2026-10-08T00:00:00.000,2026-10-10T19:08:21.546629+00:00
12 BROOKLYN,Drinking,2,2026-10-08T00:00:00.000,2026-10-10T19:08:21.546629+00:00
10 BROOKLYN,APPLIANCE,2,2026-10-08T00:00:00.000,2026-10-10T19:08:21.546629+00:00
10 BROOKLYN,Damaged Tree,2,2026-10-08T00:00:00.000,2026-10-10T19:08:21.546629+00:00
10 BROOKLYN,Dead Animal,2,2026-10-08T00:00:00.000,2026-10-10T19:08:21.546629+00:00
10 BRONX,UNSANITARY CONDITION,2,2026-10-08T00:00:00.000,2026-10-10T19:08:21.546629+00:00
10 BROOKLYN,GENERAL,2,2026-10-08T00:00:00.000,2026-10-10T19:08:21.546629+00:00
10 BROOKLYN,General Construction/Plumbing,2,2026-10-08T00:00:00.000,2026-10-10T19:08:21.546629+00:00
09 QUEENS,Water Maintenance,2,2026-10-08T00:00:00.000,2026-10-10T19:08:21.546629+00:00
07 MANHATTAN,Encampment,2,2026-10-08T00:00:00.000,2026-10-10T19:08:21.546629+00:00
04 QUEENS,Dirty Condition,2,2026-10-08T00:00:00.000,2026-10-10T19:08:21.546629+00:00
04 QUEENS,Encampment,2,2026-10-08T00:00:00.000,2026-10-10T19:08:21.546629+00:00
04 QUEENS,Graffiti,2,2026-10-08T00:00:00.000,2026-10-10T19:08:21.546629+00:00
04 QUEENS,Homeless Person Assistance,2,2026-10-08T00:00:00.000,2026-10-10T19:08:21.546629+00:00
15 BROOKLYN,WATER LEAK,2,2026-10-08T00:00:00.000,2026-10-10T19:08:21.546629+00:00
07 BROOKLYN,Abandoned Bike,2,2026-10-08T00:00:00.000,2026-10-10T19:08:21.546629+00:00
07 MANHATTAN,Curb Condition,2,2026-10-08T00:00:00.000,2026-10-10T19:08:21.546629+00:00
10 BRONX,Water Maintenance,2,2026-10-08T00:00:00.000,2026-10-10T19:08:21.546629+00:00
02 QUEENS,Building/Use,2,2026-10-08T00:00:00.000,2026-10-10T19:08:21.546629+00:00
02 MANHATTAN,Street Condition,2,2026-10-08T00:00:00.000,2026-10-10T19:08:21.546629+00:00
02 QUEENS,Derelict Vehicles,2,2026-10-08T00:00:00.000,2026-10-10T19:08:21.546629+00:00
02 QUEENS,Drinking,2,2026-10-08T00:00:00.000,2026-10-10T19:08:21.546629+00:00
02 QUEENS,Elevator,2,2026-10-08T00:00:00.000,2026-10-10T19:08:21.546629+00:00
02 MANHATTAN,Water Maintenance,2,2026-10-08T00:00:00.000,2026-10-10T19:08:21.546629+00:00
02 QUEENS,APPLIANCE,2,2026-10-08T00:00:00.000,2026-10-10T19:08:21.546629+00:00
02 QUEENS,Damaged Tree,2,2026-10-08T00:00:00.000,2026-10-10T19:08:21.546629+00:00
07 MANHATTAN,Street Sweeping Complaint,2,2026-10-08T00:00:00.000,2026-10-10T19:08:21.546629+00:00
07 QUEENS,Derelict Vehicles,2,2026-10-08T00:00:00.000,2026-10-10T19:08:21.546629+00:00
07 QUEENS,Dumpster Complaint,2,2026-10-08T00:00:00.000,2026-10-10T19:08:21.546629+00:00
04 BRONX,Elevator,2,2026-10-08T00:00:00.000,2026-10-10T19:08:21.546629+00:00
03 STATEN ISLAND,Dead Animal,2,2026-10-08T00:00:00.000,2026-10-10T19:08:21.546629+00:00
03 STATEN ISLAND,Dead/Dying Tree,2,2026-10-08T00:00:00.000,2026-10-10T19:08:21.546629+00:00
03 STATEN ISLAND,GENERAL,2,2026-10-08T00:00:00.000,2026-10-10T19:08:21.546629+00:00
02 MANHATTAN,Non-Emergency Police Matter,2,2026-10-08T00:00:00.000,2026-10-10T19:08:21.546629+00:00
10 BRONX,Noise,2,2026-10-08T00:00:00.000,2026-10-10T19:08:21.546629+00:00
10 BRONX,Building/Use,2,2026-10-08T00:00:00.000,2026-10-10T19:08:21.546629+00:00
10 BRONX,Obstruction,2,2026-10-08T00:00:00.000,2026-10-10T19:08:21.546629+00:00
09 QUEENS,Damaged Tree,2,2026-10-08T00:00:00.000,2026-10-10T19:08:21.546629+00:00
09 QUEENS,Derelict Vehicles,2,2026-10-08T00:00:00.000,2026-10-10T19:08:21.546629+00:00
09 QUEENS,ELECTRIC,2,2026-10-08T00:00:00.000,2026-10-10T19:08:21.546629+00:00
10 BRONX,Noise - Park,2,2026-10-08T00:00:00.000,2026-10-10T19:08:21.546629+00:00
07 MANHATTAN,WATER LEAK,2,2026-10-08T00:00:00.000,2026-10-10T19:08:21.546629+00:00
04 BROOKLYN,Damaged Tree,2,2026-10-08T00:00:00.000,2026-10-10T19:08:21.546629+00:00
04 BROOKLYN,Indoor Air Quality,2,2026-10-08T00:00:00.000,2026-10-10T19:08:21.546629+00:00
03 STATEN ISLAND,Street Sign - Missing,2,2026-10-08T00:00:00.000,2026-10-10T19:08:21.546629+00:00
03 STATEN ISLAND,UNSANITARY CONDITION,2,2026-10-08T00:00:00.000,2026-10-10T19:08:21.546629+00:00
04 BROOKLYN,Overgrown Tree/Branches,2,2026-10-08T00:00:00.000,2026-10-10T19:08:21.546629+00:00
04 BROOKLYN,Real Time Enforcement,2,2026-10-08T00:00:00.000,2026-10-10T19:08:21.546629+00:00
04 BROOKLYN,Residential Disposal Complaint,2,2026-10-08T00:00:00.000,2026-10-10T19:08:21.546629+00:00
10 BRONX,Missed Collection,2,2026-10-08T00:00:00.000,2026-10-10T19:08:21.546629+00:00
12 QUEENS,Residential Disposal Complaint,2,2026-10-08T00:00:00.000,2026-10-10T19:08:21.546629+00:00
03 STATEN ISLAND,Illegal Dumping,2,2026-10-08T00:00:00.000,2026-10-10T19:08:21.546629+00:00
03 STATEN ISLAND,Noise,2,2026-10-08T00:00:00.000,2026-10-10T19:08:21.546629+00:00
03 STATEN ISLAND,General Construction/Plumbing,2,2026-10-08T00:00:00.000,2026-10-10T19:08:21.546629+00:00
03 STATEN ISLAND,Residential Disposal Complaint,2,2026-10-08T00:00:00.000,2026-10-10T19:08:21.546629+00:00
03 QUEENS,Missed Collection,2,2026-10-08T00:00:00.000,2026-10-10T19:08:21.546629+00:00
03 QUEENS,Noise,2,2026-10-08T00:00:00.000,2026-10-10T19:08:21.546629+00:00
03 STATEN ISLAND,Overgrown Tree/Branches,2,2026-10-08T00:00:00.000,2026-10-10T19:08:21.546629+00:00
01 MANHATTAN,Curb Condition,2,2026-10-08T00:00:00.000,2026-10-10T19:08:21.546629+00:00
17 BROOKLYN,Sidewalk Condition,2,2026-10-08T00:00:00.000,2026-10-10T19:08:21.546629+00:00
17 BROOKLYN,Street Light Condition,2,2026-10-08T00:00:00.000,2026-10-10T19:08:21.546629+00:00
07 QUEENS,Air Quality,2,2026-10-08T00:00:00.000,2026-10-10T19:08:21.546629+00:00
07 MANHATTAN,General Construction/Plumbing,2,2026-10-08T00:00:00.000,2026-10-10T19:08:21.546629+00:00
07 QUEENS,Dead/Dying Tree,2,2026-10-08T00:00:00.000,2026-10-10T19:08:21.546629+00:00
07 QUEENS,Non-Emergency Police Matter,2,2026-10-08T00:00:00.000,2026-10-10T19:08:21.546629+00:00
12 QUEENS,GENERAL,2,2026-10-08T00:00:00.000,2026-10-10T19:08:21.546629+00:00
01 QUEENS,Dead Animal,2,2026-10-08T00:00:00.000,2026-10-10T19:08:21.546629+00:00
01 MANHATTAN,Water Maintenance,2,2026-10-08T00:00:00.000,2026-10-10T19:08:21.546629+00:00
01 QUEENS,APPLIANCE,2,2026-10-08T00:00:00.000,2026-10-10T19:08:21.546629+00:00
01 QUEENS,Encampment,2,2026-10-08T00:00:00.000,2026-10-10T19:08:21.546629+00:00
01 QUEENS,FLOORING/STAIRS,2,2026-10-08T00:00:00.000,2026-10-10T19:08:21.546629+00:00
01 QUEENS,Food Establishment,2,2026-10-08T00:00:00.000,2026-10-10T19:08:21.546629+00:00
01 QUEENS,DOOR/WINDOW,2,2026-10-08T00:00:00.000,2026-10-10T19:08:21.546629+00:00
01 QUEENS,Illegal Dumping,2,2026-10-08T00:00:00.000,2026-10-10T19:08:21.546629+00:00
02 MANHATTAN,Food Establishment,2,2026-10-08T00:00:00.000,2026-10-10T19:08:21.546629+00:00
14 QUEENS,Maintenance or Facility,2,2026-10-08T00:00:00.000,2026-10-10T19:08:21.546629+00:00
15 BROOKLYN,Abandoned Vehicle,2,2026-10-08T00:00:00.000,2026-10-10T19:08:21.546629+00:00
15 BROOKLYN,Dead/Dying Tree,2,2026-10-08T00:00:00.000,2026-10-10T19:08:21.546629+00:00
15 BROOKLYN,Derelict Vehicles,2,2026-10-08T00:00:00.000,2026-10-10T19:08:21.546629+00:00
17 BROOKLYN,Noise - Vehicle,2,2026-10-08T00:00:00.000,2026-10-10T19:08:21.546629+00:00
18 BROOKLYN,Sewer Maintenance,2,2026-10-08T00:00:00.000,2026-10-10T19:08:21.546629+00:00
18 BROOKLYN,Sidewalk Condition,2,2026-10-08T00:00:00.000,2026-10-10T19:08:21.546629+00:00
14 BROOKLYN,SAFETY,2,2026-10-08T00:00:00.000,2026-10-10T19:08:21.546629+00:00
02 QUEENS,Residential Disposal Complaint,2,2026-10-08T00:00:00.000,2026-10-10T19:08:21.546629+00:00
02 QUEENS,Street Light Condition,2,2026-10-08T00:00:00.000,2026-10-10T19:08:21.546629+00:00
02 QUEENS,Sidewalk Condition,2,2026-10-08T00:00:00.000,2026-10-10T19:08:21.546629+00:00
02 MANHATTAN,Street Light Condition,2,2026-10-08T00:00:00.000,2026-10-10T19:08:21.546629+00:00
08 BRONX,Noise - Street/Sidewalk,2,2026-10-08T00:00:00.000,2026-10-10T19:08:21.546629+00:00
08 BRONX,Rodent,2,2026-10-08T00:00:00.000,2026-10-10T19:08:21.546629+00:00
07 QUEENS,Lead,2,2026-10-08T00:00:00.000,2026-10-10T19:08:21.546629+00:00
09 MANHATTAN,FLOORING/STAIRS,2,2026-10-08T00:00:00.000,2026-10-10T19:08:21.546629+00:00
08 BRONX,FLOORING/STAIRS,2,2026-10-08T00:00:00.000,2026-10-10T19:08:21.546629+00:00
03 MANHATTAN,Sidewalk Condition,2,2026-10-08T00:00:00.000,2026-10-10T19:08:21.546629+00:00
03 MANHATTAN,Street Light Condition,2,2026-10-08T00:00:00.000,2026-10-10T19:08:21.546629+00:00
03 MANHATTAN,Taxi Complaint,2,2026-10-08T00:00:00.000,2026-10-10T19:08:21.546629+00:00
15 BROOKLYN,Food Establishment,2,2026-10-08T00:00:00.000,2026-10-10T19:08:21.546629+00:00
15 BROOKLYN,General Construction/Plumbing,2,2026-10-08T00:00:00.000,2026-10-10T19:08:21.546629+00:00
14 QUEENS,WATER LEAK,2,2026-10-08T00:00:00.000,2026-10-10T19:08:21.546629+00:00
09 QUEENS,DOOR/WINDOW,2,2026-10-08T00:00:00.000,2026-10-10T19:08:21.546629+00:00
09 QUEENS,Noise,2,2026-10-08T00:00:00.000,2026-10-10T19:08:21.546629+00:00
09 QUEENS,Obstruction,2,2026-10-08T00:00:00.000,2026-10-10T19:08:21.546629+00:00
09 QUEENS,General Construction/Plumbing,2,2026-10-08T00:00:00.000,2026-10-10T19:08:21.546629+00:00
09 QUEENS,Sidewalk Condition,2,2026-10-08T00:00:00.000,2026-10-10T19:08:21.546629+00:00
09 QUEENS,Street Light Condition,2,2026-10-08T00:00:00.000,2026-10-10T19:08:21.546629+00:00
09 MANHATTAN,ELECTRIC,2,2026-10-08T00:00:00.000,2026-10-10T19:08:21.546629+00:00
09 MANHATTAN,Elevator,2,2026-10-08T00:00:00.000,2026-10-10T19:08:21.546629+00:00
04 BRONX,Drinking,2,2026-10-08T00:00:00.000,2026-10-10T19:08:21.546629+00:00
07 QUEENS,Overgrown Tree/Branches,2,2026-10-08T00:00:00.000,2026-10-10T19:08:21.546629+00:00
07 QUEENS,Sidewalk Condition,2,2026-10-08T00:00:00.000,2026-10-10T19:08:21.546629+00:00
07 QUEENS,Unleashed Dog,2,2026-10-08T00:00:00.000,2026-10-10T19:08:21.546629+00:00
07 QUEENS,Plumbing,2,2026-10-08T00:00:00.000,2026-10-10T19:08:21.546629+00:00
09 QUEENS,HEAT/HOT WATER,2,2026-10-08T00:00:00.000,2026-10-10T19:08:21.546629+00:00
09 QUEENS,Indoor Air Quality,2,2026-10-08T00:00:00.000,2026-10-10T19:08:21.546629+00:00
09 QUEENS,Building/Use,2,2026-10-08T00:00:00.000,2026-10-10T19:08:21.546629+00:00
03 STATEN ISLAND,Building/Use,2,2026-10-08T00:00:00.000,2026-10-10T19:08:21.546629+00:00
03 MANHATTAN,Rodent,2,2026-10-08T00:00:00.000,2026-10-10T19:08:21.546629+00:00
01 BROOKLYN,Sewer Maintenance,2,2026-10-08T00:00:00.000,2026-10-10T19:08:21.546629+00:00
01 MANHATTAN,Lead,2,2026-10-08T00:00:00.000,2026-10-10T19:08:21.546629+00:00
01 MANHATTAN,Sidewalk Condition,2,2026-10-08T00:00:00.000,2026-10-10T19:08:21.546629+00:00
01 BROOKLYN,Indoor Air Quality,2,2026-10-08T00:00:00.000,2026-10-10T19:08:21.546629+00:00
18 BROOKLYN,Missed Collection,2,2026-10-08T00:00:00.000,2026-10-10T19:08:21.546629+00:00
18 BROOKLYN,Noise,2,2026-10-08T00:00:00.000,2026-10-10T19:08:21.546629+00:00
03 QUEENS,APPLIANCE,2,2026-10-08T00:00:00.000,2026-10-10T19:08:21.546629+00:00
03 MANHATTAN,DOOR/WINDOW,2,2026-10-08T00:00:00.000,2026-10-10T19:08:21.546629+00:00
12 QUEENS,Rodent,2,2026-10-08T00:00:00.000,2026-10-10T19:08:21.546629+00:00
12 QUEENS,Traffic Signal Condition,2,2026-10-08T00:00:00.000,2026-10-10T19:08:21.546629+00:00
13 BROOKLYN,Homeless Person Assistance,2,2026-10-08T00:00:00.000,2026-10-10T19:08:21.546629+00:00
12 QUEENS,Elevator,2,2026-10-08T00:00:00.000,2026-10-10T19:08:21.546629+00:00
03 QUEENS,Street Light Condition,2,2026-10-08T00:00:00.000,2026-10-10T19:08:21.546629+00:00
03 STATEN ISLAND,Bike/Roller/Skate,2,2026-10-08T00:00:00.000,2026-10-10T19:08:21.546629+00:00
09 MANHATTAN,Water Maintenance,2,2026-10-08T00:00:00.000,2026-10-10T19:08:21.546629+00:00
13 QUEENS,ELECTRIC,2,2026-10-08T00:00:00.000,2026-10-10T19:08:21.546629+00:00
13 QUEENS,FLOORING/STAIRS,2,2026-10-08T00:00:00.000,2026-10-10T19:08:21.546629+00:00
13 QUEENS,Food Establishment,2,2026-10-08T00:00:00.000,2026-10-10T19:08:21.546629+00:00
13 QUEENS,GENERAL,2,2026-10-08T00:00:00.000,2026-10-10T19:08:21.546629+00:00
12 QUEENS,Street Sweeping Complaint,2,2026-10-08T00:00:00.000,2026-10-10T19:08:21.546629+00:00
13 QUEENS,Dead Animal,2,2026-10-08T00:00:00.000,2026-10-10T19:08:21.546629+00:00
03 MANHATTAN,UNSANITARY CONDITION,2,2026-10-08T00:00:00.000,2026-10-10T19:08:21.546629+00:00
08 BROOKLYN,GENERAL,2,2026-10-08T00:00:00.000,2026-10-10T19:08:21.546629+00:00
08 BROOKLYN,Lead,2,2026-10-08T00:00:00.000,2026-10-10T19:08:21.546629+00:00
08 BROOKLYN,Maintenance or Facility,2,2026-10-08T00:00:00.000,2026-10-10T19:08:21.546629+00:00
08 BROOKLYN,Noise,2,2026-10-08T00:00:00.000,2026-10-10T19:08:21.546629+00:00
09 MANHATTAN,Maintenance or Facility,2,2026-10-08T00:00:00.000,2026-10-10T19:08:21.546629+00:00
09 MANHATTAN,Rodent,2,2026-10-08T00:00:00.000,2026-10-10T19:08:21.546629+00:00
09 MANHATTAN,Traffic Signal Condition,2,2026-10-08T00:00:00.000,2026-10-10T19:08:21.546629+00:00
09 MANHATTAN,WATER LEAK,2,2026-10-08T00:00:00.000,2026-10-10T19:08:21.546629+00:00
13 QUEENS,Drinking,2,2026-10-08T00:00:00.000,2026-10-10T19:08:21.546629+00:00
03 BROOKLYN,Illegal Dumping,2,2026-10-08T00:00:00.000,2026-10-10T19:08:21.546629+00:00
03 BROOKLYN,Residential Disposal Complaint,2,2026-10-08T00:00:00.000,2026-10-10T19:08:21.546629+00:00
03 BRONX,Street Condition,2,2026-10-08T00:00:00.000,2026-10-10T19:08:21.546629+00:00
03 BRONX,Street Light Condition,2,2026-10-08T00:00:00.000,2026-10-10T19:08:21.546629+00:00
03 BROOKLYN,Street Sweeping Complaint,2,2026-10-08T00:00:00.000,2026-10-10T19:08:21.546629+00:00
03 MANHATTAN,Lead,2,2026-10-08T00:00:00.000,2026-10-10T19:08:21.546629+00:00
03 MANHATTAN,Maintenance or Facility,2,2026-10-08T00:00:00.000,2026-10-10T19:08:21.546629+00:00
02 STATEN ISLAND,Consumer Complaint,2,2026-10-08T00:00:00.000,2026-10-10T19:08:21.546629+00:00
02 STATEN ISLAND,Damaged Tree,2,2026-10-08T00:00:00.000,2026-10-10T19:08:21.546629+00:00
02 STATEN ISLAND,PLUMBING,2,2026-10-08T00:00:00.000,2026-10-10T19:08:21.546629+00:00
02 QUEENS,Missed Collection,2,2026-10-08T00:00:00.000,2026-10-10T19:08:21.546629+00:00
13 BROOKLYN,Water Maintenance,2,2026-10-08T00:00:00.000,2026-10-10T19:08:21.546629+00:00
13 QUEENS,Bus Stop Shelter Complaint,2,2026-10-08T00:00:00.000,2026-10-10T19:08:21.546629+00:00
13 QUEENS,Consumer Complaint,2,2026-10-08T00:00:00.000,2026-10-10T19:08:21.546629+00:00
13 BROOKLYN,Overgrown Tree/Branches,2,2026-10-08T00:00:00.000,2026-10-10T19:08:21.546629+00:00
08 MANHATTAN,Food Establishment,2,2026-10-08T00:00:00.000,2026-10-10T19:08:21.546629+00:00
14 QUEENS,Building/Use,2,2026-10-08T00:00:00.000,2026-10-10T19:08:21.546629+00:00
14 BROOKLYN,Abandoned Vehicle,2,2026-10-08T00:00:00.000,2026-10-10T19:08:21.546629+00:00
02 STATEN ISLAND,Illegal Dumping,2,2026-10-08T00:00:00.000,2026-10-10T19:08:21.546629+00:00
02 STATEN ISLAND,Illegal Posting,2,2026-10-08T00:00:00.000,2026-10-10T19:08:21.546629+00:00
02 STATEN ISLAND,Lead,2,2026-10-08T00:00:00.000,2026-10-10T19:08:21.546629+00:00
02 STATEN ISLAND,Maintenance or Facility,2,2026-10-08T00:00:00.000,2026-10-10T19:08:21.546629+00:00
02 STATEN ISLAND,Missed Collection,2,2026-10-08T00:00:00.000,2026-10-10T19:08:21.546629+00:00
18 BROOKLYN,Noise - Commercial,2,2026-10-08T00:00:00.000,2026-10-10T19:08:21.546629+00:00
18 BROOKLYN,Noise - Street/Sidewalk,2,2026-10-08T00:00:00.000,2026-10-10T19:08:21.546629+00:00
18 BROOKLYN,Noise - Vehicle,2,2026-10-08T00:00:00.000,2026-10-10T19:08:21.546629+00:00
18 BROOKLYN,PAINT/PLASTER,2,2026-10-08T00:00:00.000,2026-10-10T19:08:21.546629+00:00
18 BROOKLYN,Plumbing,2,2026-10-08T00:00:00.000,2026-10-10T19:08:21.546629+00:00
18 BROOKLYN,Maintenance or Facility,2,2026-10-08T00:00:00.000,2026-10-10T19:08:21.546629+00:00
08 MANHATTAN,DOOR/WINDOW,2,2026-10-08T00:00:00.000,2026-10-10T19:08:21.546629+00:00
08 BROOKLYN,SAFETY,2,2026-10-08T00:00:00.000,2026-10-10T19:08:21.546629+00:00
01 BROOKLYN,Consumer Complaint,2,2026-10-08T00:00:00.000,2026-10-10T19:08:21.546629+00:00
28 BRONX,Traffic Signal Condition,2,2026-10-08T00:00:00.000,2026-10-10T19:08:21.546629+00:00
Unspecified QUEENS,Encampment,2,2026-10-08T00:00:00.000,2026-10-10T19:08:21.546629+00:00
Unspecified BROOKLYN,Traffic Signal Condition,2,2026-10-08T00:00:00.000,2026-10-10T19:08:21.546629+00:00
Unspecified MANHATTAN,Air Quality,2,2026-10-08T00:00:00.000,2026-10-10T19:08:21.546629+00:00
Unspecified QUEENS,Traffic Signal Condition,2,2026-10-08T00:00:00.000,2026-10-10T19:08:21.546629+00:00
Unspecified QUEENS,Traffic,2,2026-10-08T00:00:00.000,2026-10-10T19:08:21.546629+00:00
Unspecified BRONX,Street Condition,2,2026-10-08T00:00:00.000,2026-10-10T19:08:21.546629+00:00
Unspecified BRONX,Homeless Person Assistance,2,2026-10-08T00:00:00.000,2026-10-10T19:08:21.546629+00:00
80 QUEENS,Lost Property,2,2026-10-08T00:00:00.000,2026-10-10T19:08:21.546629+00:00
01 BROOKLYN,Noise - Park,2,2026-10-08T00:00:00.000,2026-10-10T19:08:21.546629+00:00
01 BROOKLYN,Panhandling,2,2026-10-08T00:00:00.000,2026-10-10T19:08:21.546629+00:00
01 BROOKLYN,Residential Disposal Complaint,2,2026-10-08T00:00:00.000,2026-10-10T19:08:21.546629+00:00
01 BROOKLYN,Air Quality,2,2026-10-08T00:00:00.000,2026-10-10T19:08:21.546629+00:00
09 BRONX,Unleashed Dog,2,2026-10-08T00:00:00.000,2026-10-10T19:08:21.546629+00:00
09 BRONX,Violation of Park Rules,2,2026-10-08T00:00:00.000,2026-10-10T19:08:21.546629+00:00
03 BRONX,Elevator,2,2026-10-08T00:00:00.000,2026-10-10T19:08:21.546629+00:00
03 BRONX,Illegal Dumping,2,2026-10-08T00:00:00.000,2026-10-10T19:08:21.546629+00:00
03 BRONX,Missed Collection,2,2026-10-08T00:00:00.000,2026-10-10T19:08:21.546629+00:00
03 BRONX,FLOORING/STAIRS,2,2026-10-08T00:00:00.000,2026-10-10T19:08:21.546629+00:00
02 STATEN ISLAND,Dirty Condition,2,2026-10-08T00:00:00.000,2026-10-10T19:08:21.546629+00:00
03 BRONX,Water Maintenance,2,2026-10-08T00:00:00.000,2026-10-10T19:08:21.546629+00:00
08 BROOKLYN,Residential Disposal Complaint,2,2026-10-08T00:00:00.000,2026-10-10T19:08:21.546629+00:00
83 QUEENS,For Hire Vehicle Complaint,2,2026-10-08T00:00:00.000,2026-10-10T19:08:21.546629+00:00
03 BROOKLYN,Overgrown Tree/Branches,2,2026-10-08T00:00:00.000,2026-10-10T19:08:21.546629+00:00
14 BROOKLYN,ELECTRIC,2,2026-10-08T00:00:00.000,2026-10-10T19:08:21.546629+00:00
14 BROOKLYN,APPLIANCE,2,2026-10-08T00:00:00.000,2026-10-10T19:08:21.546629+00:00
14 BROOKLYN,Lead,2,2026-10-08T00:00:00.000,2026-10-10T19:08:21.546629+00:00
13 QUEENS,Illegal Dumping,2,2026-10-08T00:00:00.000,2026-10-10T19:08:21.546629+00:00
13 QUEENS,Maintenance or Facility,2,2026-10-08T00:00:00.000,2026-10-10T19:08:21.546629+00:00
03 BRONX,Dead/Dying Tree,2,2026-10-08T00:00:00.000,2026-10-10T19:08:21.546629+00:00
03 BRONX,ELECTRIC,2,2026-10-08T00:00:00.000,2026-10-10T19:08:21.546629+00:00
01 BRONX,Dead Animal,2,2026-10-08T00:00:00.000,2026-10-10T19:08:21.546629+00:00
Unspecified BRONX,Noise - Street/Sidewalk,2,2026-10-08T00:00:00.000,2026-10-10T19:08:21.546629+00:00
Unspecified BRONX,Panhandling,2,2026-10-08T00:00:00.000,2026-10-10T19:08:21.546629+00:00
05 QUEENS,HEAT/HOT WATER,2,2026-10-08T00:00:00.000,2026-10-10T19:08:21.546629+00:00
06 BROOKLYN,Drinking,2,2026-10-08T00:00:00.000,2026-10-10T19:08:21.546629+00:00
06 BROOKLYN,Emergency Response Team (ERT),2,2026-10-08T00:00:00.000,2026-10-10T19:08:21.546629+00:00
06 BROOKLYN,Illegal Dumping,2,2026-10-08T00:00:00.000,2026-10-10T19:08:21.546629+00:00
06 BROOKLYN,Curb Condition,2,2026-10-08T00:00:00.000,2026-10-10T19:08:21.546629+00:00
08 QUEENS,DOOR/WINDOW,2,2026-10-08T00:00:00.000,2026-10-10T19:08:21.546629+00:00
08 QUEENS,PAINT/PLASTER,2,2026-10-08T00:00:00.000,2026-10-10T19:08:21.546629+00:00
08 MANHATTAN,Maintenance or Facility,2,2026-10-08T00:00:00.000,2026-10-10T19:08:21.546629+00:00
Unspecified MANHATTAN,Noise - Street/Sidewalk,2,2026-10-08T00:00:00.000,2026-10-10T19:08:21.546629+00:00
Unspecified BROOKLYN,Encampment,2,2026-10-08T00:00:00.000,2026-10-10T19:08:21.546629+00:00
Unspecified BROOKLYN,Highway Condition,2,2026-10-08T00:00:00.000,2026-10-10T19:08:21.546629+00:00
Unspecified BROOKLYN,Homeless Person Assistance,2,2026-10-08T00:00:00.000,2026-10-10T19:08:21.546629+00:00
Unspecified BROOKLYN,Illegal Dumping,2,2026-10-08T00:00:00.000,2026-10-10T19:08:21.546629+00:00
01 BRONX,Street Light Condition,2,2026-10-08T00:00:00.000,2026-10-10T19:08:21.546629+00:00
01 BRONX,WATER LEAK,2,2026-10-08T00:00:00.000,2026-10-10T19:08:21.546629+00:00
01 BRONX,DOOR/WINDOW,2,2026-10-08T00:00:00.000,2026-10-10T19:08:21.546629+00:00
09 BRONX,Overgrown Tree/Branches,2,2026-10-08T00:00:00.000,2026-10-10T19:08:21.546629+00:00
08 QUEENS,SAFETY,2,2026-10-08T00:00:00.000,2026-10-10T19:08:21.546629+00:00
08 QUEENS,Sewer Maintenance,2,2026-10-08T00:00:00.000,2026-10-10T19:08:21.546629+00:00
08 QUEENS,Sidewalk Condition,2,2026-10-08T00:00:00.000,2026-10-10T19:08:21.546629+00:00
09 BROOKLYN,Animal-Abuse,2,2026-10-08T00:00:00.000,2026-10-10T19:08:21.546629+00:00
Unspecified BRONX,Water Maintenance,2,2026-10-08T00:00:00.000,2026-10-10T19:08:21.546629+00:00
Unspecified BROOKLYN,Abandoned Vehicle,2,2026-10-08T00:00:00.000,2026-10-10T19:08:21.546629+00:00
09 BRONX,FLOORING/STAIRS,2,2026-10-08T00:00:00.000,2026-10-10T19:08:21.546629+00:00
09 BRONX,GENERAL,2,2026-10-08T00:00:00.000,2026-10-10T19:08:21.546629+00:00
09 BRONX,Illegal Dumping,2,2026-10-08T00:00:00.000,2026-10-10T19:08:21.546629+00:00
08 QUEENS,Building/Use,2,2026-10-08T00:00:00.000,2026-10-10T19:08:21.546629+00:00
01 BRONX,For Hire Vehicle Complaint,2,2026-10-08T00:00:00.000,2026-10-10T19:08:21.546629+00:00
01 BRONX,Illegal Dumping,2,2026-10-08T00:00:00.000,2026-10-10T19:08:21.546629+00:00
01 BRONX,ELECTRIC,1,2026-10-08T00:00:00.000,2026-10-10T19:08:21.546629+00:00
0 Unspecified,Ferry Inquiry,1,2026-10-08T00:00:00.000,2026-10-10T19:08:21.546629+00:00
0 Unspecified,For Hire Vehicle Complaint,1,2026-10-08T00:00:00.000,2026-10-10T19:08:21.546629+00:00
0 Unspecified,Lost Property,1,2026-10-08T00:00:00.000,2026-10-10T19:08:21.546629+00:00
0 Unspecified,Overgrown Tree/Branches,1,2026-10-08T00:00:00.000,2026-10-10T19:08:21.546629+00:00
0 Unspecified,Root/Sewer/Sidewalk Condition,1,2026-10-08T00:00:00.000,2026-10-10T19:08:21.546629+00:00
0 Unspecified,Street Light Condition,1,2026-10-08T00:00:00.000,2026-10-10T19:08:21.546629+00:00
Unspecified BROOKLYN,Taxi Report,1,2026-10-08T00:00:00.000,2026-10-10T19:08:21.546629+00:00
Unspecified BROOKLYN,Traffic,1,2026-10-08T00:00:00.000,2026-10-10T19:08:21.546629+00:00
Unspecified BROOKLYN,Water Maintenance,1,2026-10-08T00:00:00.000,2026-10-10T19:08:21.546629+00:00
Unspecified BROOKLYN,Maintenance or Facility,1,2026-10-08T00:00:00.000,2026-10-10T19:08:21.546629+00:00
Unspecified BROOKLYN,Noise,1,2026-10-08T00:00:00.000,2026-10-10T19:08:21.546629+00:00
Unspecified BROOKLYN,Overgrown Tree/Branches,1,2026-10-08T00:00:00.000,2026-10-10T19:08:21.546629+00:00
Unspecified BROOKLYN,Street Light Condition,1,2026-10-08T00:00:00.000,2026-10-10T19:08:21.546629+00:00
Unspecified BROOKLYN,Dirty Condition,1,2026-10-08T00:00:00.000,2026-10-10T19:08:21.546629+00:00
Unspecified BROOKLYN,Graffiti,1,2026-10-08T00:00:00.000,2026-10-10T19:08:21.546629+00:00
Unspecified MANHATTAN,Illegal Parking,1,2026-10-08T00:00:00.000,2026-10-10T19:08:21.546629+00:00
Unspecified MANHATTAN,Noise,1,2026-10-08T00:00:00.000,2026-10-10T19:08:21.546629+00:00
Unspecified MANHATTAN,Noise - Residential,1,2026-10-08T00:00:00.000,2026-10-10T19:08:21.546629+00:00
Unspecified MANHATTAN,Noise - Vehicle,1,2026-10-08T00:00:00.000,2026-10-10T19:08:21.546629+00:00
26 BRONX,Street Light Condition,1,2026-10-08T00:00:00.000,2026-10-10T19:08:21.546629+00:00
Unspecified BRONX,Traffic Signal Condition,1,2026-10-08T00:00:00.000,2026-10-10T19:08:21.546629+00:00
Unspecified BROOKLYN,Animal-Abuse,1,2026-10-08T00:00:00.000,2026-10-10T19:08:21.546629+00:00
01 BROOKLYN,For Hire Vehicle Complaint,1,2026-10-08T00:00:00.000,2026-10-10T19:08:21.546629+00:00
01 BROOKLYN,GENERAL,1,2026-10-08T00:00:00.000,2026-10-10T19:08:21.546629+00:00
01 BROOKLYN,Graffiti,1,2026-10-08T00:00:00.000,2026-10-10T19:08:21.546629+00:00
01 BROOKLYN,Illegal Fireworks,1,2026-10-08T00:00:00.000,2026-10-10T19:08:21.546629+00:00
01 BROOKLYN,Drug Activity,1,2026-10-08T00:00:00.000,2026-10-10T19:08:21.546629+00:00
55 BROOKLYN,Noise - Park,1,2026-10-08T00:00:00.000,2026-10-10T19:08:21.546629+00:00
55 BROOKLYN,Noise - Street/Sidewalk,1,2026-10-08T00:00:00.000,2026-10-10T19:08:21.546629+00:00
64 MANHATTAN,Animal in a Park,1,2026-10-08T00:00:00.000,2026-10-10T19:08:21.546629+00:00
64 MANHATTAN,Bike/Roller/Skate,1,2026-10-08T00:00:00.000,2026-10-10T19:08:21.546629+00:00
64 MANHATTAN,For Hire Vehicle Complaint,1,2026-10-08T00:00:00.000,2026-10-10T19:08:21.546629+00:00
64 MANHATTAN,Street Condition,1,2026-10-08T00:00:00.000,2026-10-10T19:08:21.546629+00:00
64 MANHATTAN,Unsanitary Pigeon Condition,1,2026-10-08T00:00:00.000,2026-10-10T19:08:21.546629+00:00
64 MANHATTAN,Vendor Enforcement,1,2026-10-08T00:00:00.000,2026-10-10T19:08:21.546629+00:00
95 STATEN ISLAND,Illegal Posting,1,2026-10-08T00:00:00.000,2026-10-10T19:08:21.546629+00:00
Unspecified BRONX,Broken Parking Meter,1,2026-10-08T00:00:00.000,2026-10-10T19:08:21.546629+00:00
Unspecified BRONX,Illegal Dumping,1,2026-10-08T00:00:00.000,2026-10-10T19:08:21.546629+00:00
Unspecified BRONX,Noise,1,2026-10-08T00:00:00.000,2026-10-10T19:08:21.546629+00:00
80 QUEENS,Taxi Report,1,2026-10-08T00:00:00.000,2026-10-10T19:08:21.546629+00:00
82 QUEENS,Illegal Parking,1,2026-10-08T00:00:00.000,2026-10-10T19:08:21.546629+00:00
82 QUEENS,Maintenance or Facility,1,2026-10-08T00:00:00.000,2026-10-10T19:08:21.546629+00:00
83 QUEENS,For Hire Vehicle Report,1,2026-10-08T00:00:00.000,2026-10-10T19:08:21.546629+00:00
01 BROOKLYN,PLUMBING,1,2026-10-08T00:00:00.000,2026-10-10T19:08:21.546629+00:00
01 BROOKLYN,Plumbing,1,2026-10-08T00:00:00.000,2026-10-10T19:08:21.546629+00:00
01 BROOKLYN,Real Time Enforcement,1,2026-10-08T00:00:00.000,2026-10-10T19:08:21.546629+00:00
01 BROOKLYN,Root/Sewer/Sidewalk Condition,1,2026-10-08T00:00:00.000,2026-10-10T19:08:21.546629+00:00
01 BROOKLYN,Obstruction,1,2026-10-08T00:00:00.000,2026-10-10T19:08:21.546629+00:00
01 BROOKLYN,Illegal Posting,1,2026-10-08T00:00:00.000,2026-10-10T19:08:21.546629+00:00
18 BROOKLYN,GENERAL,1,2026-10-08T00:00:00.000,2026-10-10T19:08:21.546629+00:00
18 BROOKLYN,Graffiti,1,2026-10-08T00:00:00.000,2026-10-10T19:08:21.546629+00:00
08 MANHATTAN,Street Sign - Damaged,1,2026-10-08T00:00:00.000,2026-10-10T19:08:21.546629+00:00
08 MANHATTAN,Taxi Complaint,1,2026-10-08T00:00:00.000,2026-10-10T19:08:21.546629+00:00
08 MANHATTAN,Traffic,1,2026-10-08T00:00:00.000,2026-10-10T19:08:21.546629+00:00
08 MANHATTAN,WATER LEAK,1,2026-10-08T00:00:00.000,2026-10-10T19:08:21.546629+00:00
08 MANHATTAN,Outdoor Dining,1,2026-10-08T00:00:00.000,2026-10-10T19:08:21.546629+00:00
08 MANHATTAN,PAINT/PLASTER,1,2026-10-08T00:00:00.000,2026-10-10T19:08:21.546629+00:00
08 MANHATTAN,PLUMBING,1,2026-10-08T00:00:00.000,2026-10-10T19:08:21.546629+00:00
08 MANHATTAN,Mobile Food Vendor,1,2026-10-08T00:00:00.000,2026-10-10T19:08:21.546629+00:00
09 BRONX,Root/Sewer/Sidewalk Condition,1,2026-10-08T00:00:00.000,2026-10-10T19:08:21.546629+00:00
09 BRONX,SAFETY,1,2026-10-08T00:00:00.000,2026-10-10T19:08:21.546629+00:00
09 BRONX,Sanitation Worker or Vehicle Complaint,1,2026-10-08T00:00:00.000,2026-10-10T19:08:21.546629+00:00
09 BRONX,Sidewalk Condition,1,2026-10-08T00:00:00.000,2026-10-10T19:08:21.546629+00:00
09 BRONX,Investigations and Discipline (IAD),1,2026-10-08T00:00:00.000,2026-10-10T19:08:21.546629+00:00
09 BRONX,Missed Collection,1,2026-10-08T00:00:00.000,2026-10-10T19:08:21.546629+00:00
08 BROOKLYN,Noise - Vehicle,1,2026-10-08T00:00:00.000,2026-10-10T19:08:21.546629+00:00
08 BROOKLYN,Real Time Enforcement,1,2026-10-08T00:00:00.000,2026-10-10T19:08:21.546629+00:00
08 QUEENS,Root/Sewer/Sidewalk Condition,1,2026-10-08T00:00:00.000,2026-10-10T19:08:21.546629+00:00
08 QUEENS,Smoking or Vaping,1,2026-10-08T00:00:00.000,2026-10-10T19:08:21.546629+00:00
08 QUEENS,Special Projects Inspection Team (SPIT),1,2026-10-08T00:00:00.000,2026-10-10T19:08:21.546629+00:00
09 BROOKLYN,Damaged Tree,1,2026-10-08T00:00:00.000,2026-10-10T19:08:21.546629+00:00
09 BROOKLYN,Day Care,1,2026-10-08T00:00:00.000,2026-10-10T19:08:21.546629+00:00
09 BROOKLYN,Dead Animal,1,2026-10-08T00:00:00.000,2026-10-10T19:08:21.546629+00:00
09 BROOKLYN,Derelict Vehicles,1,2026-10-08T00:00:00.000,2026-10-10T19:08:21.546629+00:00
09 BRONX,Traffic Signal Condition,1,2026-10-08T00:00:00.000,2026-10-10T19:08:21.546629+00:00
08 QUEENS,Obstruction,1,2026-10-08T00:00:00.000,2026-10-10T19:08:21.546629+00:00
08 QUEENS,PLUMBING,1,2026-10-08T00:00:00.000,2026-10-10T19:08:21.546629+00:00
08 QUEENS,GENERAL,1,2026-10-08T00:00:00.000,2026-10-10T19:08:21.546629+00:00
08 QUEENS,Indoor Air Quality,1,2026-10-08T00:00:00.000,2026-10-10T19:08:21.546629+00:00
08 QUEENS,Noise - House of Worship,1,2026-10-08T00:00:00.000,2026-10-10T19:08:21.546629+00:00
08 QUEENS,Day Care,1,2026-10-08T00:00:00.000,2026-10-10T19:08:21.546629+00:00
08 QUEENS,Dead/Dying Tree,1,2026-10-08T00:00:00.000,2026-10-10T19:08:21.546629+00:00
08 QUEENS,Elevator,1,2026-10-08T00:00:00.000,2026-10-10T19:08:21.546629+00:00
08 BROOKLYN,Street Sign - Damaged,1,2026-10-08T00:00:00.000,2026-10-10T19:08:21.546629+00:00
08 BROOKLYN,Street Sweeping Complaint,1,2026-10-08T00:00:00.000,2026-10-10T19:08:21.546629+00:00
08 BROOKLYN,Traffic,1,2026-10-08T00:00:00.000,2026-10-10T19:08:21.546629+00:00
09 BROOKLYN,Elevator,1,2026-10-08T00:00:00.000,2026-10-10T19:08:21.546629+00:00
09 BROOKLYN,Emergency Response Team (ERT),1,2026-10-08T00:00:00.000,2026-10-10T19:08:21.546629+00:00
09 BROOKLYN,Food Establishment,1,2026-10-08T00:00:00.000,2026-10-10T19:08:21.546629+00:00
09 BROOKLYN,For Hire Vehicle Complaint,1,2026-10-08T00:00:00.000,2026-10-10T19:08:21.546629+00:00
09 MANHATTAN,Street Sign - Damaged,1,2026-10-08T00:00:00.000,2026-10-10T19:08:21.546629+00:00
08 MANHATTAN,Emergency Response Team (ERT),1,2026-10-08T00:00:00.000,2026-10-10T19:08:21.546629+00:00
08 MANHATTAN,Encampment,1,2026-10-08T00:00:00.000,2026-10-10T19:08:21.546629+00:00
08 BROOKLYN,Unleashed Dog,1,2026-10-08T00:00:00.000,2026-10-10T19:08:21.546629+00:00
08 BROOKLYN,Water Maintenance,1,2026-10-08T00:00:00.000,2026-10-10T19:08:21.546629+00:00
08 MANHATTAN,Curb Condition,1,2026-10-08T00:00:00.000,2026-10-10T19:08:21.546629+00:00
08 MANHATTAN,Drinking,1,2026-10-08T00:00:00.000,2026-10-10T19:08:21.546629+00:00
08 BROOKLYN,Street Condition,1,2026-10-08T00:00:00.000,2026-10-10T19:08:21.546629+00:00
08 BROOKLYN,Street Light Condition,1,2026-10-08T00:00:00.000,2026-10-10T19:08:21.546629+00:00
09 BROOKLYN,General Construction/Plumbing,1,2026-10-08T00:00:00.000,2026-10-10T19:08:21.546629+00:00
09 BROOKLYN,Illegal Tree Damage,1,2026-10-08T00:00:00.000,2026-10-10T19:08:21.546629+00:00
09 BROOKLYN,Missed Collection,1,2026-10-08T00:00:00.000,2026-10-10T19:08:21.546629+00:00
08 BRONX,WATER LEAK,1,2026-10-08T00:00:00.000,2026-10-10T19:08:21.546629+00:00
08 BROOKLYN,APPLIANCE,1,2026-10-08T00:00:00.000,2026-10-10T19:08:21.546629+00:00
08 BROOKLYN,Abandoned Vehicle,1,2026-10-08T00:00:00.000,2026-10-10T19:08:21.546629+00:00
08 BROOKLYN,Blocked Driveway,1,2026-10-08T00:00:00.000,2026-10-10T19:08:21.546629+00:00
08 MANHATTAN,ELECTRIC,1,2026-10-08T00:00:00.000,2026-10-10T19:08:21.546629+00:00
08 MANHATTAN,Mold,1,2026-10-08T00:00:00.000,2026-10-10T19:08:21.546629+00:00
09 BRONX,Noise - Park,1,2026-10-08T00:00:00.000,2026-10-10T19:08:21.546629+00:00
09 BRONX,Obstruction,1,2026-10-08T00:00:00.000,2026-10-10T19:08:21.546629+00:00
09 BROOKLYN,SAFETY,1,2026-10-08T00:00:00.000,2026-10-10T19:08:21.546629+00:00
09 BROOKLYN,Sidewalk Condition,1,2026-10-08T00:00:00.000,2026-10-10T19:08:21.546629+00:00
09 BROOKLYN,Street Light Condition,1,2026-10-08T00:00:00.000,2026-10-10T19:08:21.546629+00:00
09 BROOKLYN,Noise - Park,1,2026-10-08T00:00:00.000,2026-10-10T19:08:21.546629+00:00
09 BROOKLYN,Residential Disposal Complaint,1,2026-10-08T00:00:00.000,2026-10-10T19:08:21.546629+00:00
08 BROOKLYN,Dead Animal,1,2026-10-08T00:00:00.000,2026-10-10T19:08:21.546629+00:00
08 BROOKLYN,ELECTRIC,1,2026-10-08T00:00:00.000,2026-10-10T19:08:21.546629+00:00
08 BROOKLYN,Elevator,1,2026-10-08T00:00:00.000,2026-10-10T19:08:21.546629+00:00
08 BRONX,Vendor Enforcement,1,2026-10-08T00:00:00.000,2026-10-10T19:08:21.546629+00:00
07 QUEENS,Maintenance or Facility,1,2026-10-08T00:00:00.000,2026-10-10T19:08:21.546629+00:00
08 BRONX,Root/Sewer/Sidewalk Condition,1,2026-10-08T00:00:00.000,2026-10-10T19:08:21.546629+00:00
08 BRONX,Litter Basket Request,1,2026-10-08T00:00:00.000,2026-10-10T19:08:21.546629+00:00
08 BRONX,Maintenance or Facility,1,2026-10-08T00:00:00.000,2026-10-10T19:08:21.546629+00:00
08 BROOKLYN,For Hire Vehicle Complaint,1,2026-10-08T00:00:00.000,2026-10-10T19:08:21.546629+00:00
08 BROOKLYN,General Construction/Plumbing,1,2026-10-08T00:00:00.000,2026-10-10T19:08:21.546629+00:00
08 BROOKLYN,Graffiti,1,2026-10-08T00:00:00.000,2026-10-10T19:08:21.546629+00:00
08 BROOKLYN,Homeless Person Assistance,1,2026-10-08T00:00:00.000,2026-10-10T19:08:21.546629+00:00
08 BROOKLYN,Illegal Dumping,1,2026-10-08T00:00:00.000,2026-10-10T19:08:21.546629+00:00
08 BROOKLYN,Boilers,1,2026-10-08T00:00:00.000,2026-10-10T19:08:21.546629+00:00
08 BROOKLYN,Cannabis Retailer,1,2026-10-08T00:00:00.000,2026-10-10T19:08:21.546629+00:00
08 BROOKLYN,DOOR/WINDOW,1,2026-10-08T00:00:00.000,2026-10-10T19:08:21.546629+00:00
09 MANHATTAN,Animal-Abuse,1,2026-10-08T00:00:00.000,2026-10-10T19:08:21.546629+00:00
07 QUEENS,Water Maintenance,1,2026-10-08T00:00:00.000,2026-10-10T19:08:21.546629+00:00
08 BRONX,APPLIANCE,1,2026-10-08T00:00:00.000,2026-10-10T19:08:21.546629+00:00
08 BRONX,Dead Animal,1,2026-10-08T00:00:00.000,2026-10-10T19:08:21.546629+00:00
08 BROOKLYN,Indoor Sewage,1,2026-10-08T00:00:00.000,2026-10-10T19:08:21.546629+00:00
08 BROOKLYN,Litter Basket Request,1,2026-10-08T00:00:00.000,2026-10-10T19:08:21.546629+00:00
08 BROOKLYN,Noise - Commercial,1,2026-10-08T00:00:00.000,2026-10-10T19:08:21.546629+00:00
08 BROOKLYN,FLOORING/STAIRS,1,2026-10-08T00:00:00.000,2026-10-10T19:08:21.546629+00:00
09 MANHATTAN,PAINT/PLASTER,1,2026-10-08T00:00:00.000,2026-10-10T19:08:21.546629+00:00
09 MANHATTAN,Root/Sewer/Sidewalk Condition,1,2026-10-08T00:00:00.000,2026-10-10T19:08:21.546629+00:00
09 MANHATTAN,Sewer Maintenance,1,2026-10-08T00:00:00.000,2026-10-10T19:08:21.546629+00:00
09 MANHATTAN,Sidewalk Condition,1,2026-10-08T00:00:00.000,2026-10-10T19:08:21.546629+00:00
09 MANHATTAN,Homeless Person Assistance,1,2026-10-08T00:00:00.000,2026-10-10T19:08:21.546629+00:00
09 MANHATTAN,Illegal Posting,1,2026-10-08T00:00:00.000,2026-10-10T19:08:21.546629+00:00
09 MANHATTAN,Illegal Tree Damage,1,2026-10-08T00:00:00.000,2026-10-10T19:08:21.546629+00:00
09 MANHATTAN,Abandoned Vehicle,1,2026-10-08T00:00:00.000,2026-10-10T19:08:21.546629+00:00
07 QUEENS,Rodent,1,2026-10-08T00:00:00.000,2026-10-10T19:08:21.546629+00:00
07 QUEENS,Smoking or Vaping,1,2026-10-08T00:00:00.000,2026-10-10T19:08:21.546629+00:00
07 QUEENS,Special Projects Inspection Team (SPIT),1,2026-10-08T00:00:00.000,2026-10-10T19:08:21.546629+00:00
07 QUEENS,Noise - Park,1,2026-10-08T00:00:00.000,2026-10-10T19:08:21.546629+00:00
07 QUEENS,PAINT/PLASTER,1,2026-10-08T00:00:00.000,2026-10-10T19:08:21.546629+00:00
07 QUEENS,HEAT/HOT WATER,1,2026-10-08T00:00:00.000,2026-10-10T19:08:21.546629+00:00
07 QUEENS,Homeless Person Assistance,1,2026-10-08T00:00:00.000,2026-10-10T19:08:21.546629+00:00
07 MANHATTAN,FLOORING/STAIRS,1,2026-10-08T00:00:00.000,2026-10-10T19:08:21.546629+00:00
07 MANHATTAN,Sanitation Worker or Vehicle Complaint,1,2026-10-08T00:00:00.000,2026-10-10T19:08:21.546629+00:00
07 MANHATTAN,Sewer Maintenance,1,2026-10-08T00:00:00.000,2026-10-10T19:08:21.546629+00:00
07 MANHATTAN,Special Projects Inspection Team (SPIT),1,2026-10-08T00:00:00.000,2026-10-10T19:08:21.546629+00:00
07 QUEENS,Street Light Condition,1,2026-10-08T00:00:00.000,2026-10-10T19:08:21.546629+00:00
07 QUEENS,Street Sign - Damaged,1,2026-10-08T00:00:00.000,2026-10-10T19:08:21.546629+00:00
07 QUEENS,Street Sign - Missing,1,2026-10-08T00:00:00.000,2026-10-10T19:08:21.546629+00:00
07 QUEENS,UNSANITARY CONDITION,1,2026-10-08T00:00:00.000,2026-10-10T19:08:21.546629+00:00
07 QUEENS,Unsanitary Animal Pvt Property,1,2026-10-08T00:00:00.000,2026-10-10T19:08:21.546629+00:00
09 QUEENS,Plumbing,1,2026-10-08T00:00:00.000,2026-10-10T19:08:21.546629+00:00
09 QUEENS,Sewer Maintenance,1,2026-10-08T00:00:00.000,2026-10-10T19:08:21.546629+00:00
09 QUEENS,Smoking or Vaping,1,2026-10-08T00:00:00.000,2026-10-10T19:08:21.546629+00:00
09 QUEENS,Street Sign - Missing,1,2026-10-08T00:00:00.000,2026-10-10T19:08:21.546629+00:00
09 QUEENS,Lead,1,2026-10-08T00:00:00.000,2026-10-10T19:08:21.546629+00:00
09 QUEENS,New Tree Request,1,2026-10-08T00:00:00.000,2026-10-10T19:08:21.546629+00:00
09 QUEENS,Noise - Street/Sidewalk,1,2026-10-08T00:00:00.000,2026-10-10T19:08:21.546629+00:00
09 QUEENS,Graffiti,1,2026-10-08T00:00:00.000,2026-10-10T19:08:21.546629+00:00
08 BRONX,Missed Collection,1,2026-10-08T00:00:00.000,2026-10-10T19:08:21.546629+00:00
08 BRONX,Noise - Park,1,2026-10-08T00:00:00.000,2026-10-10T19:08:21.546629+00:00
08 BRONX,ELECTRIC,1,2026-10-08T00:00:00.000,2026-10-10T19:08:21.546629+00:00
08 BRONX,Emergency Response Team (ERT),1,2026-10-08T00:00:00.000,2026-10-10T19:08:21.546629+00:00
08 BRONX,GENERAL,1,2026-10-08T00:00:00.000,2026-10-10T19:08:21.546629+00:00
08 BRONX,Illegal Dumping,1,2026-10-08T00:00:00.000,2026-10-10T19:08:21.546629+00:00
07 QUEENS,Urinating in Public,1,2026-10-08T00:00:00.000,2026-10-10T19:08:21.546629+00:00
09 MANHATTAN,Encampment,1,2026-10-08T00:00:00.000,2026-10-10T19:08:21.546629+00:00
07 MANHATTAN,Noise - Vehicle,1,2026-10-08T00:00:00.000,2026-10-10T19:08:21.546629+00:00
07 MANHATTAN,Overgrown Tree/Branches,1,2026-10-08T00:00:00.000,2026-10-10T19:08:21.546629+00:00
07 MANHATTAN,Missed Collection,1,2026-10-08T00:00:00.000,2026-10-10T19:08:21.546629+00:00
07 MANHATTAN,Mobile Food Vendor,1,2026-10-08T00:00:00.000,2026-10-10T19:08:21.546629+00:00
07 MANHATTAN,Illegal Tree Damage,1,2026-10-08T00:00:00.000,2026-10-10T19:08:21.546629+00:00
07 MANHATTAN,Indoor Air Quality,1,2026-10-08T00:00:00.000,2026-10-10T19:08:21.546629+00:00
07 MANHATTAN,Litter Basket Request,1,2026-10-08T00:00:00.000,2026-10-10T19:08:21.546629+00:00
07 MANHATTAN,Lost Property,1,2026-10-08T00:00:00.000,2026-10-10T19:08:21.546629+00:00
10 BRONX,Cannabis Retailer,1,2026-10-08T00:00:00.000,2026-10-10T19:08:21.546629+00:00
10 BRONX,DOOR/WINDOW,1,2026-10-08T00:00:00.000,2026-10-10T19:08:21.546629+00:00
10 BRONX,Derelict Vehicles,1,2026-10-08T00:00:00.000,2026-10-10T19:08:21.546629+00:00
10 BRONX,ELECTRIC,1,2026-10-08T00:00:00.000,2026-10-10T19:08:21.546629+00:00
09 QUEENS,Traffic Signal Condition,1,2026-10-08T00:00:00.000,2026-10-10T19:08:21.546629+00:00
07 BROOKLYN,Noise - Vehicle,1,2026-10-08T00:00:00.000,2026-10-10T19:08:21.546629+00:00
07 BROOKLYN,Overgrown Tree/Branches,1,2026-10-08T00:00:00.000,2026-10-10T19:08:21.546629+00:00
07 BROOKLYN,Posting Advertisement,1,2026-10-08T00:00:00.000,2026-10-10T19:08:21.546629+00:00
07 MANHATTAN,Street Sign - Damaged,1,2026-10-08T00:00:00.000,2026-10-10T19:08:21.546629+00:00
07 MANHATTAN,Taxi Complaint,1,2026-10-08T00:00:00.000,2026-10-10T19:08:21.546629+00:00
07 MANHATTAN,Water Quality,1,2026-10-08T00:00:00.000,2026-10-10T19:08:21.546629+00:00
07 MANHATTAN,Root/Sewer/Sidewalk Condition,1,2026-10-08T00:00:00.000,2026-10-10T19:08:21.546629+00:00
09 QUEENS,Drug Activity,1,2026-10-08T00:00:00.000,2026-10-10T19:08:21.546629+00:00
10 BRONX,PAINT/PLASTER,1,2026-10-08T00:00:00.000,2026-10-10T19:08:21.546629+00:00
10 BRONX,Graffiti,1,2026-10-08T00:00:00.000,2026-10-10T19:08:21.546629+00:00
10 BRONX,Lead,1,2026-10-08T00:00:00.000,2026-10-10T19:08:21.546629+00:00
07 MANHATTAN,For Hire Vehicle Complaint,1,2026-10-08T00:00:00.000,2026-10-10T19:08:21.546629+00:00
07 QUEENS,Dead Animal,1,2026-10-08T00:00:00.000,2026-10-10T19:08:21.546629+00:00
07 QUEENS,ELECTRIC,1,2026-10-08T00:00:00.000,2026-10-10T19:08:21.546629+00:00
07 QUEENS,Elevator,1,2026-10-08T00:00:00.000,2026-10-10T19:08:21.546629+00:00
07 QUEENS,GENERAL,1,2026-10-08T00:00:00.000,2026-10-10T19:08:21.546629+00:00
07 QUEENS,Animal in a Park,1,2026-10-08T00:00:00.000,2026-10-10T19:08:21.546629+00:00
07 QUEENS,Curb Condition,1,2026-10-08T00:00:00.000,2026-10-10T19:08:21.546629+00:00
07 QUEENS,DOOR/WINDOW,1,2026-10-08T00:00:00.000,2026-10-10T19:08:21.546629+00:00
07 MANHATTAN,ELECTRIC,1,2026-10-08T00:00:00.000,2026-10-10T19:08:21.546629+00:00
07 MANHATTAN,ELEVATOR,1,2026-10-08T00:00:00.000,2026-10-10T19:08:21.546629+00:00
07 BROOKLYN,Vendor Enforcement,1,2026-10-08T00:00:00.000,2026-10-10T19:08:21.546629+00:00
07 MANHATTAN,Bus Stop Shelter Complaint,1,2026-10-08T00:00:00.000,2026-10-10T19:08:21.546629+00:00
07 BROOKLYN,Standing Water,1,2026-10-08T00:00:00.000,2026-10-10T19:08:21.546629+00:00
07 BROOKLYN,Street Sign - Damaged,1,2026-10-08T00:00:00.000,2026-10-10T19:08:21.546629+00:00
10 BRONX,SAFETY,1,2026-10-08T00:00:00.000,2026-10-10T19:08:21.546629+00:00
10 BRONX,Sewer Maintenance,1,2026-10-08T00:00:00.000,2026-10-10T19:08:21.546629+00:00
10 BRONX,Rodent,1,2026-10-08T00:00:00.000,2026-10-10T19:08:21.546629+00:00
10 BRONX,Root/Sewer/Sidewalk Condition,1,2026-10-08T00:00:00.000,2026-10-10T19:08:21.546629+00:00
07 BROOKLYN,Abandoned Vehicle,1,2026-10-08T00:00:00.000,2026-10-10T19:08:21.546629+00:00
07 BROOKLYN,Building/Use,1,2026-10-08T00:00:00.000,2026-10-10T19:08:21.546629+00:00
07 MANHATTAN,Day Care,1,2026-10-08T00:00:00.000,2026-10-10T19:08:21.546629+00:00
07 MANHATTAN,Dead/Dying Tree,1,2026-10-08T00:00:00.000,2026-10-10T19:08:21.546629+00:00
07 MANHATTAN,Derelict Vehicles,1,2026-10-08T00:00:00.000,2026-10-10T19:08:21.546629+00:00
07 MANHATTAN,Dirty Condition,1,2026-10-08T00:00:00.000,2026-10-10T19:08:21.546629+00:00
10 BROOKLYN,Bike/Roller/Skate,1,2026-10-08T00:00:00.000,2026-10-10T19:08:21.546629+00:00
10 BROOKLYN,Consumer Complaint,1,2026-10-08T00:00:00.000,2026-10-10T19:08:21.546629+00:00
10 BROOKLYN,ELECTRIC,1,2026-10-08T00:00:00.000,2026-10-10T19:08:21.546629+00:00
10 BRONX,Street Sweeping Complaint,1,2026-10-08T00:00:00.000,2026-10-10T19:08:21.546629+00:00
10 BRONX,Vendor Enforcement,1,2026-10-08T00:00:00.000,2026-10-10T19:08:21.546629+00:00
10 BRONX,WATER LEAK,1,2026-10-08T00:00:00.000,2026-10-10T19:08:21.546629+00:00
10 BROOKLYN,Animal-Abuse,1,2026-10-08T00:00:00.000,2026-10-10T19:08:21.546629+00:00
10 BROOKLYN,Bench,1,2026-10-08T00:00:00.000,2026-10-10T19:08:21.546629+00:00
07 MANHATTAN,Emergency Response Team (ERT),1,2026-10-08T00:00:00.000,2026-10-10T19:08:21.546629+00:00
09 QUEENS,WATER LEAK,1,2026-10-08T00:00:00.000,2026-10-10T19:08:21.546629+00:00
10 BRONX,Animal-Abuse,1,2026-10-08T00:00:00.000,2026-10-10T19:08:21.546629+00:00
10 BRONX,Asbestos,1,2026-10-08T00:00:00.000,2026-10-10T19:08:21.546629+00:00
10 BROOKLYN,Emergency Response Team (ERT),1,2026-10-08T00:00:00.000,2026-10-10T19:08:21.546629+00:00
10 BROOKLYN,FLOORING/STAIRS,1,2026-10-08T00:00:00.000,2026-10-10T19:08:21.546629+00:00
10 BROOKLYN,For Hire Vehicle Complaint,1,2026-10-08T00:00:00.000,2026-10-10T19:08:21.546629+00:00
10 BROOKLYN,Homeless Person Assistance,1,2026-10-08T00:00:00.000,2026-10-10T19:08:21.546629+00:00
07 BROOKLYN,General Construction/Plumbing,1,2026-10-08T00:00:00.000,2026-10-10T19:08:21.546629+00:00
07 BROOKLYN,Graffiti,1,2026-10-08T00:00:00.000,2026-10-10T19:08:21.546629+00:00
07 BROOKLYN,Cannabis Retailer,1,2026-10-08T00:00:00.000,2026-10-10T19:08:21.546629+00:00
07 BROOKLYN,Damaged Tree,1,2026-10-08T00:00:00.000,2026-10-10T19:08:21.546629+00:00
07 BROOKLYN,Dead/Dying Tree,1,2026-10-08T00:00:00.000,2026-10-10T19:08:21.546629+00:00
07 BROOKLYN,Drinking,1,2026-10-08T00:00:00.000,2026-10-10T19:08:21.546629+00:00
06 QUEENS,Noise - Street/Sidewalk,1,2026-10-08T00:00:00.000,2026-10-10T19:08:21.546629+00:00
06 QUEENS,Noise - Vehicle,1,2026-10-08T00:00:00.000,2026-10-10T19:08:21.546629+00:00
07 BRONX,Emergency Response Team (ERT),1,2026-10-08T00:00:00.000,2026-10-10T19:08:21.546629+00:00
07 BRONX,For Hire Vehicle Complaint,1,2026-10-08T00:00:00.000,2026-10-10T19:08:21.546629+00:00
07 BROOKLYN,Illegal Tree Damage,1,2026-10-08T00:00:00.000,2026-10-10T19:08:21.546629+00:00
07 BROOKLYN,Lead,1,2026-10-08T00:00:00.000,2026-10-10T19:08:21.546629+00:00
07 BROOKLYN,Noise - Commercial,1,2026-10-08T00:00:00.000,2026-10-10T19:08:21.546629+00:00
07 BROOKLYN,Noise - Park,1,2026-10-08T00:00:00.000,2026-10-10T19:08:21.546629+00:00
07 BROOKLYN,FLOORING/STAIRS,1,2026-10-08T00:00:00.000,2026-10-10T19:08:21.546629+00:00
07 BROOKLYN,Food Establishment,1,2026-10-08T00:00:00.000,2026-10-10T19:08:21.546629+00:00
10 BROOKLYN,WATER LEAK,1,2026-10-08T00:00:00.000,2026-10-10T19:08:21.546629+00:00
10 BROOKLYN,PLUMBING,1,2026-10-08T00:00:00.000,2026-10-10T19:08:21.546629+00:00
10 BROOKLYN,Posting Advertisement,1,2026-10-08T00:00:00.000,2026-10-10T19:08:21.546629+00:00
10 BROOKLYN,Real Time Enforcement,1,2026-10-08T00:00:00.000,2026-10-10T19:08:21.546629+00:00
10 BROOKLYN,SAFETY,1,2026-10-08T00:00:00.000,2026-10-10T19:08:21.546629+00:00
10 BROOKLYN,Illegal Tree Damage,1,2026-10-08T00:00:00.000,2026-10-10T19:08:21.546629+00:00
10 BROOKLYN,Indoor Air Quality,1,2026-10-08T00:00:00.000,2026-10-10T19:08:21.546629+00:00
07 BRONX,ELECTRIC,1,2026-10-08T00:00:00.000,2026-10-10T19:08:21.546629+00:00
10 BRONX,Special Projects Inspection Team (SPIT),1,2026-10-08T00:00:00.000,2026-10-10T19:08:21.546629+00:00
10 BROOKLYN,Waste Water Treatment Plant,1,2026-10-08T00:00:00.000,2026-10-10T19:08:21.546629+00:00
10 MANHATTAN,APPLIANCE,1,2026-10-08T00:00:00.000,2026-10-10T19:08:21.546629+00:00
10 MANHATTAN,Bike/Roller/Skate,1,2026-10-08T00:00:00.000,2026-10-10T19:08:21.546629+00:00
10 MANHATTAN,Drinking,1,2026-10-08T00:00:00.000,2026-10-10T19:08:21.546629+00:00
10 BROOKLYN,Smoking or Vaping,1,2026-10-08T00:00:00.000,2026-10-10T19:08:21.546629+00:00
10 BROOKLYN,Traffic Signal Condition,1,2026-10-08T00:00:00.000,2026-10-10T19:08:21.546629+00:00
10 BROOKLYN,Vendor Enforcement,1,2026-10-08T00:00:00.000,2026-10-10T19:08:21.546629+00:00
06 MANHATTAN,Urinating in Public,1,2026-10-08T00:00:00.000,2026-10-10T19:08:21.546629+00:00
06 MANHATTAN,Vendor Enforcement,1,2026-10-08T00:00:00.000,2026-10-10T19:08:21.546629+00:00
06 MANHATTAN,WATER LEAK,1,2026-10-08T00:00:00.000,2026-10-10T19:08:21.546629+00:00
07 BRONX,Abandoned Vehicle,1,2026-10-08T00:00:00.000,2026-10-10T19:08:21.546629+00:00
07 BRONX,Boilers,1,2026-10-08T00:00:00.000,2026-10-10T19:08:21.546629+00:00
07 BRONX,Building/Use,1,2026-10-08T00:00:00.000,2026-10-10T19:08:21.546629+00:00
07 BRONX,Consumer Complaint,1,2026-10-08T00:00:00.000,2026-10-10T19:08:21.546629+00:00
06 QUEENS,Traffic,1,2026-10-08T00:00:00.000,2026-10-10T19:08:21.546629+00:00
10 MANHATTAN,New Tree Request,1,2026-10-08T00:00:00.000,2026-10-10T19:08:21.546629+00:00
10 MANHATTAN,Noise,1,2026-10-08T00:00:00.000,2026-10-10T19:08:21.546629+00:00
10 MANHATTAN,Illegal Animal Sold,1,2026-10-08T00:00:00.000,2026-10-10T19:08:21.546629+00:00
10 MANHATTAN,Illegal Tree Damage,1,2026-10-08T00:00:00.000,2026-10-10T19:08:21.546629+00:00
10 MANHATTAN,Indoor Air Quality,1,2026-10-08T00:00:00.000,2026-10-10T19:08:21.546629+00:00
10 MANHATTAN,Lead,1,2026-10-08T00:00:00.000,2026-10-10T19:08:21.546629+00:00
10 MANHATTAN,Lot Condition,1,2026-10-08T00:00:00.000,2026-10-10T19:08:21.546629+00:00
10 MANHATTAN,Elevator,1,2026-10-08T00:00:00.000,2026-10-10T19:08:21.546629+00:00
10 BROOKLYN,Lead,1,2026-10-08T00:00:00.000,2026-10-10T19:08:21.546629+00:00
10 BROOKLYN,Noise - Commercial,1,2026-10-08T00:00:00.000,2026-10-10T19:08:21.546629+00:00
10 BROOKLYN,Noise - Street/Sidewalk,1,2026-10-08T00:00:00.000,2026-10-10T19:08:21.546629+00:00
10 BROOKLYN,Non-Emergency Police Matter,1,2026-10-08T00:00:00.000,2026-10-10T19:08:21.546629+00:00
10 MANHATTAN,OUTSIDE BUILDING,1,2026-10-08T00:00:00.000,2026-10-10T19:08:21.546629+00:00
10 MANHATTAN,Overgrown Tree/Branches,1,2026-10-08T00:00:00.000,2026-10-10T19:08:21.546629+00:00
10 MANHATTAN,Panhandling,1,2026-10-08T00:00:00.000,2026-10-10T19:08:21.546629+00:00
10 MANHATTAN,Sewer Maintenance,1,2026-10-08T00:00:00.000,2026-10-10T19:08:21.546629+00:00
07 BRONX,Plumbing,1,2026-10-08T00:00:00.000,2026-10-10T19:08:21.546629+00:00
07 BRONX,Residential Disposal Complaint,1,2026-10-08T00:00:00.000,2026-10-10T19:08:21.546629+00:00
07 BRONX,Sidewalk Condition,1,2026-10-08T00:00:00.000,2026-10-10T19:08:21.546629+00:00
07 BRONX,Street Sign - Missing,1,2026-10-08T00:00:00.000,2026-10-10T19:08:21.546629+00:00
07 BRONX,Non-Emergency Police Matter,1,2026-10-08T00:00:00.000,2026-10-10T19:08:21.546629+00:00
07 BRONX,Graffiti,1,2026-10-08T00:00:00.000,2026-10-10T19:08:21.546629+00:00
07 BRONX,Homeless Person Assistance,1,2026-10-08T00:00:00.000,2026-10-10T19:08:21.546629+00:00
07 BRONX,Indoor Air Quality,1,2026-10-08T00:00:00.000,2026-10-10T19:08:21.546629+00:00
06 MANHATTAN,Dirty Condition,1,2026-10-08T00:00:00.000,2026-10-10T19:08:21.546629+00:00
06 MANHATTAN,GENERAL,1,2026-10-08T00:00:00.000,2026-10-10T19:08:21.546629+00:00
06 QUEENS,Homeless Person Assistance,1,2026-10-08T00:00:00.000,2026-10-10T19:08:21.546629+00:00
06 QUEENS,Illegal Dumping,1,2026-10-08T00:00:00.000,2026-10-10T19:08:21.546629+00:00
06 QUEENS,Illegal Posting,1,2026-10-08T00:00:00.000,2026-10-10T19:08:21.546629+00:00
06 QUEENS,Indoor Air Quality,1,2026-10-08T00:00:00.000,2026-10-10T19:08:21.546629+00:00
06 QUEENS,Litter Basket Complaint,1,2026-10-08T00:00:00.000,2026-10-10T19:08:21.546629+00:00
06 QUEENS,ELECTRIC,1,2026-10-08T00:00:00.000,2026-10-10T19:08:21.546629+00:00
10 QUEENS,Mold,1,2026-10-08T00:00:00.000,2026-10-10T19:08:21.546629+00:00
10 QUEENS,New Tree Request,1,2026-10-08T00:00:00.000,2026-10-10T19:08:21.546629+00:00
10 QUEENS,Dirty Condition,1,2026-10-08T00:00:00.000,2026-10-10T19:08:21.546629+00:00
10 QUEENS,General Construction/Plumbing,1,2026-10-08T00:00:00.000,2026-10-10T19:08:21.546629+00:00
10 QUEENS,Graffiti,1,2026-10-08T00:00:00.000,2026-10-10T19:08:21.546629+00:00
10 QUEENS,Illegal Posting,1,2026-10-08T00:00:00.000,2026-10-10T19:08:21.546629+00:00
10 QUEENS,Curb Condition,1,2026-10-08T00:00:00.000,2026-10-10T19:08:21.546629+00:00
10 MANHATTAN,Smoking or Vaping,1,2026-10-08T00:00:00.000,2026-10-10T19:08:21.546629+00:00
06 QUEENS,Street Condition,1,2026-10-08T00:00:00.000,2026-10-10T19:08:21.546629+00:00
06 QUEENS,Street Sign - Damaged,1,2026-10-08T00:00:00.000,2026-10-10T19:08:21.546629+00:00
06 QUEENS,Street Sign - Dangling,1,2026-10-08T00:00:00.000,2026-10-10T19:08:21.546629+00:00
06 QUEENS,Noise,1,2026-10-08T00:00:00.000,2026-10-10T19:08:21.546629+00:00
06 QUEENS,Noise - Park,1,2026-10-08T00:00:00.000,2026-10-10T19:08:21.546629+00:00
10 MANHATTAN,FLOORING/STAIRS,1,2026-10-08T00:00:00.000,2026-10-10T19:08:21.546629+00:00
10 MANHATTAN,Food Poisoning,1,2026-10-08T00:00:00.000,2026-10-10T19:08:21.546629+00:00
10 MANHATTAN,Graffiti,1,2026-10-08T00:00:00.000,2026-10-10T19:08:21.546629+00:00
06 QUEENS,Traffic Signal Condition,1,2026-10-08T00:00:00.000,2026-10-10T19:08:21.546629+00:00
06 QUEENS,Unleashed Dog,1,2026-10-08T00:00:00.000,2026-10-10T19:08:21.546629+00:00
06 QUEENS,Violation of Park Rules,1,2026-10-08T00:00:00.000,2026-10-10T19:08:21.546629+00:00
06 QUEENS,WATER LEAK,1,2026-10-08T00:00:00.000,2026-10-10T19:08:21.546629+00:00
06 QUEENS,Real Time Enforcement,1,2026-10-08T00:00:00.000,2026-10-10T19:08:21.546629+00:00
06 QUEENS,Rodent,1,2026-10-08T00:00:00.000,2026-10-10T19:08:21.546629+00:00
06 QUEENS,Root/Sewer/Sidewalk Condition,1,2026-10-08T00:00:00.000,2026-10-10T19:08:21.546629+00:00
06 QUEENS,Sewer Maintenance,1,2026-10-08T00:00:00.000,2026-10-10T19:08:21.546629+00:00
06 MANHATTAN,PLUMBING,1,2026-10-08T00:00:00.000,2026-10-10T19:08:21.546629+00:00
06 MANHATTAN,Plumbing,1,2026-10-08T00:00:00.000,2026-10-10T19:08:21.546629+00:00
06 MANHATTAN,Sewer Maintenance,1,2026-10-08T00:00:00.000,2026-10-10T19:08:21.546629+00:00
06 MANHATTAN,Sidewalk Condition,1,2026-10-08T00:00:00.000,2026-10-10T19:08:21.546629+00:00
06 MANHATTAN,Street Light Condition,1,2026-10-08T00:00:00.000,2026-10-10T19:08:21.546629+00:00
06 MANHATTAN,Street Sign - Damaged,1,2026-10-08T00:00:00.000,2026-10-10T19:08:21.546629+00:00
06 MANHATTAN,Noise - Vehicle,1,2026-10-08T00:00:00.000,2026-10-10T19:08:21.546629+00:00
06 MANHATTAN,Obstruction,1,2026-10-08T00:00:00.000,2026-10-10T19:08:21.546629+00:00
11 BRONX,Dead/Dying Tree,1,2026-10-08T00:00:00.000,2026-10-10T19:08:21.546629+00:00
11 BRONX,Drug Activity,1,2026-10-08T00:00:00.000,2026-10-10T19:08:21.546629+00:00
10 QUEENS,Violation of Park Rules,1,2026-10-08T00:00:00.000,2026-10-10T19:08:21.546629+00:00
10 QUEENS,Wood Pile Remaining,1,2026-10-08T00:00:00.000,2026-10-10T19:08:21.546629+00:00
11 BRONX,Animal Facility - No Permit,1,2026-10-08T00:00:00.000,2026-10-10T19:08:21.546629+00:00
06 BROOKLYN,Litter Basket Complaint,1,2026-10-08T00:00:00.000,2026-10-10T19:08:21.546629+00:00
06 BROOKLYN,Lot Condition,1,2026-10-08T00:00:00.000,2026-10-10T19:08:21.546629+00:00
06 BROOKLYN,Maintenance or Facility,1,2026-10-08T00:00:00.000,2026-10-10T19:08:21.546629+00:00
06 MANHATTAN,Taxi Report,1,2026-10-08T00:00:00.000,2026-10-10T19:08:21.546629+00:00
10 MANHATTAN,Street Condition,1,2026-10-08T00:00:00.000,2026-10-10T19:08:21.546629+00:00
10 MANHATTAN,Unsanitary Animal Pvt Property,1,2026-10-08T00:00:00.000,2026-10-10T19:08:21.546629+00:00
11 BRONX,Food Establishment,1,2026-10-08T00:00:00.000,2026-10-10T19:08:21.546629+00:00
11 BRONX,For Hire Vehicle Complaint,1,2026-10-08T00:00:00.000,2026-10-10T19:08:21.546629+00:00
11 BRONX,General Construction/Plumbing,1,2026-10-08T00:00:00.000,2026-10-10T19:08:21.546629+00:00
11 BRONX,Homeless Person Assistance,1,2026-10-08T00:00:00.000,2026-10-10T19:08:21.546629+00:00
11 BRONX,Building/Use,1,2026-10-08T00:00:00.000,2026-10-10T19:08:21.546629+00:00
06 QUEENS,ELEVATOR,1,2026-10-08T00:00:00.000,2026-10-10T19:08:21.546629+00:00
06 QUEENS,For Hire Vehicle Complaint,1,2026-10-08T00:00:00.000,2026-10-10T19:08:21.546629+00:00
06 QUEENS,General Construction/Plumbing,1,2026-10-08T00:00:00.000,2026-10-10T19:08:21.546629+00:00
06 QUEENS,Green Infrastructure,1,2026-10-08T00:00:00.000,2026-10-10T19:08:21.546629+00:00
06 QUEENS,Abandoned Vehicle,1,2026-10-08T00:00:00.000,2026-10-10T19:08:21.546629+00:00
06 QUEENS,Animal in a Park,1,2026-10-08T00:00:00.000,2026-10-10T19:08:21.546629+00:00
06 QUEENS,Animal-Abuse,1,2026-10-08T00:00:00.000,2026-10-10T19:08:21.546629+00:00
06 QUEENS,Building/Use,1,2026-10-08T00:00:00.000,2026-10-10T19:08:21.546629+00:00
06 MANHATTAN,Curb Condition,1,2026-10-08T00:00:00.000,2026-10-10T19:08:21.546629+00:00
06 BROOKLYN,Rodent,1,2026-10-08T00:00:00.000,2026-10-10T19:08:21.546629+00:00
06 BROOKLYN,Sewer Maintenance,1,2026-10-08T00:00:00.000,2026-10-10T19:08:21.546629+00:00
06 BROOKLYN,Overgrown Tree/Branches,1,2026-10-08T00:00:00.000,2026-10-10T19:08:21.546629+00:00
06 BROOKLYN,PAINT/PLASTER,1,2026-10-08T00:00:00.000,2026-10-10T19:08:21.546629+00:00
06 BROOKLYN,Residential Disposal Complaint,1,2026-10-08T00:00:00.000,2026-10-10T19:08:21.546629+00:00
06 BROOKLYN,Illegal Tree Damage,1,2026-10-08T00:00:00.000,2026-10-10T19:08:21.546629+00:00
11 BRONX,Industrial Waste,1,2026-10-08T00:00:00.000,2026-10-10T19:08:21.546629+00:00
11 BRONX,Obstruction,1,2026-10-08T00:00:00.000,2026-10-10T19:08:21.546629+00:00
11 BRONX,Panhandling,1,2026-10-08T00:00:00.000,2026-10-10T19:08:21.546629+00:00
11 BRONX,Residential Disposal Complaint,1,2026-10-08T00:00:00.000,2026-10-10T19:08:21.546629+00:00
11 BRONX,Illegal Dumping,1,2026-10-08T00:00:00.000,2026-10-10T19:08:21.546629+00:00
06 BRONX,Traffic Signal Condition,1,2026-10-08T00:00:00.000,2026-10-10T19:08:21.546629+00:00
06 BROOKLYN,Vendor Enforcement,1,2026-10-08T00:00:00.000,2026-10-10T19:08:21.546629+00:00
06 BROOKLYN,WATER LEAK,1,2026-10-08T00:00:00.000,2026-10-10T19:08:21.546629+00:00
06 MANHATTAN,Air Quality,1,2026-10-08T00:00:00.000,2026-10-10T19:08:21.546629+00:00
11 BRONX,Vendor Enforcement,1,2026-10-08T00:00:00.000,2026-10-10T19:08:21.546629+00:00
11 BROOKLYN,Abandoned Bike,1,2026-10-08T00:00:00.000,2026-10-10T19:08:21.546629+00:00
11 BROOKLYN,Animal-Abuse,1,2026-10-08T00:00:00.000,2026-10-10T19:08:21.546629+00:00
11 BRONX,Root/Sewer/Sidewalk Condition,1,2026-10-08T00:00:00.000,2026-10-10T19:08:21.546629+00:00
11 BRONX,Sidewalk Condition,1,2026-10-08T00:00:00.000,2026-10-10T19:08:21.546629+00:00
11 BRONX,Special Projects Inspection Team (SPIT),1,2026-10-08T00:00:00.000,2026-10-10T19:08:21.546629+00:00
11 BRONX,Street Condition,1,2026-10-08T00:00:00.000,2026-10-10T19:08:21.546629+00:00
11 BRONX,Street Sweeping Complaint,1,2026-10-08T00:00:00.000,2026-10-10T19:08:21.546629+00:00
06 MANHATTAN,Outdoor Dining,1,2026-10-08T00:00:00.000,2026-10-10T19:08:21.546629+00:00
06 MANHATTAN,Maintenance or Facility,1,2026-10-08T00:00:00.000,2026-10-10T19:08:21.546629+00:00
06 MANHATTAN,Missed Collection,1,2026-10-08T00:00:00.000,2026-10-10T19:08:21.546629+00:00
06 MANHATTAN,Dead Animal,1,2026-10-08T00:00:00.000,2026-10-10T19:08:21.546629+00:00
10 QUEENS,Residential Disposal Complaint,1,2026-10-08T00:00:00.000,2026-10-10T19:08:21.546629+00:00
10 QUEENS,Sidewalk Condition,1,2026-10-08T00:00:00.000,2026-10-10T19:08:21.546629+00:00
10 QUEENS,Street Light Condition,1,2026-10-08T00:00:00.000,2026-10-10T19:08:21.546629+00:00
11 BRONX,Traffic Signal Condition,1,2026-10-08T00:00:00.000,2026-10-10T19:08:21.546629+00:00
06 BROOKLYN,Derelict Vehicles,1,2026-10-08T00:00:00.000,2026-10-10T19:08:21.546629+00:00
06 BROOKLYN,Encampment,1,2026-10-08T00:00:00.000,2026-10-10T19:08:21.546629+00:00
06 BRONX,Water Conservation,1,2026-10-08T00:00:00.000,2026-10-10T19:08:21.546629+00:00
06 BRONX,Water Maintenance,1,2026-10-08T00:00:00.000,2026-10-10T19:08:21.546629+00:00
06 BROOKLYN,Animal in a Park,1,2026-10-08T00:00:00.000,2026-10-10T19:08:21.546629+00:00
06 BROOKLYN,Bike/Roller/Skate,1,2026-10-08T00:00:00.000,2026-10-10T19:08:21.546629+00:00
06 BROOKLYN,Construction Lead Dust,1,2026-10-08T00:00:00.000,2026-10-10T19:08:21.546629+00:00
06 BRONX,Panhandling,1,2026-10-08T00:00:00.000,2026-10-10T19:08:21.546629+00:00
05 QUEENS,WATER LEAK,1,2026-10-08T00:00:00.000,2026-10-10T19:08:21.546629+00:00
06 BRONX,Air Quality,1,2026-10-08T00:00:00.000,2026-10-10T19:08:21.546629+00:00
06 BROOKLYN,FLOORING/STAIRS,1,2026-10-08T00:00:00.000,2026-10-10T19:08:21.546629+00:00
06 BROOKLYN,Food Establishment,1,2026-10-08T00:00:00.000,2026-10-10T19:08:21.546629+00:00
06 BROOKLYN,GENERAL,1,2026-10-08T00:00:00.000,2026-10-10T19:08:21.546629+00:00
06 BROOKLYN,Graffiti,1,2026-10-08T00:00:00.000,2026-10-10T19:08:21.546629+00:00
06 BROOKLYN,Homeless Person Assistance,1,2026-10-08T00:00:00.000,2026-10-10T19:08:21.546629+00:00
06 BROOKLYN,Dead/Dying Tree,1,2026-10-08T00:00:00.000,2026-10-10T19:08:21.546629+00:00
11 BROOKLYN,Dead/Dying Tree,1,2026-10-08T00:00:00.000,2026-10-10T19:08:21.546629+00:00
11 BROOKLYN,Derelict Vehicles,1,2026-10-08T00:00:00.000,2026-10-10T19:08:21.546629+00:00
11 BROOKLYN,ELECTRIC,1,2026-10-08T00:00:00.000,2026-10-10T19:08:21.546629+00:00
11 BROOKLYN,Encampment,1,2026-10-08T00:00:00.000,2026-10-10T19:08:21.546629+00:00
11 BROOKLYN,FLOORING/STAIRS,1,2026-10-08T00:00:00.000,2026-10-10T19:08:21.546629+00:00
11 BROOKLYN,For Hire Vehicle Complaint,1,2026-10-08T00:00:00.000,2026-10-10T19:08:21.546629+00:00
11 BROOKLYN,BEST/Site Safety,1,2026-10-08T00:00:00.000,2026-10-10T19:08:21.546629+00:00
05 QUEENS,UNSANITARY CONDITION,1,2026-10-08T00:00:00.000,2026-10-10T19:08:21.546629+00:00
11 BRONX,Lead,1,2026-10-08T00:00:00.000,2026-10-10T19:08:21.546629+00:00
11 BRONX,Maintenance or Facility,1,2026-10-08T00:00:00.000,2026-10-10T19:08:21.546629+00:00
11 BROOKLYN,Outdoor Dining,1,2026-10-08T00:00:00.000,2026-10-10T19:08:21.546629+00:00
11 BROOKLYN,Overgrown Tree/Branches,1,2026-10-08T00:00:00.000,2026-10-10T19:08:21.546629+00:00
11 BROOKLYN,PLUMBING,1,2026-10-08T00:00:00.000,2026-10-10T19:08:21.546629+00:00
11 BROOKLYN,Plumbing,1,2026-10-08T00:00:00.000,2026-10-10T19:08:21.546629+00:00
11 BROOKLYN,Lead,1,2026-10-08T00:00:00.000,2026-10-10T19:08:21.546629+00:00
11 BROOKLYN,Missed Collection,1,2026-10-08T00:00:00.000,2026-10-10T19:08:21.546629+00:00
11 MANHATTAN,Air Quality,1,2026-10-08T00:00:00.000,2026-10-10T19:08:21.546629+00:00
05 MANHATTAN,Obstruction,1,2026-10-08T00:00:00.000,2026-10-10T19:08:21.546629+00:00
05 QUEENS,Street Light Condition,1,2026-10-08T00:00:00.000,2026-10-10T19:08:21.546629+00:00
05 QUEENS,Noise - Vehicle,1,2026-10-08T00:00:00.000,2026-10-10T19:08:21.546629+00:00
05 QUEENS,PAINT/PLASTER,1,2026-10-08T00:00:00.000,2026-10-10T19:08:21.546629+00:00
05 QUEENS,Panhandling,1,2026-10-08T00:00:00.000,2026-10-10T19:08:21.546629+00:00
05 QUEENS,Lead,1,2026-10-08T00:00:00.000,2026-10-10T19:08:21.546629+00:00
05 QUEENS,Maintenance or Facility,1,2026-10-08T00:00:00.000,2026-10-10T19:08:21.546629+00:00
11 MANHATTAN,Illegal Animal Sold,1,2026-10-08T00:00:00.000,2026-10-10T19:08:21.546629+00:00
11 MANHATTAN,Animal-Abuse,1,2026-10-08T00:00:00.000,2026-10-10T19:08:21.546629+00:00
11 MANHATTAN,Boilers,1,2026-10-08T00:00:00.000,2026-10-10T19:08:21.546629+00:00
11 MANHATTAN,Drug Activity,1,2026-10-08T00:00:00.000,2026-10-10T19:08:21.546629+00:00
11 BROOKLYN,Street Sign - Missing,1,2026-10-08T00:00:00.000,2026-10-10T19:08:21.546629+00:00
11 BROOKLYN,Traffic Signal Condition,1,2026-10-08T00:00:00.000,2026-10-10T19:08:21.546629+00:00
11 BROOKLYN,WATER LEAK,1,2026-10-08T00:00:00.000,2026-10-10T19:08:21.546629+00:00
11 MANHATTAN,Abandoned Vehicle,1,2026-10-08T00:00:00.000,2026-10-10T19:08:21.546629+00:00
06 BRONX,Elevator,1,2026-10-08T00:00:00.000,2026-10-10T19:08:21.546629+00:00
05 QUEENS,Street Sign - Dangling,1,2026-10-08T00:00:00.000,2026-10-10T19:08:21.546629+00:00
05 QUEENS,Street Sweeping Complaint,1,2026-10-08T00:00:00.000,2026-10-10T19:08:21.546629+00:00
11 BROOKLYN,Building/Use,1,2026-10-08T00:00:00.000,2026-10-10T19:08:21.546629+00:00
11 BROOKLYN,Consumer Complaint,1,2026-10-08T00:00:00.000,2026-10-10T19:08:21.546629+00:00
11 BROOKLYN,DOOR/WINDOW,1,2026-10-08T00:00:00.000,2026-10-10T19:08:21.546629+00:00
11 MANHATTAN,Food Establishment,1,2026-10-08T00:00:00.000,2026-10-10T19:08:21.546629+00:00
11 MANHATTAN,General Construction/Plumbing,1,2026-10-08T00:00:00.000,2026-10-10T19:08:21.546629+00:00
06 BRONX,Rodent,1,2026-10-08T00:00:00.000,2026-10-10T19:08:21.546629+00:00
05 QUEENS,Hazardous Material,1,2026-10-08T00:00:00.000,2026-10-10T19:08:21.546629+00:00
05 QUEENS,Illegal Dumping,1,2026-10-08T00:00:00.000,2026-10-10T19:08:21.546629+00:00
06 BRONX,Indoor Air Quality,1,2026-10-08T00:00:00.000,2026-10-10T19:08:21.546629+00:00
06 BRONX,Maintenance or Facility,1,2026-10-08T00:00:00.000,2026-10-10T19:08:21.546629+00:00
06 BRONX,Consumer Complaint,1,2026-10-08T00:00:00.000,2026-10-10T19:08:21.546629+00:00
06 BRONX,Curb Condition,1,2026-10-08T00:00:00.000,2026-10-10T19:08:21.546629+00:00
06 BRONX,Dirty Condition,1,2026-10-08T00:00:00.000,2026-10-10T19:08:21.546629+00:00
05 BROOKLYN,Homeless Person Assistance,1,2026-10-08T00:00:00.000,2026-10-10T19:08:21.546629+00:00
05 MANHATTAN,Hazardous Material,1,2026-10-08T00:00:00.000,2026-10-10T19:08:21.546629+00:00
05 MANHATTAN,ELECTRIC,1,2026-10-08T00:00:00.000,2026-10-10T19:08:21.546629+00:00
05 MANHATTAN,GENERAL,1,2026-10-08T00:00:00.000,2026-10-10T19:08:21.546629+00:00
05 MANHATTAN,General Construction/Plumbing,1,2026-10-08T00:00:00.000,2026-10-10T19:08:21.546629+00:00
05 MANHATTAN,Graffiti,1,2026-10-08T00:00:00.000,2026-10-10T19:08:21.546629+00:00
05 MANHATTAN,Bike/Roller/Skate,1,2026-10-08T00:00:00.000,2026-10-10T19:08:21.546629+00:00
05 MANHATTAN,Commercial Disposal Complaint,1,2026-10-08T00:00:00.000,2026-10-10T19:08:21.546629+00:00
11 QUEENS,Encampment,1,2026-10-08T00:00:00.000,2026-10-10T19:08:21.546629+00:00
11 QUEENS,Hazardous Material,1,2026-10-08T00:00:00.000,2026-10-10T19:08:21.546629+00:00
11 QUEENS,Consumer Complaint,1,2026-10-08T00:00:00.000,2026-10-10T19:08:21.546629+00:00
11 MANHATTAN,SAFETY,1,2026-10-08T00:00:00.000,2026-10-10T19:08:21.546629+00:00
11 MANHATTAN,Sanitation Worker or Vehicle Complaint,1,2026-10-08T00:00:00.000,2026-10-10T19:08:21.546629+00:00
11 MANHATTAN,Sidewalk Condition,1,2026-10-08T00:00:00.000,2026-10-10T19:08:21.546629+00:00
11 MANHATTAN,Taxi Complaint,1,2026-10-08T00:00:00.000,2026-10-10T19:08:21.546629+00:00
11 MANHATTAN,Traffic,1,2026-10-08T00:00:00.000,2026-10-10T19:08:21.546629+00:00
05 MANHATTAN,Panhandling,1,2026-10-08T00:00:00.000,2026-10-10T19:08:21.546629+00:00
05 MANHATTAN,Rodent,1,2026-10-08T00:00:00.000,2026-10-10T19:08:21.546629+00:00
05 MANHATTAN,Street Sign - Damaged,1,2026-10-08T00:00:00.000,2026-10-10T19:08:21.546629+00:00
11 BROOKLYN,SAFETY,1,2026-10-08T00:00:00.000,2026-10-10T19:08:21.546629+00:00
11 BROOKLYN,Sanitation Worker or Vehicle Complaint,1,2026-10-08T00:00:00.000,2026-10-10T19:08:21.546629+00:00
11 BROOKLYN,Sewer Maintenance,1,2026-10-08T00:00:00.000,2026-10-10T19:08:21.546629+00:00
11 QUEENS,Curb Condition,1,2026-10-08T00:00:00.000,2026-10-10T19:08:21.546629+00:00
11 QUEENS,Electrical,1,2026-10-08T00:00:00.000,2026-10-10T19:08:21.546629+00:00
05 QUEENS,Noise - Park,1,2026-10-08T00:00:00.000,2026-10-10T19:08:21.546629+00:00
05 BROOKLYN,Water Conservation,1,2026-10-08T00:00:00.000,2026-10-10T19:08:21.546629+00:00
05 MANHATTAN,APPLIANCE,1,2026-10-08T00:00:00.000,2026-10-10T19:08:21.546629+00:00
05 QUEENS,Air Quality,1,2026-10-08T00:00:00.000,2026-10-10T19:08:21.546629+00:00
05 QUEENS,Animal in a Park,1,2026-10-08T00:00:00.000,2026-10-10T19:08:21.546629+00:00
05 QUEENS,Boilers,1,2026-10-08T00:00:00.000,2026-10-10T19:08:21.546629+00:00
05 QUEENS,Building/Use,1,2026-10-08T00:00:00.000,2026-10-10T19:08:21.546629+00:00
05 MANHATTAN,UNSANITARY CONDITION,1,2026-10-08T00:00:00.000,2026-10-10T19:08:21.546629+00:00
05 BROOKLYN,New Tree Request,1,2026-10-08T00:00:00.000,2026-10-10T19:08:21.546629+00:00
05 BROOKLYN,Noise - Commercial,1,2026-10-08T00:00:00.000,2026-10-10T19:08:21.546629+00:00
05 BROOKLYN,ELEVATOR,1,2026-10-08T00:00:00.000,2026-10-10T19:08:21.546629+00:00
05 BROOKLYN,Elevator,1,2026-10-08T00:00:00.000,2026-10-10T19:08:21.546629+00:00
04 QUEENS,Rodent,1,2026-10-08T00:00:00.000,2026-10-10T19:08:21.546629+00:00
04 QUEENS,Street Sign - Damaged,1,2026-10-08T00:00:00.000,2026-10-10T19:08:21.546629+00:00
04 QUEENS,Street Sign - Dangling,1,2026-10-08T00:00:00.000,2026-10-10T19:08:21.546629+00:00
05 BROOKLYN,Air Quality,1,2026-10-08T00:00:00.000,2026-10-10T19:08:21.546629+00:00
05 BRONX,Non-Emergency Police Matter,1,2026-10-08T00:00:00.000,2026-10-10T19:08:21.546629+00:00
05 BRONX,Obstruction,1,2026-10-08T00:00:00.000,2026-10-10T19:08:21.546629+00:00
05 BROOKLYN,Sidewalk Condition,1,2026-10-08T00:00:00.000,2026-10-10T19:08:21.546629+00:00
05 BROOKLYN,Smoking or Vaping,1,2026-10-08T00:00:00.000,2026-10-10T19:08:21.546629+00:00
05 BROOKLYN,Residential Disposal Complaint,1,2026-10-08T00:00:00.000,2026-10-10T19:08:21.546629+00:00
05 BROOKLYN,Rodent,1,2026-10-08T00:00:00.000,2026-10-10T19:08:21.546629+00:00
05 BROOKLYN,Indoor Air Quality,1,2026-10-08T00:00:00.000,2026-10-10T19:08:21.546629+00:00
05 BROOKLYN,Lead,1,2026-10-08T00:00:00.000,2026-10-10T19:08:21.546629+00:00
12 BRONX,Building/Use,1,2026-10-08T00:00:00.000,2026-10-10T19:08:21.546629+00:00
12 BRONX,Consumer Complaint,1,2026-10-08T00:00:00.000,2026-10-10T19:08:21.546629+00:00
11 QUEENS,Vendor Enforcement,1,2026-10-08T00:00:00.000,2026-10-10T19:08:21.546629+00:00
11 QUEENS,Violation of Park Rules,1,2026-10-08T00:00:00.000,2026-10-10T19:08:21.546629+00:00
11 QUEENS,WATER LEAK,1,2026-10-08T00:00:00.000,2026-10-10T19:08:21.546629+00:00
11 QUEENS,Noise - Street/Sidewalk,1,2026-10-08T00:00:00.000,2026-10-10T19:08:21.546629+00:00
05 BRONX,Missed Collection,1,2026-10-08T00:00:00.000,2026-10-10T19:08:21.546629+00:00
05 BRONX,Noise,1,2026-10-08T00:00:00.000,2026-10-10T19:08:21.546629+00:00
05 MANHATTAN,Drinking,1,2026-10-08T00:00:00.000,2026-10-10T19:08:21.546629+00:00
05 MANHATTAN,Drug Activity,1,2026-10-08T00:00:00.000,2026-10-10T19:08:21.546629+00:00
11 MANHATTAN,Noise - Vehicle,1,2026-10-08T00:00:00.000,2026-10-10T19:08:21.546629+00:00
11 MANHATTAN,Non-Emergency Police Matter,1,2026-10-08T00:00:00.000,2026-10-10T19:08:21.546629+00:00
12 BRONX,Day Care,1,2026-10-08T00:00:00.000,2026-10-10T19:08:21.546629+00:00
12 BRONX,Encampment,1,2026-10-08T00:00:00.000,2026-10-10T19:08:21.546629+00:00
12 BRONX,Air Quality,1,2026-10-08T00:00:00.000,2026-10-10T19:08:21.546629+00:00
12 BRONX,Animal-Abuse,1,2026-10-08T00:00:00.000,2026-10-10T19:08:21.546629+00:00
04 MANHATTAN,Urinating in Public,1,2026-10-08T00:00:00.000,2026-10-10T19:08:21.546629+00:00
04 MANHATTAN,Vendor Enforcement,1,2026-10-08T00:00:00.000,2026-10-10T19:08:21.546629+00:00
04 QUEENS,APPLIANCE,1,2026-10-08T00:00:00.000,2026-10-10T19:08:21.546629+00:00
05 BRONX,Elevator,1,2026-10-08T00:00:00.000,2026-10-10T19:08:21.546629+00:00
05 BRONX,BEST/Site Safety,1,2026-10-08T00:00:00.000,2026-10-10T19:08:21.546629+00:00
05 BRONX,Building/Use,1,2026-10-08T00:00:00.000,2026-10-10T19:08:21.546629+00:00
04 QUEENS,Street Sweeping Complaint,1,2026-10-08T00:00:00.000,2026-10-10T19:08:21.546629+00:00
04 QUEENS,Traffic,1,2026-10-08T00:00:00.000,2026-10-10T19:08:21.546629+00:00
12 BROOKLYN,Curb Condition,1,2026-10-08T00:00:00.000,2026-10-10T19:08:21.546629+00:00
12 BRONX,Sewer Maintenance,1,2026-10-08T00:00:00.000,2026-10-10T19:08:21.546629+00:00
12 BRONX,Sidewalk Condition,1,2026-10-08T00:00:00.000,2026-10-10T19:08:21.546629+00:00
12 BRONX,Street Condition,1,2026-10-08T00:00:00.000,2026-10-10T19:08:21.546629+00:00
12 BROOKLYN,APPLIANCE,1,2026-10-08T00:00:00.000,2026-10-10T19:08:21.546629+00:00
12 BRONX,Overgrown Tree/Branches,1,2026-10-08T00:00:00.000,2026-10-10T19:08:21.546629+00:00
12 BRONX,Residential Disposal Complaint,1,2026-10-08T00:00:00.000,2026-10-10T19:08:21.546629+00:00
12 BRONX,Root/Sewer/Sidewalk Condition,1,2026-10-08T00:00:00.000,2026-10-10T19:08:21.546629+00:00
05 BRONX,Maintenance or Facility,1,2026-10-08T00:00:00.000,2026-10-10T19:08:21.546629+00:00
11 QUEENS,PAINT/PLASTER,1,2026-10-08T00:00:00.000,2026-10-10T19:08:21.546629+00:00
11 QUEENS,Residential Disposal Complaint,1,2026-10-08T00:00:00.000,2026-10-10T19:08:21.546629+00:00
11 QUEENS,Root/Sewer/Sidewalk Condition,1,2026-10-08T00:00:00.000,2026-10-10T19:08:21.546629+00:00
11 QUEENS,Sewer Maintenance,1,2026-10-08T00:00:00.000,2026-10-10T19:08:21.546629+00:00
12 BROOKLYN,Abandoned Bike,1,2026-10-08T00:00:00.000,2026-10-10T19:08:21.546629+00:00
12 BROOKLYN,Bike Rack,1,2026-10-08T00:00:00.000,2026-10-10T19:08:21.546629+00:00
12 BROOKLYN,Cannabis Retailer,1,2026-10-08T00:00:00.000,2026-10-10T19:08:21.546629+00:00
05 BROOKLYN,Damaged Tree,1,2026-10-08T00:00:00.000,2026-10-10T19:08:21.546629+00:00
05 BRONX,Street Sweeping Complaint,1,2026-10-08T00:00:00.000,2026-10-10T19:08:21.546629+00:00
05 BRONX,Unsanitary Animal Pvt Property,1,2026-10-08T00:00:00.000,2026-10-10T19:08:21.546629+00:00
05 BRONX,Water Maintenance,1,2026-10-08T00:00:00.000,2026-10-10T19:08:21.546629+00:00
05 BRONX,Sidewalk Condition,1,2026-10-08T00:00:00.000,2026-10-10T19:08:21.546629+00:00
05 BRONX,Smoking or Vaping,1,2026-10-08T00:00:00.000,2026-10-10T19:08:21.546629+00:00
05 BRONX,Special Projects Inspection Team (SPIT),1,2026-10-08T00:00:00.000,2026-10-10T19:08:21.546629+00:00
05 BRONX,Street Sign - Dangling,1,2026-10-08T00:00:00.000,2026-10-10T19:08:21.546629+00:00
04 BROOKLYN,Maintenance or Facility,1,2026-10-08T00:00:00.000,2026-10-10T19:08:21.546629+00:00
04 BROOKLYN,Missed Collection,1,2026-10-08T00:00:00.000,2026-10-10T19:08:21.546629+00:00
04 BROOKLYN,New Tree Request,1,2026-10-08T00:00:00.000,2026-10-10T19:08:21.546629+00:00
04 BROOKLYN,Noise - Park,1,2026-10-08T00:00:00.000,2026-10-10T19:08:21.546629+00:00
04 MANHATTAN,Panhandling,1,2026-10-08T00:00:00.000,2026-10-10T19:08:21.546629+00:00
04 MANHATTAN,Residential Disposal Complaint,1,2026-10-08T00:00:00.000,2026-10-10T19:08:21.546629+00:00
04 MANHATTAN,Special Projects Inspection Team (SPIT),1,2026-10-08T00:00:00.000,2026-10-10T19:08:21.546629+00:00
04 MANHATTAN,Taxi Complaint,1,2026-10-08T00:00:00.000,2026-10-10T19:08:21.546629+00:00
12 BROOKLYN,Sanitation Worker or Vehicle Complaint,1,2026-10-08T00:00:00.000,2026-10-10T19:08:21.546629+00:00
12 BROOKLYN,New Tree Request,1,2026-10-08T00:00:00.000,2026-10-10T19:08:21.546629+00:00
12 BROOKLYN,Noise - House of Worship,1,2026-10-08T00:00:00.000,2026-10-10T19:08:21.546629+00:00
12 BROOKLYN,Graffiti,1,2026-10-08T00:00:00.000,2026-10-10T19:08:21.546629+00:00
12 BROOKLYN,Illegal Posting,1,2026-10-08T00:00:00.000,2026-10-10T19:08:21.546629+00:00
12 BROOKLYN,Illegal Tree Damage,1,2026-10-08T00:00:00.000,2026-10-10T19:08:21.546629+00:00
12 BROOKLYN,Lead,1,2026-10-08T00:00:00.000,2026-10-10T19:08:21.546629+00:00
12 BROOKLYN,Dead Animal,1,2026-10-08T00:00:00.000,2026-10-10T19:08:21.546629+00:00
04 QUEENS,Food Establishment,1,2026-10-08T00:00:00.000,2026-10-10T19:08:21.546629+00:00
04 QUEENS,Animal-Abuse,1,2026-10-08T00:00:00.000,2026-10-10T19:08:21.546629+00:00
04 QUEENS,Disorderly Youth,1,2026-10-08T00:00:00.000,2026-10-10T19:08:21.546629+00:00
04 MANHATTAN,Traffic,1,2026-10-08T00:00:00.000,2026-10-10T19:08:21.546629+00:00
12 BRONX,Noise,1,2026-10-08T00:00:00.000,2026-10-10T19:08:21.546629+00:00
12 BRONX,Non-Emergency Police Matter,1,2026-10-08T00:00:00.000,2026-10-10T19:08:21.546629+00:00
12 BROOKLYN,Real Time Enforcement,1,2026-10-08T00:00:00.000,2026-10-10T19:08:21.546629+00:00
12 BROOKLYN,Root/Sewer/Sidewalk Condition,1,2026-10-08T00:00:00.000,2026-10-10T19:08:21.546629+00:00
04 QUEENS,Traffic Signal Condition,1,2026-10-08T00:00:00.000,2026-10-10T19:08:21.546629+00:00
04 QUEENS,WATER LEAK,1,2026-10-08T00:00:00.000,2026-10-10T19:08:21.546629+00:00
04 QUEENS,Water Maintenance,1,2026-10-08T00:00:00.000,2026-10-10T19:08:21.546629+00:00
04 QUEENS,Panhandling,1,2026-10-08T00:00:00.000,2026-10-10T19:08:21.546629+00:00
04 QUEENS,Missed Collection,1,2026-10-08T00:00:00.000,2026-10-10T19:08:21.546629+00:00
04 QUEENS,Noise,1,2026-10-08T00:00:00.000,2026-10-10T19:08:21.546629+00:00
04 QUEENS,Obstruction,1,2026-10-08T00:00:00.000,2026-10-10T19:08:21.546629+00:00
04 QUEENS,Drinking,1,2026-10-08T00:00:00.000,2026-10-10T19:08:21.546629+00:00
04 MANHATTAN,Blocked Driveway,1,2026-10-08T00:00:00.000,2026-10-10T19:08:21.546629+00:00
04 MANHATTAN,Consumer Complaint,1,2026-10-08T00:00:00.000,2026-10-10T19:08:21.546629+00:00
04 MANHATTAN,Curb Condition,1,2026-10-08T00:00:00.000,2026-10-10T19:08:21.546629+00:00
04 BROOKLYN,Root/Sewer/Sidewalk Condition,1,2026-10-08T00:00:00.000,2026-10-10T19:08:21.546629+00:00
04 BROOKLYN,Sewer Maintenance,1,2026-10-08T00:00:00.000,2026-10-10T19:08:21.546629+00:00
04 BROOKLYN,Special Projects Inspection Team (SPIT),1,2026-10-08T00:00:00.000,2026-10-10T19:08:21.546629+00:00
04 BROOKLYN,Street Condition,1,2026-10-08T00:00:00.000,2026-10-10T19:08:21.546629+00:00
04 BROOKLYN,Traffic Signal Condition,1,2026-10-08T00:00:00.000,2026-10-10T19:08:21.546629+00:00
12 MANHATTAN,Animal-Abuse,1,2026-10-08T00:00:00.000,2026-10-10T19:08:21.546629+00:00
12 MANHATTAN,Blocked Driveway,1,2026-10-08T00:00:00.000,2026-10-10T19:08:21.546629+00:00
12 BROOKLYN,Sidewalk Condition,1,2026-10-08T00:00:00.000,2026-10-10T19:08:21.546629+00:00
04 BRONX,SAFETY,1,2026-10-08T00:00:00.000,2026-10-10T19:08:21.546629+00:00
04 BRONX,Sanitation Worker or Vehicle Complaint,1,2026-10-08T00:00:00.000,2026-10-10T19:08:21.546629+00:00
04 BRONX,Sewer Maintenance,1,2026-10-08T00:00:00.000,2026-10-10T19:08:21.546629+00:00
04 BRONX,Street Condition,1,2026-10-08T00:00:00.000,2026-10-10T19:08:21.546629+00:00
04 MANHATTAN,Abandoned Vehicle,1,2026-10-08T00:00:00.000,2026-10-10T19:08:21.546629+00:00
12 MANHATTAN,For Hire Vehicle Complaint,1,2026-10-08T00:00:00.000,2026-10-10T19:08:21.546629+00:00
12 MANHATTAN,Lost Property,1,2026-10-08T00:00:00.000,2026-10-10T19:08:21.546629+00:00
12 MANHATTAN,Damaged Tree,1,2026-10-08T00:00:00.000,2026-10-10T19:08:21.546629+00:00
12 MANHATTAN,Drug Activity,1,2026-10-08T00:00:00.000,2026-10-10T19:08:21.546629+00:00
12 MANHATTAN,ELEVATOR,1,2026-10-08T00:00:00.000,2026-10-10T19:08:21.546629+00:00
12 MANHATTAN,Encampment,1,2026-10-08T00:00:00.000,2026-10-10T19:08:21.546629+00:00
12 BROOKLYN,Water Maintenance,1,2026-10-08T00:00:00.000,2026-10-10T19:08:21.546629+00:00
12 MANHATTAN,Animal in a Park,1,2026-10-08T00:00:00.000,2026-10-10T19:08:21.546629+00:00
04 MANHATTAN,Noise - Park,1,2026-10-08T00:00:00.000,2026-10-10T19:08:21.546629+00:00
04 MANHATTAN,Non-Emergency Police Matter,1,2026-10-08T00:00:00.000,2026-10-10T19:08:21.546629+00:00
04 MANHATTAN,Obstruction,1,2026-10-08T00:00:00.000,2026-10-10T19:08:21.546629+00:00
04 MANHATTAN,PLUMBING,1,2026-10-08T00:00:00.000,2026-10-10T19:08:21.546629+00:00
04 MANHATTAN,Lead,1,2026-10-08T00:00:00.000,2026-10-10T19:08:21.546629+00:00
04 MANHATTAN,Missed Collection,1,2026-10-08T00:00:00.000,2026-10-10T19:08:21.546629+00:00
04 MANHATTAN,Damaged Tree,1,2026-10-08T00:00:00.000,2026-10-10T19:08:21.546629+00:00
12 BROOKLYN,FLOORING/STAIRS,1,2026-10-08T00:00:00.000,2026-10-10T19:08:21.546629+00:00
12 MANHATTAN,Residential Disposal Complaint,1,2026-10-08T00:00:00.000,2026-10-10T19:08:21.546629+00:00
12 MANHATTAN,Mobile Food Vendor,1,2026-10-08T00:00:00.000,2026-10-10T19:08:21.546629+00:00
03 STATEN ISLAND,Food Establishment,1,2026-10-08T00:00:00.000,2026-10-10T19:08:21.546629+00:00
04 BRONX,Indoor Air Quality,1,2026-10-08T00:00:00.000,2026-10-10T19:08:21.546629+00:00
04 BRONX,Maintenance or Facility,1,2026-10-08T00:00:00.000,2026-10-10T19:08:21.546629+00:00
04 BRONX,Noise - Commercial,1,2026-10-08T00:00:00.000,2026-10-10T19:08:21.546629+00:00
04 BRONX,ELEVATOR,1,2026-10-08T00:00:00.000,2026-10-10T19:08:21.546629+00:00
04 BRONX,General Construction/Plumbing,1,2026-10-08T00:00:00.000,2026-10-10T19:08:21.546629+00:00
04 BRONX,Panhandling,1,2026-10-08T00:00:00.000,2026-10-10T19:08:21.546629+00:00
12 BROOKLYN,Special Projects Inspection Team (SPIT),1,2026-10-08T00:00:00.000,2026-10-10T19:08:21.546629+00:00
12 BROOKLYN,Street Sign - Missing,1,2026-10-08T00:00:00.000,2026-10-10T19:08:21.546629+00:00
12 QUEENS,Building/Use,1,2026-10-08T00:00:00.000,2026-10-10T19:08:21.546629+00:00
12 MANHATTAN,Standing Water,1,2026-10-08T00:00:00.000,2026-10-10T19:08:21.546629+00:00
12 MANHATTAN,Street Sign - Damaged,1,2026-10-08T00:00:00.000,2026-10-10T19:08:21.546629+00:00
12 MANHATTAN,Vendor Enforcement,1,2026-10-08T00:00:00.000,2026-10-10T19:08:21.546629+00:00
12 MANHATTAN,Panhandling,1,2026-10-08T00:00:00.000,2026-10-10T19:08:21.546629+00:00
04 BROOKLYN,Animal-Abuse,1,2026-10-08T00:00:00.000,2026-10-10T19:08:21.546629+00:00
04 BROOKLYN,BEST/Site Safety,1,2026-10-08T00:00:00.000,2026-10-10T19:08:21.546629+00:00
04 BROOKLYN,Building/Use,1,2026-10-08T00:00:00.000,2026-10-10T19:08:21.546629+00:00
04 BROOKLYN,Consumer Complaint,1,2026-10-08T00:00:00.000,2026-10-10T19:08:21.546629+00:00
04 BROOKLYN,Curb Condition,1,2026-10-08T00:00:00.000,2026-10-10T19:08:21.546629+00:00
04 BRONX,Street Sign - Damaged,1,2026-10-08T00:00:00.000,2026-10-10T19:08:21.546629+00:00
04 BRONX,Urinating in Public,1,2026-10-08T00:00:00.000,2026-10-10T19:08:21.546629+00:00
04 BROOKLYN,Abandoned Vehicle,1,2026-10-08T00:00:00.000,2026-10-10T19:08:21.546629+00:00
04 BROOKLYN,PLUMBING,1,2026-10-08T00:00:00.000,2026-10-10T19:08:21.546629+00:00
04 BROOKLYN,Rodent,1,2026-10-08T00:00:00.000,2026-10-10T19:08:21.546629+00:00
04 BROOKLYN,Lead,1,2026-10-08T00:00:00.000,2026-10-10T19:08:21.546629+00:00
04 BROOKLYN,Lot Condition,1,2026-10-08T00:00:00.000,2026-10-10T19:08:21.546629+00:00
03 STATEN ISLAND,Traffic,1,2026-10-08T00:00:00.000,2026-10-10T19:08:21.546629+00:00
04 BROOKLYN,ELECTRIC,1,2026-10-08T00:00:00.000,2026-10-10T19:08:21.546629+00:00
04 BROOKLYN,Food Establishment,1,2026-10-08T00:00:00.000,2026-10-10T19:08:21.546629+00:00
04 BROOKLYN,Graffiti,1,2026-10-08T00:00:00.000,2026-10-10T19:08:21.546629+00:00
03 QUEENS,Water Maintenance,1,2026-10-08T00:00:00.000,2026-10-10T19:08:21.546629+00:00
03 QUEENS,Water Quality,1,2026-10-08T00:00:00.000,2026-10-10T19:08:21.546629+00:00
03 STATEN ISLAND,Animal in a Park,1,2026-10-08T00:00:00.000,2026-10-10T19:08:21.546629+00:00
03 STATEN ISLAND,Animal-Abuse,1,2026-10-08T00:00:00.000,2026-10-10T19:08:21.546629+00:00
03 QUEENS,Smoking or Vaping,1,2026-10-08T00:00:00.000,2026-10-10T19:08:21.546629+00:00
03 QUEENS,Standing Water,1,2026-10-08T00:00:00.000,2026-10-10T19:08:21.546629+00:00
03 QUEENS,Street Sign - Missing,1,2026-10-08T00:00:00.000,2026-10-10T19:08:21.546629+00:00
03 QUEENS,UNSANITARY CONDITION,1,2026-10-08T00:00:00.000,2026-10-10T19:08:21.546629+00:00
12 MANHATTAN,Obstruction,1,2026-10-08T00:00:00.000,2026-10-10T19:08:21.546629+00:00
12 QUEENS,PLUMBING,1,2026-10-08T00:00:00.000,2026-10-10T19:08:21.546629+00:00
12 QUEENS,Plumbing,1,2026-10-08T00:00:00.000,2026-10-10T19:08:21.546629+00:00
12 QUEENS,New Tree Request,1,2026-10-08T00:00:00.000,2026-10-10T19:08:21.546629+00:00
12 QUEENS,Noise - House of Worship,1,2026-10-08T00:00:00.000,2026-10-10T19:08:21.546629+00:00
12 QUEENS,Lead,1,2026-10-08T00:00:00.000,2026-10-10T19:08:21.546629+00:00
12 QUEENS,Lot Condition,1,2026-10-08T00:00:00.000,2026-10-10T19:08:21.546629+00:00
03 MANHATTAN,Sanitation Worker or Vehicle Complaint,1,2026-10-08T00:00:00.000,2026-10-10T19:08:21.546629+00:00
03 STATEN ISLAND,LinkNYC,1,2026-10-08T00:00:00.000,2026-10-10T19:08:21.546629+00:00
03 STATEN ISLAND,Maintenance or Facility,1,2026-10-08T00:00:00.000,2026-10-10T19:08:21.546629+00:00
03 STATEN ISLAND,Noise - Street/Sidewalk,1,2026-10-08T00:00:00.000,2026-10-10T19:08:21.546629+00:00
03 STATEN ISLAND,Non-Emergency Police Matter,1,2026-10-08T00:00:00.000,2026-10-10T19:08:21.546629+00:00
03 STATEN ISLAND,HEAT/HOT WATER,1,2026-10-08T00:00:00.000,2026-10-10T19:08:21.546629+00:00
03 STATEN ISLAND,Harboring Bees/Wasps,1,2026-10-08T00:00:00.000,2026-10-10T19:08:21.546629+00:00
03 STATEN ISLAND,Consumer Complaint,1,2026-10-08T00:00:00.000,2026-10-10T19:08:21.546629+00:00
12 MANHATTAN,Noise - Helicopter,1,2026-10-08T00:00:00.000,2026-10-10T19:08:21.546629+00:00
04 BRONX,Animal-Abuse,1,2026-10-08T00:00:00.000,2026-10-10T19:08:21.546629+00:00
04 BRONX,Construction Lead Dust,1,2026-10-08T00:00:00.000,2026-10-10T19:08:21.546629+00:00
04 BRONX,Drinking Water,1,2026-10-08T00:00:00.000,2026-10-10T19:08:21.546629+00:00
04 BRONX,ELECTRIC,1,2026-10-08T00:00:00.000,2026-10-10T19:08:21.546629+00:00
03 STATEN ISLAND,Street Sign - Damaged,1,2026-10-08T00:00:00.000,2026-10-10T19:08:21.546629+00:00
03 QUEENS,Lead,1,2026-10-08T00:00:00.000,2026-10-10T19:08:21.546629+00:00
03 QUEENS,Mobile Food Vendor,1,2026-10-08T00:00:00.000,2026-10-10T19:08:21.546629+00:00
03 STATEN ISLAND,Rodent,1,2026-10-08T00:00:00.000,2026-10-10T19:08:21.546629+00:00
12 QUEENS,Wood Pile Remaining,1,2026-10-08T00:00:00.000,2026-10-10T19:08:21.546629+00:00
12 QUEENS,Root/Sewer/Sidewalk Condition,1,2026-10-08T00:00:00.000,2026-10-10T19:08:21.546629+00:00
03 MANHATTAN,Cannabis Retailer,1,2026-10-08T00:00:00.000,2026-10-10T19:08:21.546629+00:00
03 MANHATTAN,Drinking,1,2026-10-08T00:00:00.000,2026-10-10T19:08:21.546629+00:00
03 MANHATTAN,Drug Activity,1,2026-10-08T00:00:00.000,2026-10-10T19:08:21.546629+00:00
03 MANHATTAN,ELECTRIC,1,2026-10-08T00:00:00.000,2026-10-10T19:08:21.546629+00:00
03 QUEENS,Drug Activity,1,2026-10-08T00:00:00.000,2026-10-10T19:08:21.546629+00:00
03 QUEENS,Food Establishment,1,2026-10-08T00:00:00.000,2026-10-10T19:08:21.546629+00:00
13 BROOKLYN,Bike/Roller/Skate,1,2026-10-08T00:00:00.000,2026-10-10T19:08:21.546629+00:00
13 BROOKLYN,Building/Use,1,2026-10-08T00:00:00.000,2026-10-10T19:08:21.546629+00:00
13 BROOKLYN,Curb Condition,1,2026-10-08T00:00:00.000,2026-10-10T19:08:21.546629+00:00
13 BROOKLYN,Dead/Dying Tree,1,2026-10-08T00:00:00.000,2026-10-10T19:08:21.546629+00:00
13 BROOKLYN,Elevator,1,2026-10-08T00:00:00.000,2026-10-10T19:08:21.546629+00:00
12 QUEENS,Urinating in Public,1,2026-10-08T00:00:00.000,2026-10-10T19:08:21.546629+00:00
12 QUEENS,Vendor Enforcement,1,2026-10-08T00:00:00.000,2026-10-10T19:08:21.546629+00:00
12 QUEENS,WATER LEAK,1,2026-10-08T00:00:00.000,2026-10-10T19:08:21.546629+00:00
13 BROOKLYN,Encampment,1,2026-10-08T00:00:00.000,2026-10-10T19:08:21.546629+00:00
13 BROOKLYN,General Construction/Plumbing,1,2026-10-08T00:00:00.000,2026-10-10T19:08:21.546629+00:00
13 BROOKLYN,HEAT/HOT WATER,1,2026-10-08T00:00:00.000,2026-10-10T19:08:21.546629+00:00
13 BROOKLYN,Illegal Animal Kept as Pet,1,2026-10-08T00:00:00.000,2026-10-10T19:08:21.546629+00:00
13 BROOKLYN,Illegal Dumping,1,2026-10-08T00:00:00.000,2026-10-10T19:08:21.546629+00:00
13 BROOKLYN,Illegal Posting,1,2026-10-08T00:00:00.000,2026-10-10T19:08:21.546629+00:00
13 BROOKLYN,Abandoned Vehicle,1,2026-10-08T00:00:00.000,2026-10-10T19:08:21.546629+00:00
13 BROOKLYN,Animal-Abuse,1,2026-10-08T00:00:00.000,2026-10-10T19:08:21.546629+00:00
03 QUEENS,PLUMBING,1,2026-10-08T00:00:00.000,2026-10-10T19:08:21.546629+00:00
03 QUEENS,Real Time Enforcement,1,2026-10-08T00:00:00.000,2026-10-10T19:08:21.546629+00:00
03 QUEENS,Residential Disposal Complaint,1,2026-10-08T00:00:00.000,2026-10-10T19:08:21.546629+00:00
03 QUEENS,Sewer Maintenance,1,2026-10-08T00:00:00.000,2026-10-10T19:08:21.546629+00:00
03 QUEENS,Illegal Tree Damage,1,2026-10-08T00:00:00.000,2026-10-10T19:08:21.546629+00:00
03 QUEENS,Investigations and Discipline (IAD),1,2026-10-08T00:00:00.000,2026-10-10T19:08:21.546629+00:00
12 QUEENS,Drug Activity,1,2026-10-08T00:00:00.000,2026-10-10T19:08:21.546629+00:00
12 QUEENS,FLOORING/STAIRS,1,2026-10-08T00:00:00.000,2026-10-10T19:08:21.546629+00:00
03 BROOKLYN,Litter Basket Request,1,2026-10-08T00:00:00.000,2026-10-10T19:08:21.546629+00:00
03 MANHATTAN,Noise - Park,1,2026-10-08T00:00:00.000,2026-10-10T19:08:21.546629+00:00
03 MANHATTAN,Obstruction,1,2026-10-08T00:00:00.000,2026-10-10T19:08:21.546629+00:00
03 MANHATTAN,PAINT/PLASTER,1,2026-10-08T00:00:00.000,2026-10-10T19:08:21.546629+00:00
03 MANHATTAN,Illegal Tree Damage,1,2026-10-08T00:00:00.000,2026-10-10T19:08:21.546629+00:00
03 MANHATTAN,Indoor Air Quality,1,2026-10-08T00:00:00.000,2026-10-10T19:08:21.546629+00:00
03 MANHATTAN,GENERAL,1,2026-10-08T00:00:00.000,2026-10-10T19:08:21.546629+00:00
03 MANHATTAN,Homeless Person Assistance,1,2026-10-08T00:00:00.000,2026-10-10T19:08:21.546629+00:00
13 QUEENS,Animal-Abuse,1,2026-10-08T00:00:00.000,2026-10-10T19:08:21.546629+00:00
13 QUEENS,Boilers,1,2026-10-08T00:00:00.000,2026-10-10T19:08:21.546629+00:00
13 QUEENS,Curb Condition,1,2026-10-08T00:00:00.000,2026-10-10T19:08:21.546629+00:00
13 BROOKLYN,PAINT/PLASTER,1,2026-10-08T00:00:00.000,2026-10-10T19:08:21.546629+00:00
13 BROOKLYN,WATER LEAK,1,2026-10-08T00:00:00.000,2026-10-10T19:08:21.546629+00:00
13 BROOKLYN,Lead,1,2026-10-08T00:00:00.000,2026-10-10T19:08:21.546629+00:00
03 BROOKLYN,Indoor Air Quality,1,2026-10-08T00:00:00.000,2026-10-10T19:08:21.546629+00:00
03 BROOKLYN,Lead,1,2026-10-08T00:00:00.000,2026-10-10T19:08:21.546629+00:00
03 QUEENS,Dirty Condition,1,2026-10-08T00:00:00.000,2026-10-10T19:08:21.546629+00:00
03 MANHATTAN,Taxi Compliment,1,2026-10-08T00:00:00.000,2026-10-10T19:08:21.546629+00:00
03 MANHATTAN,Vendor Enforcement,1,2026-10-08T00:00:00.000,2026-10-10T19:08:21.546629+00:00
03 MANHATTAN,Water Conservation,1,2026-10-08T00:00:00.000,2026-10-10T19:08:21.546629+00:00
03 MANHATTAN,Water Maintenance,1,2026-10-08T00:00:00.000,2026-10-10T19:08:21.546629+00:00
03 MANHATTAN,Residential Disposal Complaint,1,2026-10-08T00:00:00.000,2026-10-10T19:08:21.546629+00:00
12 QUEENS,Smoking or Vaping,1,2026-10-08T00:00:00.000,2026-10-10T19:08:21.546629+00:00
13 QUEENS,Dead/Dying Tree,1,2026-10-08T00:00:00.000,2026-10-10T19:08:21.546629+00:00
03 QUEENS,For Hire Vehicle Report,1,2026-10-08T00:00:00.000,2026-10-10T19:08:21.546629+00:00
03 QUEENS,General Construction/Plumbing,1,2026-10-08T00:00:00.000,2026-10-10T19:08:21.546629+00:00
03 QUEENS,Illegal Dumping,1,2026-10-08T00:00:00.000,2026-10-10T19:08:21.546629+00:00
03 QUEENS,Boilers,1,2026-10-08T00:00:00.000,2026-10-10T19:08:21.546629+00:00
03 QUEENS,Building/Use,1,2026-10-08T00:00:00.000,2026-10-10T19:08:21.546629+00:00
03 QUEENS,Cannabis Retailer,1,2026-10-08T00:00:00.000,2026-10-10T19:08:21.546629+00:00
03 QUEENS,Curb Condition,1,2026-10-08T00:00:00.000,2026-10-10T19:08:21.546629+00:00
03 QUEENS,DOOR/WINDOW,1,2026-10-08T00:00:00.000,2026-10-10T19:08:21.546629+00:00
13 QUEENS,HEAT/HOT WATER,1,2026-10-08T00:00:00.000,2026-10-10T19:08:21.546629+00:00
03 BROOKLYN,Emergency Response Team (ERT),1,2026-10-08T00:00:00.000,2026-10-10T19:08:21.546629+00:00
03 BROOKLYN,For Hire Vehicle Complaint,1,2026-10-08T00:00:00.000,2026-10-10T19:08:21.546629+00:00
03 BROOKLYN,Harboring Bees/Wasps,1,2026-10-08T00:00:00.000,2026-10-10T19:08:21.546629+00:00
03 BROOKLYN,Consumer Complaint,1,2026-10-08T00:00:00.000,2026-10-10T19:08:21.546629+00:00
03 BROOKLYN,Damaged Tree,1,2026-10-08T00:00:00.000,2026-10-10T19:08:21.546629+00:00
03 BROOKLYN,Dead/Dying Tree,1,2026-10-08T00:00:00.000,2026-10-10T19:08:21.546629+00:00
03 BROOKLYN,Derelict Vehicles,1,2026-10-08T00:00:00.000,2026-10-10T19:08:21.546629+00:00
13 QUEENS,PLUMBING,1,2026-10-08T00:00:00.000,2026-10-10T19:08:21.546629+00:00
13 QUEENS,Posting Advertisement,1,2026-10-08T00:00:00.000,2026-10-10T19:08:21.546629+00:00
13 QUEENS,Residential Disposal Complaint,1,2026-10-08T00:00:00.000,2026-10-10T19:08:21.546629+00:00
13 QUEENS,Rodent,1,2026-10-08T00:00:00.000,2026-10-10T19:08:21.546629+00:00
13 QUEENS,Sanitation Worker or Vehicle Complaint,1,2026-10-08T00:00:00.000,2026-10-10T19:08:21.546629+00:00
13 QUEENS,Noise - Commercial,1,2026-10-08T00:00:00.000,2026-10-10T19:08:21.546629+00:00
13 QUEENS,PAINT/PLASTER,1,2026-10-08T00:00:00.000,2026-10-10T19:08:21.546629+00:00
13 QUEENS,General Construction/Plumbing,1,2026-10-08T00:00:00.000,2026-10-10T19:08:21.546629+00:00
03 BROOKLYN,Noise - Park,1,2026-10-08T00:00:00.000,2026-10-10T19:08:21.546629+00:00
03 BROOKLYN,Obstruction,1,2026-10-08T00:00:00.000,2026-10-10T19:08:21.546629+00:00
03 BROOKLYN,Outdoor Dining,1,2026-10-08T00:00:00.000,2026-10-10T19:08:21.546629+00:00
03 BROOKLYN,Homeless Person Assistance,1,2026-10-08T00:00:00.000,2026-10-10T19:08:21.546629+00:00
13 BROOKLYN,Noise - Park,1,2026-10-08T00:00:00.000,2026-10-10T19:08:21.546629+00:00
13 QUEENS,Unleashed Dog,1,2026-10-08T00:00:00.000,2026-10-10T19:08:21.546629+00:00
13 QUEENS,WATER LEAK,1,2026-10-08T00:00:00.000,2026-10-10T19:08:21.546629+00:00
13 QUEENS,Water Conservation,1,2026-10-08T00:00:00.000,2026-10-10T19:08:21.546629+00:00
03 MANHATTAN,Blocked Driveway,1,2026-10-08T00:00:00.000,2026-10-10T19:08:21.546629+00:00
03 MANHATTAN,Building/Use,1,2026-10-08T00:00:00.000,2026-10-10T19:08:21.546629+00:00
03 BRONX,Smoking or Vaping,1,2026-10-08T00:00:00.000,2026-10-10T19:08:21.546629+00:00
03 BRONX,Street Sweeping Complaint,1,2026-10-08T00:00:00.000,2026-10-10T19:08:21.546629+00:00
03 MANHATTAN,Abandoned Vehicle,1,2026-10-08T00:00:00.000,2026-10-10T19:08:21.546629+00:00
03 MANHATTAN,Animal-Abuse,1,2026-10-08T00:00:00.000,2026-10-10T19:08:21.546629+00:00
03 BROOKLYN,Panhandling,1,2026-10-08T00:00:00.000,2026-10-10T19:08:21.546629+00:00
03 BROOKLYN,Scaffold Safety,1,2026-10-08T00:00:00.000,2026-10-10T19:08:21.546629+00:00
02 QUEENS,Lead,1,2026-10-08T00:00:00.000,2026-10-10T19:08:21.546629+00:00
02 QUEENS,Litter Basket Complaint,1,2026-10-08T00:00:00.000,2026-10-10T19:08:21.546629+00:00
02 QUEENS,Maintenance or Facility,1,2026-10-08T00:00:00.000,2026-10-10T19:08:21.546629+00:00
02 QUEENS,Noise - Commercial,1,2026-10-08T00:00:00.000,2026-10-10T19:08:21.546629+00:00
02 STATEN ISLAND,Rodent,1,2026-10-08T00:00:00.000,2026-10-10T19:08:21.546629+00:00
02 STATEN ISLAND,Sidewalk Condition,1,2026-10-08T00:00:00.000,2026-10-10T19:08:21.546629+00:00
02 STATEN ISLAND,Standing Water,1,2026-10-08T00:00:00.000,2026-10-10T19:08:21.546629+00:00
02 STATEN ISLAND,Street Sign - Missing,1,2026-10-08T00:00:00.000,2026-10-10T19:08:21.546629+00:00
03 BRONX,Consumer Complaint,1,2026-10-08T00:00:00.000,2026-10-10T19:08:21.546629+00:00
13 QUEENS,Lead,1,2026-10-08T00:00:00.000,2026-10-10T19:08:21.546629+00:00
13 QUEENS,Noise,1,2026-10-08T00:00:00.000,2026-10-10T19:08:21.546629+00:00
14 BROOKLYN,Obstruction,1,2026-10-08T00:00:00.000,2026-10-10T19:08:21.546629+00:00
14 BROOKLYN,General Construction/Plumbing,1,2026-10-08T00:00:00.000,2026-10-10T19:08:21.546629+00:00
14 BROOKLYN,Litter Basket Request,1,2026-10-08T00:00:00.000,2026-10-10T19:08:21.546629+00:00
14 BROOKLYN,Food Establishment,1,2026-10-08T00:00:00.000,2026-10-10T19:08:21.546629+00:00
13 QUEENS,Water Maintenance,1,2026-10-08T00:00:00.000,2026-10-10T19:08:21.546629+00:00
02 STATEN ISLAND,Dumpster Complaint,1,2026-10-08T00:00:00.000,2026-10-10T19:08:21.546629+00:00
03 BRONX,Noise - Vehicle,1,2026-10-08T00:00:00.000,2026-10-10T19:08:21.546629+00:00
03 BRONX,Non-Emergency Police Matter,1,2026-10-08T00:00:00.000,2026-10-10T19:08:21.546629+00:00
03 BRONX,Obstruction,1,2026-10-08T00:00:00.000,2026-10-10T19:08:21.546629+00:00
03 BRONX,Rodent,1,2026-10-08T00:00:00.000,2026-10-10T19:08:21.546629+00:00
03 BRONX,Encampment,1,2026-10-08T00:00:00.000,2026-10-10T19:08:21.546629+00:00
03 BRONX,Graffiti,1,2026-10-08T00:00:00.000,2026-10-10T19:08:21.546629+00:00
03 BRONX,Animal-Abuse,1,2026-10-08T00:00:00.000,2026-10-10T19:08:21.546629+00:00
03 BRONX,Vendor Enforcement,1,2026-10-08T00:00:00.000,2026-10-10T19:08:21.546629+00:00
03 BROOKLYN,Air Quality,1,2026-10-08T00:00:00.000,2026-10-10T19:08:21.546629+00:00
03 BROOKLYN,Building/Use,1,2026-10-08T00:00:00.000,2026-10-10T19:08:21.546629+00:00
03 BRONX,Sidewalk Condition,1,2026-10-08T00:00:00.000,2026-10-10T19:08:21.546629+00:00
02 STATEN ISLAND,Dead Animal,1,2026-10-08T00:00:00.000,2026-10-10T19:08:21.546629+00:00
02 STATEN ISLAND,Dead/Dying Tree,1,2026-10-08T00:00:00.000,2026-10-10T19:08:21.546629+00:00
02 STATEN ISLAND,Disorderly Youth,1,2026-10-08T00:00:00.000,2026-10-10T19:08:21.546629+00:00
02 STATEN ISLAND,Drug Activity,1,2026-10-08T00:00:00.000,2026-10-10T19:08:21.546629+00:00
02 STATEN ISLAND,Animal-Abuse,1,2026-10-08T00:00:00.000,2026-10-10T19:08:21.546629+00:00
02 STATEN ISLAND,Bike/Roller/Skate,1,2026-10-08T00:00:00.000,2026-10-10T19:08:21.546629+00:00
02 STATEN ISLAND,Building/Use,1,2026-10-08T00:00:00.000,2026-10-10T19:08:21.546629+00:00
02 QUEENS,Street Sign - Damaged,1,2026-10-08T00:00:00.000,2026-10-10T19:08:21.546629+00:00
02 QUEENS,Taxi Complaint,1,2026-10-08T00:00:00.000,2026-10-10T19:08:21.546629+00:00
02 QUEENS,Traffic,1,2026-10-08T00:00:00.000,2026-10-10T19:08:21.546629+00:00
02 QUEENS,Overgrown Tree/Branches,1,2026-10-08T00:00:00.000,2026-10-10T19:08:21.546629+00:00
02 QUEENS,Panhandling,1,2026-10-08T00:00:00.000,2026-10-10T19:08:21.546629+00:00
14 BROOKLYN,Violation of Park Rules,1,2026-10-08T00:00:00.000,2026-10-10T19:08:21.546629+00:00
14 BROOKLYN,Real Time Enforcement,1,2026-10-08T00:00:00.000,2026-10-10T19:08:21.546629+00:00
02 MANHATTAN,Street Sign - Damaged,1,2026-10-08T00:00:00.000,2026-10-10T19:08:21.546629+00:00
02 MANHATTAN,Vendor Enforcement,1,2026-10-08T00:00:00.000,2026-10-10T19:08:21.546629+00:00
02 MANHATTAN,WATER LEAK,1,2026-10-08T00:00:00.000,2026-10-10T19:08:21.546629+00:00
02 QUEENS,Unsanitary Pigeon Condition,1,2026-10-08T00:00:00.000,2026-10-10T19:08:21.546629+00:00
02 QUEENS,WATER LEAK,1,2026-10-08T00:00:00.000,2026-10-10T19:08:21.546629+00:00
02 QUEENS,Water Maintenance,1,2026-10-08T00:00:00.000,2026-10-10T19:08:21.546629+00:00
14 QUEENS,Indoor Air Quality,1,2026-10-08T00:00:00.000,2026-10-10T19:08:21.546629+00:00
14 QUEENS,Indoor Sewage,1,2026-10-08T00:00:00.000,2026-10-10T19:08:21.546629+00:00
14 QUEENS,Bus Stop Shelter Complaint,1,2026-10-08T00:00:00.000,2026-10-10T19:08:21.546629+00:00
14 QUEENS,Consumer Complaint,1,2026-10-08T00:00:00.000,2026-10-10T19:08:21.546629+00:00
14 QUEENS,Drug Activity,1,2026-10-08T00:00:00.000,2026-10-10T19:08:21.546629+00:00
14 QUEENS,FLOORING/STAIRS,1,2026-10-08T00:00:00.000,2026-10-10T19:08:21.546629+00:00
14 BROOKLYN,Traffic Signal Condition,1,2026-10-08T00:00:00.000,2026-10-10T19:08:21.546629+00:00
14 BROOKLYN,Vendor Enforcement,1,2026-10-08T00:00:00.000,2026-10-10T19:08:21.546629+00:00
02 STATEN ISLAND,Residential Disposal Complaint,1,2026-10-08T00:00:00.000,2026-10-10T19:08:21.546629+00:00
02 STATEN ISLAND,General Construction/Plumbing,1,2026-10-08T00:00:00.000,2026-10-10T19:08:21.546629+00:00
02 STATEN ISLAND,Illegal Animal Kept as Pet,1,2026-10-08T00:00:00.000,2026-10-10T19:08:21.546629+00:00
14 BROOKLYN,Animal in a Park,1,2026-10-08T00:00:00.000,2026-10-10T19:08:21.546629+00:00
14 BROOKLYN,Building/Use,1,2026-10-08T00:00:00.000,2026-10-10T19:08:21.546629+00:00
14 BROOKLYN,Cannabis Retailer,1,2026-10-08T00:00:00.000,2026-10-10T19:08:21.546629+00:00
14 BROOKLYN,Consumer Complaint,1,2026-10-08T00:00:00.000,2026-10-10T19:08:21.546629+00:00
14 QUEENS,GENERAL,1,2026-10-08T00:00:00.000,2026-10-10T19:08:21.546629+00:00
02 QUEENS,Consumer Complaint,1,2026-10-08T00:00:00.000,2026-10-10T19:08:21.546629+00:00
02 QUEENS,DOOR/WINDOW,1,2026-10-08T00:00:00.000,2026-10-10T19:08:21.546629+00:00
02 MANHATTAN,Special Projects Inspection Team (SPIT),1,2026-10-08T00:00:00.000,2026-10-10T19:08:21.546629+00:00
02 BROOKLYN,Missed Collection,1,2026-10-08T00:00:00.000,2026-10-10T19:08:21.546629+00:00
02 MANHATTAN,Panhandling,1,2026-10-08T00:00:00.000,2026-10-10T19:08:21.546629+00:00
02 MANHATTAN,Sidewalk Condition,1,2026-10-08T00:00:00.000,2026-10-10T19:08:21.546629+00:00
02 MANHATTAN,Mobile Food Vendor,1,2026-10-08T00:00:00.000,2026-10-10T19:08:21.546629+00:00
02 MANHATTAN,Food Poisoning,1,2026-10-08T00:00:00.000,2026-10-10T19:08:21.546629+00:00
02 MANHATTAN,ELECTRIC,1,2026-10-08T00:00:00.000,2026-10-10T19:08:21.546629+00:00
02 QUEENS,FLOORING/STAIRS,1,2026-10-08T00:00:00.000,2026-10-10T19:08:21.546629+00:00
02 QUEENS,Food Establishment,1,2026-10-08T00:00:00.000,2026-10-10T19:08:21.546629+00:00
02 QUEENS,For Hire Vehicle Complaint,1,2026-10-08T00:00:00.000,2026-10-10T19:08:21.546629+00:00
02 QUEENS,GENERAL,1,2026-10-08T00:00:00.000,2026-10-10T19:08:21.546629+00:00
02 QUEENS,Illegal Dumping,1,2026-10-08T00:00:00.000,2026-10-10T19:08:21.546629+00:00
02 QUEENS,Dead Animal,1,2026-10-08T00:00:00.000,2026-10-10T19:08:21.546629+00:00
02 QUEENS,Emergency Response Team (ERT),1,2026-10-08T00:00:00.000,2026-10-10T19:08:21.546629+00:00
15 BROOKLYN,Consumer Complaint,1,2026-10-08T00:00:00.000,2026-10-10T19:08:21.546629+00:00
14 QUEENS,Rodent,1,2026-10-08T00:00:00.000,2026-10-10T19:08:21.546629+00:00
14 QUEENS,Root/Sewer/Sidewalk Condition,1,2026-10-08T00:00:00.000,2026-10-10T19:08:21.546629+00:00
14 QUEENS,Smoking or Vaping,1,2026-10-08T00:00:00.000,2026-10-10T19:08:21.546629+00:00
14 QUEENS,Street Light Condition,1,2026-10-08T00:00:00.000,2026-10-10T19:08:21.546629+00:00
02 MANHATTAN,DOOR/WINDOW,1,2026-10-08T00:00:00.000,2026-10-10T19:08:21.546629+00:00
02 MANHATTAN,Dead/Dying Tree,1,2026-10-08T00:00:00.000,2026-10-10T19:08:21.546629+00:00
02 MANHATTAN,Dirty Condition,1,2026-10-08T00:00:00.000,2026-10-10T19:08:21.546629+00:00
02 QUEENS,Rodent,1,2026-10-08T00:00:00.000,2026-10-10T19:08:21.546629+00:00
02 QUEENS,Sewer Maintenance,1,2026-10-08T00:00:00.000,2026-10-10T19:08:21.546629+00:00
14 BROOKLYN,Root/Sewer/Sidewalk Condition,1,2026-10-08T00:00:00.000,2026-10-10T19:08:21.546629+00:00
14 BROOKLYN,Street Condition,1,2026-10-08T00:00:00.000,2026-10-10T19:08:21.546629+00:00
15 BROOKLYN,DOOR/WINDOW,1,2026-10-08T00:00:00.000,2026-10-10T19:08:21.546629+00:00
15 BROOKLYN,Dead Animal,1,2026-10-08T00:00:00.000,2026-10-10T19:08:21.546629+00:00
15 BROOKLYN,Animal-Abuse,1,2026-10-08T00:00:00.000,2026-10-10T19:08:21.546629+00:00
15 BROOKLYN,Cannabis Retailer,1,2026-10-08T00:00:00.000,2026-10-10T19:08:21.546629+00:00
02 BROOKLYN,Sidewalk Condition,1,2026-10-08T00:00:00.000,2026-10-10T19:08:21.546629+00:00
02 BROOKLYN,Street Sign - Damaged,1,2026-10-08T00:00:00.000,2026-10-10T19:08:21.546629+00:00
02 BROOKLYN,Noise - Vehicle,1,2026-10-08T00:00:00.000,2026-10-10T19:08:21.546629+00:00
02 BROOKLYN,Overgrown Tree/Branches,1,2026-10-08T00:00:00.000,2026-10-10T19:08:21.546629+00:00
02 BROOKLYN,Root/Sewer/Sidewalk Condition,1,2026-10-08T00:00:00.000,2026-10-10T19:08:21.546629+00:00
02 BROOKLYN,Industrial Waste,1,2026-10-08T00:00:00.000,2026-10-10T19:08:21.546629+00:00
15 BROOKLYN,Illegal Dumping,1,2026-10-08T00:00:00.000,2026-10-10T19:08:21.546629+00:00
15 BROOKLYN,Indoor Air Quality,1,2026-10-08T00:00:00.000,2026-10-10T19:08:21.546629+00:00
02 BRONX,Traffic,1,2026-10-08T00:00:00.000,2026-10-10T19:08:21.546629+00:00
02 BRONX,Traffic Signal Condition,1,2026-10-08T00:00:00.000,2026-10-10T19:08:21.546629+00:00
02 MANHATTAN,Air Quality,1,2026-10-08T00:00:00.000,2026-10-10T19:08:21.546629+00:00
02 MANHATTAN,Animal in a Park,1,2026-10-08T00:00:00.000,2026-10-10T19:08:21.546629+00:00
02 MANHATTAN,Blocked Driveway,1,2026-10-08T00:00:00.000,2026-10-10T19:08:21.546629+00:00
02 MANHATTAN,Cannabis Retailer,1,2026-10-08T00:00:00.000,2026-10-10T19:08:21.546629+00:00
02 BROOKLYN,SAFETY,1,2026-10-08T00:00:00.000,2026-10-10T19:08:21.546629+00:00
02 BROOKLYN,Sewer Maintenance,1,2026-10-08T00:00:00.000,2026-10-10T19:08:21.546629+00:00
15 BROOKLYN,Overgrown Tree/Branches,1,2026-10-08T00:00:00.000,2026-10-10T19:08:21.546629+00:00
15 BROOKLYN,Rodent,1,2026-10-08T00:00:00.000,2026-10-10T19:08:21.546629+00:00
15 BROOKLYN,Litter Basket Request,1,2026-10-08T00:00:00.000,2026-10-10T19:08:21.546629+00:00
15 BROOKLYN,Maintenance or Facility,1,2026-10-08T00:00:00.000,2026-10-10T19:08:21.546629+00:00
15 BROOKLYN,Noise - Park,1,2026-10-08T00:00:00.000,2026-10-10T19:08:21.546629+00:00
15 BROOKLYN,HEAT/HOT WATER,1,2026-10-08T00:00:00.000,2026-10-10T19:08:21.546629+00:00
02 BRONX,Plumbing,1,2026-10-08T00:00:00.000,2026-10-10T19:08:21.546629+00:00
02 BRONX,Sewer Maintenance,1,2026-10-08T00:00:00.000,2026-10-10T19:08:21.546629+00:00
02 MANHATTAN,For Hire Vehicle Complaint,1,2026-10-08T00:00:00.000,2026-10-10T19:08:21.546629+00:00
02 MANHATTAN,Illegal Tree Damage,1,2026-10-08T00:00:00.000,2026-10-10T19:08:21.546629+00:00
02 MANHATTAN,Curb Condition,1,2026-10-08T00:00:00.000,2026-10-10T19:08:21.546629+00:00
14 QUEENS,Overgrown Tree/Branches,1,2026-10-08T00:00:00.000,2026-10-10T19:08:21.546629+00:00
15 BROOKLYN,Street Sign - Damaged,1,2026-10-08T00:00:00.000,2026-10-10T19:08:21.546629+00:00
15 BROOKLYN,Traffic,1,2026-10-08T00:00:00.000,2026-10-10T19:08:21.546629+00:00
15 BROOKLYN,Urinating in Public,1,2026-10-08T00:00:00.000,2026-10-10T19:08:21.546629+00:00
15 BROOKLYN,Obstruction,1,2026-10-08T00:00:00.000,2026-10-10T19:08:21.546629+00:00
02 BROOKLYN,APPLIANCE,1,2026-10-08T00:00:00.000,2026-10-10T19:08:21.546629+00:00
02 BROOKLYN,Abandoned Vehicle,1,2026-10-08T00:00:00.000,2026-10-10T19:08:21.546629+00:00
02 BROOKLYN,Air Quality,1,2026-10-08T00:00:00.000,2026-10-10T19:08:21.546629+00:00
02 BROOKLYN,Asbestos,1,2026-10-08T00:00:00.000,2026-10-10T19:08:21.546629+00:00
02 BRONX,PAINT/PLASTER,1,2026-10-08T00:00:00.000,2026-10-10T19:08:21.546629+00:00
01 STATEN ISLAND,Dumpster Complaint,1,2026-10-08T00:00:00.000,2026-10-10T19:08:21.546629+00:00
02 BRONX,Illegal Dumping,1,2026-10-08T00:00:00.000,2026-10-10T19:08:21.546629+00:00
02 BRONX,Lead,1,2026-10-08T00:00:00.000,2026-10-10T19:08:21.546629+00:00
02 BROOKLYN,HEAT/HOT WATER,1,2026-10-08T00:00:00.000,2026-10-10T19:08:21.546629+00:00
02 BROOKLYN,Homeless Person Assistance,1,2026-10-08T00:00:00.000,2026-10-10T19:08:21.546629+00:00
02 BROOKLYN,Cannabis Retailer,1,2026-10-08T00:00:00.000,2026-10-10T19:08:21.546629+00:00
02 BROOKLYN,Dead/Dying Tree,1,2026-10-08T00:00:00.000,2026-10-10T19:08:21.546629+00:00
02 BROOKLYN,Drinking,1,2026-10-08T00:00:00.000,2026-10-10T19:08:21.546629+00:00
02 BROOKLYN,Emergency Response Team (ERT),1,2026-10-08T00:00:00.000,2026-10-10T19:08:21.546629+00:00
02 BROOKLYN,Food Establishment,1,2026-10-08T00:00:00.000,2026-10-10T19:08:21.546629+00:00
02 BRONX,Water Maintenance,1,2026-10-08T00:00:00.000,2026-10-10T19:08:21.546629+00:00
16 BROOKLYN,FLOORING/STAIRS,1,2026-10-08T00:00:00.000,2026-10-10T19:08:21.546629+00:00
16 BROOKLYN,Food Poisoning,1,2026-10-08T00:00:00.000,2026-10-10T19:08:21.546629+00:00
16 BROOKLYN,GENERAL,1,2026-10-08T00:00:00.000,2026-10-10T19:08:21.546629+00:00
15 BROOKLYN,Wood Pile Remaining,1,2026-10-08T00:00:00.000,2026-10-10T19:08:21.546629+00:00
01 STATEN ISLAND,Traffic,1,2026-10-08T00:00:00.000,2026-10-10T19:08:21.546629+00:00
02 BROOKLYN,GENERAL,1,2026-10-08T00:00:00.000,2026-10-10T19:08:21.546629+00:00
02 BROOKLYN,General Construction/Plumbing,1,2026-10-08T00:00:00.000,2026-10-10T19:08:21.546629+00:00
02 BROOKLYN,Graffiti,1,2026-10-08T00:00:00.000,2026-10-10T19:08:21.546629+00:00
16 BROOKLYN,Panhandling,1,2026-10-08T00:00:00.000,2026-10-10T19:08:21.546629+00:00
16 BROOKLYN,Recycling Basket Complaint,1,2026-10-08T00:00:00.000,2026-10-10T19:08:21.546629+00:00
16 BROOKLYN,Sewer Maintenance,1,2026-10-08T00:00:00.000,2026-10-10T19:08:21.546629+00:00
16 BROOKLYN,Smoking or Vaping,1,2026-10-08T00:00:00.000,2026-10-10T19:08:21.546629+00:00
16 BROOKLYN,Street Light Condition,1,2026-10-08T00:00:00.000,2026-10-10T19:08:21.546629+00:00
16 BROOKLYN,Noise - Vehicle,1,2026-10-08T00:00:00.000,2026-10-10T19:08:21.546629+00:00
16 BROOKLYN,Overgrown Tree/Branches,1,2026-10-08T00:00:00.000,2026-10-10T19:08:21.546629+00:00
16 BROOKLYN,Elevator,1,2026-10-08T00:00:00.000,2026-10-10T19:08:21.546629+00:00
16 BROOKLYN,Street Sign - Damaged,1,2026-10-08T00:00:00.000,2026-10-10T19:08:21.546629+00:00
16 BROOKLYN,Street Sign - Dangling,1,2026-10-08T00:00:00.000,2026-10-10T19:08:21.546629+00:00
01 QUEENS,Noise - House of Worship,1,2026-10-08T00:00:00.000,2026-10-10T19:08:21.546629+00:00
01 QUEENS,Noise - Vehicle,1,2026-10-08T00:00:00.000,2026-10-10T19:08:21.546629+00:00
01 STATEN ISLAND,Noise - Street/Sidewalk,1,2026-10-08T00:00:00.000,2026-10-10T19:08:21.546629+00:00
01 STATEN ISLAND,Noise - Vehicle,1,2026-10-08T00:00:00.000,2026-10-10T19:08:21.546629+00:00
01 STATEN ISLAND,Rodent,1,2026-10-08T00:00:00.000,2026-10-10T19:08:21.546629+00:00
01 STATEN ISLAND,Maintenance or Facility,1,2026-10-08T00:00:00.000,2026-10-10T19:08:21.546629+00:00
17 BROOKLYN,Maintenance or Facility,1,2026-10-08T00:00:00.000,2026-10-10T19:08:21.546629+00:00
17 BROOKLYN,Mosquitoes,1,2026-10-08T00:00:00.000,2026-10-10T19:08:21.546629+00:00
17 BROOKLYN,Noise - Commercial,1,2026-10-08T00:00:00.000,2026-10-10T19:08:21.546629+00:00
17 BROOKLYN,Electrical,1,2026-10-08T00:00:00.000,2026-10-10T19:08:21.546629+00:00
17 BROOKLYN,Encampment,1,2026-10-08T00:00:00.000,2026-10-10T19:08:21.546629+00:00
17 BROOKLYN,General Construction/Plumbing,1,2026-10-08T00:00:00.000,2026-10-10T19:08:21.546629+00:00
17 BROOKLYN,Building/Use,1,2026-10-08T00:00:00.000,2026-10-10T19:08:21.546629+00:00
17 BROOKLYN,Dead Animal,1,2026-10-08T00:00:00.000,2026-10-10T19:08:21.546629+00:00
02 BRONX,Abandoned Vehicle,1,2026-10-08T00:00:00.000,2026-10-10T19:08:21.546629+00:00
02 BRONX,Animal-Abuse,1,2026-10-08T00:00:00.000,2026-10-10T19:08:21.546629+00:00
01 STATEN ISLAND,Root/Sewer/Sidewalk Condition,1,2026-10-08T00:00:00.000,2026-10-10T19:08:21.546629+00:00
01 STATEN ISLAND,Sewer Maintenance,1,2026-10-08T00:00:00.000,2026-10-10T19:08:21.546629+00:00
16 BROOKLYN,Abandoned Vehicle,1,2026-10-08T00:00:00.000,2026-10-10T19:08:21.546629+00:00
16 BROOKLYN,Animal-Abuse,1,2026-10-08T00:00:00.000,2026-10-10T19:08:21.546629+00:00
16 BROOKLYN,DOOR/WINDOW,1,2026-10-08T00:00:00.000,2026-10-10T19:08:21.546629+00:00
17 BROOKLYN,Indoor Air Quality,1,2026-10-08T00:00:00.000,2026-10-10T19:08:21.546629+00:00
02 BRONX,Maintenance or Facility,1,2026-10-08T00:00:00.000,2026-10-10T19:08:21.546629+00:00
02 BRONX,Mobile Food Vendor,1,2026-10-08T00:00:00.000,2026-10-10T19:08:21.546629+00:00
02 BRONX,Dirty Condition,1,2026-10-08T00:00:00.000,2026-10-10T19:08:21.546629+00:00
02 BRONX,Encampment,1,2026-10-08T00:00:00.000,2026-10-10T19:08:21.546629+00:00
02 BRONX,FLOORING/STAIRS,1,2026-10-08T00:00:00.000,2026-10-10T19:08:21.546629+00:00
01 STATEN ISLAND,Uprooted Stump,1,2026-10-08T00:00:00.000,2026-10-10T19:08:21.546629+00:00
01 STATEN ISLAND,Vendor Enforcement,1,2026-10-08T00:00:00.000,2026-10-10T19:08:21.546629+00:00
01 STATEN ISLAND,Water Conservation,1,2026-10-08T00:00:00.000,2026-10-10T19:08:21.546629+00:00
01 MANHATTAN,Bike Rack,1,2026-10-08T00:00:00.000,2026-10-10T19:08:21.546629+00:00
01 MANHATTAN,Bike/Roller/Skate,1,2026-10-08T00:00:00.000,2026-10-10T19:08:21.546629+00:00
01 QUEENS,Lead,1,2026-10-08T00:00:00.000,2026-10-10T19:08:21.546629+00:00
01 QUEENS,Lot Condition,1,2026-10-08T00:00:00.000,2026-10-10T19:08:21.546629+00:00
01 QUEENS,Missed Collection,1,2026-10-08T00:00:00.000,2026-10-10T19:08:21.546629+00:00
01 QUEENS,Dumpster Complaint,1,2026-10-08T00:00:00.000,2026-10-10T19:08:21.546629+00:00
01 QUEENS,ELECTRIC,1,2026-10-08T00:00:00.000,2026-10-10T19:08:21.546629+00:00
01 QUEENS,Emergency Response Team (ERT),1,2026-10-08T00:00:00.000,2026-10-10T19:08:21.546629+00:00
01 QUEENS,PAINT/PLASTER,1,2026-10-08T00:00:00.000,2026-10-10T19:08:21.546629+00:00
01 QUEENS,Real Time Enforcement,1,2026-10-08T00:00:00.000,2026-10-10T19:08:21.546629+00:00
01 QUEENS,SAFETY,1,2026-10-08T00:00:00.000,2026-10-10T19:08:21.546629+00:00
16 BROOKLYN,Unsanitary Animal Pvt Property,1,2026-10-08T00:00:00.000,2026-10-10T19:08:21.546629+00:00
18 BROOKLYN,APPLIANCE,1,2026-10-08T00:00:00.000,2026-10-10T19:08:21.546629+00:00
18 BROOKLYN,Air Quality,1,2026-10-08T00:00:00.000,2026-10-10T19:08:21.546629+00:00
18 BROOKLYN,Boilers,1,2026-10-08T00:00:00.000,2026-10-10T19:08:21.546629+00:00
01 BROOKLYN,Water Conservation,1,2026-10-08T00:00:00.000,2026-10-10T19:08:21.546629+00:00
01 QUEENS,Unsanitary Pigeon Condition,1,2026-10-08T00:00:00.000,2026-10-10T19:08:21.546629+00:00
01 QUEENS,Vendor Enforcement,1,2026-10-08T00:00:00.000,2026-10-10T19:08:21.546629+00:00
01 QUEENS,WATER LEAK,1,2026-10-08T00:00:00.000,2026-10-10T19:08:21.546629+00:00
01 QUEENS,Water Maintenance,1,2026-10-08T00:00:00.000,2026-10-10T19:08:21.546629+00:00
01 QUEENS,Sanitation Worker or Vehicle Complaint,1,2026-10-08T00:00:00.000,2026-10-10T19:08:21.546629+00:00
01 QUEENS,Sidewalk Condition,1,2026-10-08T00:00:00.000,2026-10-10T19:08:21.546629+00:00
01 QUEENS,Special Projects Inspection Team (SPIT),1,2026-10-08T00:00:00.000,2026-10-10T19:08:21.546629+00:00
01 QUEENS,Street Sign - Damaged,1,2026-10-08T00:00:00.000,2026-10-10T19:08:21.546629+00:00
01 STATEN ISLAND,Mold,1,2026-10-08T00:00:00.000,2026-10-10T19:08:21.546629+00:00
01 STATEN ISLAND,Noise - Commercial,1,2026-10-08T00:00:00.000,2026-10-10T19:08:21.546629+00:00
01 STATEN ISLAND,FLOORING/STAIRS,1,2026-10-08T00:00:00.000,2026-10-10T19:08:21.546629+00:00
01 STATEN ISLAND,Food Establishment,1,2026-10-08T00:00:00.000,2026-10-10T19:08:21.546629+00:00
01 STATEN ISLAND,Harboring Bees/Wasps,1,2026-10-08T00:00:00.000,2026-10-10T19:08:21.546629+00:00
01 QUEENS,Air Quality,1,2026-10-08T00:00:00.000,2026-10-10T19:08:21.546629+00:00
01 QUEENS,Commercial Disposal Complaint,1,2026-10-08T00:00:00.000,2026-10-10T19:08:21.546629+00:00
01 QUEENS,Traffic,1,2026-10-08T00:00:00.000,2026-10-10T19:08:21.546629+00:00
01 MANHATTAN,For Hire Vehicle Complaint,1,2026-10-08T00:00:00.000,2026-10-10T19:08:21.546629+00:00
01 MANHATTAN,HEAT/HOT WATER,1,2026-10-08T00:00:00.000,2026-10-10T19:08:21.546629+00:00
01 MANHATTAN,Litter Basket Request,1,2026-10-08T00:00:00.000,2026-10-10T19:08:21.546629+00:00
01 BROOKLYN,Violation of Park Rules,1,2026-10-08T00:00:00.000,2026-10-10T19:08:21.546629+00:00
01 BROOKLYN,Abandoned Bike,1,2026-10-08T00:00:00.000,2026-10-10T19:08:21.546629+00:00
01 BROOKLYN,Bike Rack,1,2026-10-08T00:00:00.000,2026-10-10T19:08:21.546629+00:00
01 BROOKLYN,Bike/Roller/Skate,1,2026-10-08T00:00:00.000,2026-10-10T19:08:21.546629+00:00
01 BROOKLYN,Vendor Enforcement,1,2026-10-08T00:00:00.000,2026-10-10T19:08:21.546629+00:00
01 MANHATTAN,Sewer Maintenance,1,2026-10-08T00:00:00.000,2026-10-10T19:08:21.546629+00:00
01 MANHATTAN,Traffic,1,2026-10-08T00:00:00.000,2026-10-10T19:08:21.546629+00:00
01 MANHATTAN,Missed Collection,1,2026-10-08T00:00:00.000,2026-10-10T19:08:21.546629+00:00
01 MANHATTAN,Noise - Vehicle,1,2026-10-08T00:00:00.000,2026-10-10T19:08:21.546629+00:00
01 MANHATTAN,Non-Emergency Police Matter,1,2026-10-08T00:00:00.000,2026-10-10T19:08:21.546629+00:00
01 MANHATTAN,Obstruction,1,2026-10-08T00:00:00.000,2026-10-10T19:08:21.546629+00:00
01 MANHATTAN,Rodent,1,2026-10-08T00:00:00.000,2026-10-10T19:08:21.546629+00:00
01 MANHATTAN,Dirty Condition,1,2026-10-08T00:00:00.000,2026-10-10T19:08:21.546629+00:00
18 BROOKLYN,Traffic Signal Condition,1,2026-10-08T00:00:00.000,2026-10-10T19:08:21.546629+00:00
18 BROOKLYN,SAFETY,1,2026-10-08T00:00:00.000,2026-10-10T19:08:21.546629+00:00
18 BROOKLYN,Illegal Posting,1,2026-10-08T00:00:00.000,2026-10-10T19:08:21.546629+00:00
18 BROOKLYN,Encampment,1,2026-10-08T00:00:00.000,2026-10-10T19:08:21.546629+00:00
01 BROOKLYN,Illegal Tree Damage,1,2026-10-08T00:00:00.000,2026-10-10T19:08:21.546629+00:00
01 BROOKLYN,Investigations and Discipline (IAD),1,2026-10-08T00:00:00.000,2026-10-10T19:08:21.546629+00:00
01 BROOKLYN,Litter Basket Request,1,2026-10-08T00:00:00.000,2026-10-10T19:08:21.546629+00:00
01 MANHATTAN,Sanitation Worker or Vehicle Complaint,1,2026-10-08T00:00:00.000,2026-10-10T19:08:21.546629+00:00
01 QUEENS,For Hire Vehicle Complaint,1,2026-10-08T00:00:00.000,2026-10-10T19:08:21.546629+00:00
01 QUEENS,Curb Condition,1,2026-10-08T00:00:00.000,2026-10-10T19:08:21.546629+00:00
01 QUEENS,Damaged Tree,1,2026-10-08T00:00:00.000,2026-10-10T19:08:21.546629+00:00
01 QUEENS,Dead/Dying Tree,1,2026-10-08T00:00:00.000,2026-10-10T19:08:21.546629+00:00
01 QUEENS,Drinking,1,2026-10-08T00:00:00.000,2026-10-10T19:08:21.546629+00:00
17 BROOKLYN,Residential Disposal Complaint,1,2026-10-08T00:00:00.000,2026-10-10T19:08:21.546629+00:00
18 BROOKLYN,Street Sweeping Complaint,1,2026-10-08T00:00:00.000,2026-10-10T19:08:21.546629+00:00
18 BROOKLYN,Traffic,1,2026-10-08T00:00:00.000,2026-10-10T19:08:21.546629+00:00
Unspecified MANHATTAN,Food Poisoning,1,2026-10-08T00:00:00.000,2026-10-10T19:08:21.546629+00:00
Unspecified MANHATTAN,Graffiti,1,2026-10-08T00:00:00.000,2026-10-10T19:08:21.546629+00:00
01 BRONX,Consumer Complaint,1,2026-10-08T00:00:00.000,2026-10-10T19:08:21.546629+00:00
0 Unspecified,Dirty Condition,1,2026-10-08T00:00:00.000,2026-10-10T19:08:21.546629+00:00
0 Unspecified,Damaged Tree,1,2026-10-08T00:00:00.000,2026-10-10T19:08:21.546629+00:00
Unspecified STATEN ISLAND,Traffic,1,2026-10-08T00:00:00.000,2026-10-10T19:08:21.546629+00:00
01 BRONX,Drug Activity,1,2026-10-08T00:00:00.000,2026-10-10T19:08:21.546629+00:00
01 BRONX,Street Condition,1,2026-10-08T00:00:00.000,2026-10-10T19:08:21.546629+00:00
Unspecified QUEENS,Maintenance or Facility,1,2026-10-08T00:00:00.000,2026-10-10T19:08:21.546629+00:00
Unspecified QUEENS,Panhandling,1,2026-10-08T00:00:00.000,2026-10-10T19:08:21.546629+00:00
Unspecified QUEENS,Scaffold Safety,1,2026-10-08T00:00:00.000,2026-10-10T19:08:21.546629+00:00
Unspecified MANHATTAN,Street Sign - Damaged,1,2026-10-08T00:00:00.000,2026-10-10T19:08:21.546629+00:00
Unspecified MANHATTAN,Traffic Signal Condition,1,2026-10-08T00:00:00.000,2026-10-10T19:08:21.546629+00:00
Unspecified MANHATTAN,Water Maintenance,1,2026-10-08T00:00:00.000,2026-10-10T19:08:21.546629+00:00
Unspecified QUEENS,Abandoned Vehicle,1,2026-10-08T00:00:00.000,2026-10-10T19:08:21.546629+00:00
Unspecified QUEENS,Air Quality,1,2026-10-08T00:00:00.000,2026-10-10T19:08:21.546629+00:00
28 BRONX,Street Light Condition,1,2026-10-08T00:00:00.000,2026-10-10T19:08:21.546629+00:00
55 BROOKLYN,Damaged Tree,1,2026-10-08T00:00:00.000,2026-10-10T19:08:21.546629+00:00
55 BROOKLYN,Encampment,1,2026-10-08T00:00:00.000,2026-10-10T19:08:21.546629+00:00
55 BROOKLYN,For Hire Vehicle Report,1,2026-10-08T00:00:00.000,2026-10-10T19:08:21.546629+00:00
Unspecified QUEENS,Street Sign - Missing,1,2026-10-08T00:00:00.000,2026-10-10T19:08:21.546629+00:00
Unspecified STATEN ISLAND,Street Condition,1,2026-10-08T00:00:00.000,2026-10-10T19:08:21.546629+00:00
0 Unspecified,Taxi Complaint,1,2026-10-08T00:00:00.000,2026-10-10T19:08:21.546629+00:00
Unspecified QUEENS,General Construction/Plumbing,1,2026-10-08T00:00:00.000,2026-10-10T19:08:21.546629+00:00
01 BROOKLYN,Elevator,1,2026-10-08T00:00:00.000,2026-10-10T19:08:21.546629+00:00
01 BROOKLYN,Emergency Response Team (ERT),1,2026-10-08T00:00:00.000,2026-10-10T19:08:21.546629+00:00
01 BROOKLYN,FLOORING/STAIRS,1,2026-10-08T00:00:00.000,2026-10-10T19:08:21.546629+00:00
01 BROOKLYN,Food Establishment,1,2026-10-08T00:00:00.000,2026-10-10T19:08:21.546629+00:00
01 BROOKLYN,Food Poisoning,1,2026-10-08T00:00:00.000,2026-10-10T19:08:21.546629+00:00
01 BROOKLYN,Building/Use,1,2026-10-08T00:00:00.000,2026-10-10T19:08:21.546629+00:00
01 BROOKLYN,Curb Condition,1,2026-10-08T00:00:00.000,2026-10-10T19:08:21.546629+00:00
01 BRONX,Water Quality,1,2026-10-08T00:00:00.000,2026-10-10T19:08:21.546629+00:00
08 QUEENS,Plumbing,1,2026-10-08T00:00:00.000,2026-10-10T19:08:21.546629+00:00
08 QUEENS,Rodent,1,2026-10-08T00:00:00.000,2026-10-10T19:08:21.546629+00:00
08 MANHATTAN,Illegal Posting,1,2026-10-08T00:00:00.000,2026-10-10T19:08:21.546629+00:00
08 MANHATTAN,Illegal Tree Damage,1,2026-10-08T00:00:00.000,2026-10-10T19:08:21.546629+00:00
08 MANHATTAN,Lead,1,2026-10-08T00:00:00.000,2026-10-10T19:08:21.546629+00:00
08 MANHATTAN,Litter Basket Complaint,1,2026-10-08T00:00:00.000,2026-10-10T19:08:21.546629+00:00
08 MANHATTAN,Litter Basket Request,1,2026-10-08T00:00:00.000,2026-10-10T19:08:21.546629+00:00
08 QUEENS,Non-Emergency Police Matter,1,2026-10-08T00:00:00.000,2026-10-10T19:08:21.546629+00:00
09 BRONX,Encampment,1,2026-10-08T00:00:00.000,2026-10-10T19:08:21.546629+00:00
09 BRONX,Graffiti,1,2026-10-08T00:00:00.000,2026-10-10T19:08:21.546629+00:00
09 BRONX,Animal-Abuse,1,2026-10-08T00:00:00.000,2026-10-10T19:08:21.546629+00:00
09 BRONX,Drug Activity,1,2026-10-08T00:00:00.000,2026-10-10T19:08:21.546629+00:00
09 BRONX,E-Scooter,1,2026-10-08T00:00:00.000,2026-10-10T19:08:21.546629+00:00
08 QUEENS,Street Sign - Damaged,1,2026-10-08T00:00:00.000,2026-10-10T19:08:21.546629+00:00
08 QUEENS,Street Sign - Missing,1,2026-10-08T00:00:00.000,2026-10-10T19:08:21.546629+00:00
08 QUEENS,WATER LEAK,1,2026-10-08T00:00:00.000,2026-10-10T19:08:21.546629+00:00
01 BRONX,FLOORING/STAIRS,1,2026-10-08T00:00:00.000,2026-10-10T19:08:21.546629+00:00
01 BRONX,Food Establishment,1,2026-10-08T00:00:00.000,2026-10-10T19:08:21.546629+00:00
01 BRONX,GENERAL,1,2026-10-08T00:00:00.000,2026-10-10T19:08:21.546629+00:00
01 BRONX,General Construction/Plumbing,1,2026-10-08T00:00:00.000,2026-10-10T19:08:21.546629+00:00
08 QUEENS,Bike/Roller/Skate,1,2026-10-08T00:00:00.000,2026-10-10T19:08:21.546629+00:00
08 QUEENS,Boilers,1,2026-10-08T00:00:00.000,2026-10-10T19:08:21.546629+00:00
08 QUEENS,Consumer Complaint,1,2026-10-08T00:00:00.000,2026-10-10T19:08:21.546629+00:00
08 QUEENS,Curb Condition,1,2026-10-08T00:00:00.000,2026-10-10T19:08:21.546629+00:00
01 BRONX,Street Sign - Missing,1,2026-10-08T00:00:00.000,2026-10-10T19:08:21.546629+00:00
01 BRONX,Street Sweeping Complaint,1,2026-10-08T00:00:00.000,2026-10-10T19:08:21.546629+00:00
01 BRONX,Water Conservation,1,2026-10-08T00:00:00.000,2026-10-10T19:08:21.546629+00:00
01 BRONX,Missed Collection,1,2026-10-08T00:00:00.000,2026-10-10T19:08:21.546629+00:00
01 BRONX,Non-Emergency Police Matter,1,2026-10-08T00:00:00.000,2026-10-10T19:08:21.546629+00:00
01 BRONX,Obstruction,1,2026-10-08T00:00:00.000,2026-10-10T19:08:21.546629+00:00
01 BRONX,PLUMBING,1,2026-10-08T00:00:00.000,2026-10-10T19:08:21.546629+00:00
01 BRONX,Elevator,1,2026-10-08T00:00:00.000,2026-10-10T19:08:21.546629+00:00
