community_board,complaint_type,count,date,ingested_at,rolling_avg,rank,board_num,borough,borough_code,BoroCD
0 Unspecified,Ferry Complaint,2,2026-09-20,2026-09-22T16:19:02.309682+00:00,1.5,1.0,0.0,,,
0 Unspecified,Food Establishment,3,2026-09-20,2026-09-22T16:19:02.309682+00:00,2.0,0.78,0.0,,,
0 Unspecified,For Hire Vehicle Complaint,6,2026-09-20,2026-09-22T16:19:02.309682+00:00,7.0,1.0,0.0,,,
0 Unspecified,Illegal Posting,1,2026-09-20,2026-09-22T16:19:02.309682+00:00,1.0,0.42,0.0,,,
0 Unspecified,Overgrown Tree/Branches,1,2026-09-20,2026-09-22T16:19:02.309682+00:00,1.0,0.18,0.0,,,
0 Unspecified,Root/Sewer/Sidewalk Condition,1,2026-09-20,2026-09-22T16:19:02.309682+00:00,1.0,0.17,0.0,,,
0 Unspecified,Taxi Complaint,3,2026-09-20,2026-09-22T16:19:02.309682+00:00,2.0,0.4,0.0,,,
01 BRONX,APPLIANCE,1,2026-09-20,2026-09-22T16:19:02.309682+00:00,4.0,0.96,1.0,BRONX,2.0,201.0
01 BRONX,Blocked Driveway,3,2026-09-20,2026-09-22T16:19:02.309682+00:00,4.5,0.31,1.0,BRONX,2.0,201.0
01 BRONX,DOOR/WINDOW,1,2026-09-20,2026-09-22T16:19:02.309682+00:00,1.5,0.23,1.0,BRONX,2.0,201.0
01 BRONX,Dirty Condition,5,2026-09-20,2026-09-22T16:19:02.309682+00:00,4.0,0.7,1.0,BRONX,2.0,201.0
01 BRONX,Drug Activity,2,2026-09-20,2026-09-22T16:19:02.309682+00:00,2.5,0.92,1.0,BRONX,2.0,201.0
01 BRONX,ELECTRIC,1,2026-09-20,2026-09-22T16:19:02.309682+00:00,2.5,0.72,1.0,BRONX,2.0,201.0
01 BRONX,FLOORING/STAIRS,1,2026-09-20,2026-09-22T16:19:02.309682+00:00,2.0,0.48,1.0,BRONX,2.0,201.0
01 BRONX,GENERAL,1,2026-09-20,2026-09-22T16:19:02.309682+00:00,2.0,0.69,1.0,BRONX,2.0,201.0
01 BRONX,HEAT/HOT WATER,1,2026-09-20,2026-09-22T16:19:02.309682+00:00,1.5,0.27,1.0,BRONX,2.0,201.0
01 BRONX,Illegal Animal Sold,1,2026-09-20,2026-09-22T16:19:02.309682+00:00,1.0,0.75,1.0,BRONX,2.0,201.0
01 BRONX,Illegal Parking,20,2026-09-20,2026-09-22T16:19:02.309682+00:00,22.0,0.43,1.0,BRONX,2.0,201.0
01 BRONX,Illegal Tree Damage,1,2026-09-20,2026-09-22T16:19:02.309682+00:00,1.0,0.42,1.0,BRONX,2.0,201.0
01 BRONX,Litter Basket Request,2,2026-09-20,2026-09-22T16:19:02.309682+00:00,2.0,0.88,1.0,BRONX,2.0,201.0
01 BRONX,Noise,1,2026-09-20,2026-09-22T16:19:02.309682+00:00,1.0,0.09,1.0,BRONX,2.0,201.0
01 BRONX,Noise - Residential,30,2026-09-20,2026-09-22T16:19:02.309682+00:00,31.0,0.52,1.0,BRONX,2.0,201.0
01 BRONX,Noise - Street/Sidewalk,17,2026-09-20,2026-09-22T16:19:02.309682+00:00,24.5,0.8,1.0,BRONX,2.0,201.0
01 BRONX,Noise - Vehicle,1,2026-09-20,2026-09-22T16:19:02.309682+00:00,3.0,0.58,1.0,BRONX,2.0,201.0
01 BRONX,PAINT/PLASTER,2,2026-09-20,2026-09-22T16:19:02.309682+00:00,2.5,0.52,1.0,BRONX,2.0,201.0
01 BRONX,PLUMBING,1,2026-09-20,2026-09-22T16:19:02.309682+00:00,3.0,0.49,1.0,BRONX,2.0,201.0
01 BRONX,Street Condition,1,2026-09-20,2026-09-22T16:19:02.309682+00:00,3.5,0.66,1.0,BRONX,2.0,201.0
01 BRONX,UNSANITARY CONDITION,6,2026-09-20,2026-09-22T16:19:02.309682+00:00,7.5,0.71,1.0,BRONX,2.0,201.0
01 BRONX,WATER LEAK,1,2026-09-20,2026-09-22T16:19:02.309682+00:00,1.0,0.1,1.0,BRONX,2.0,201.0
01 BRONX,Water Maintenance,1,2026-09-20,2026-09-22T16:19:02.309682+00:00,1.0,0.09,1.0,BRONX,2.0,201.0
01 BROOKLYN,APPLIANCE,1,2026-09-20,2026-09-22T16:19:02.309682+00:00,2.0,0.76,1.0,BROOKLYN,3.0,301.0
01 BROOKLYN,Animal in a Park,2,2026-09-20,2026-09-22T16:19:02.309682+00:00,3.0,1.0,1.0,BROOKLYN,3.0,301.0
01 BROOKLYN,Blocked Driveway,7,2026-09-20,2026-09-22T16:19:02.309682+00:00,8.0,0.53,1.0,BROOKLYN,3.0,301.0
01 BROOKLYN,Derelict Vehicles,3,2026-09-20,2026-09-22T16:19:02.309682+00:00,3.0,1.0,1.0,BROOKLYN,3.0,301.0
01 BROOKLYN,Dirty Condition,12,2026-09-20,2026-09-22T16:19:02.309682+00:00,10.5,1.0,1.0,BROOKLYN,3.0,301.0
01 BROOKLYN,Drug Activity,1,2026-09-20,2026-09-22T16:19:02.309682+00:00,1.0,0.27,1.0,BROOKLYN,3.0,301.0
01 BROOKLYN,Emergency Response Team (ERT),2,2026-09-20,2026-09-22T16:19:02.309682+00:00,1.5,0.72,1.0,BROOKLYN,3.0,301.0
01 BROOKLYN,Encampment,3,2026-09-20,2026-09-22T16:19:02.309682+00:00,6.5,0.83,1.0,BROOKLYN,3.0,301.0
01 BROOKLYN,Food Establishment,1,2026-09-20,2026-09-22T16:19:02.309682+00:00,1.5,0.48,1.0,BROOKLYN,3.0,301.0
01 BROOKLYN,Food Poisoning,1,2026-09-20,2026-09-22T16:19:02.309682+00:00,1.0,0.5,1.0,BROOKLYN,3.0,301.0
01 BROOKLYN,For Hire Vehicle Complaint,2,2026-09-20,2026-09-22T16:19:02.309682+00:00,2.0,0.78,1.0,BROOKLYN,3.0,301.0
01 BROOKLYN,GENERAL,2,2026-09-20,2026-09-22T16:19:02.309682+00:00,1.5,0.47,1.0,BROOKLYN,3.0,301.0
01 BROOKLYN,HEAT/HOT WATER,3,2026-09-20,2026-09-22T16:19:02.309682+00:00,3.0,0.56,1.0,BROOKLYN,3.0,301.0
01 BROOKLYN,Homeless Person Assistance,1,2026-09-20,2026-09-22T16:19:02.309682+00:00,2.0,0.55,1.0,BROOKLYN,3.0,301.0
01 BROOKLYN,Illegal Dumping,4,2026-09-20,2026-09-22T16:19:02.309682+00:00,3.5,0.84,1.0,BROOKLYN,3.0,301.0
01 BROOKLYN,Illegal Fireworks,1,2026-09-20,2026-09-22T16:19:02.309682+00:00,1.5,0.75,1.0,BROOKLYN,3.0,301.0
01 BROOKLYN,Illegal Parking,30,2026-09-20,2026-09-22T16:19:02.309682+00:00,44.5,0.83,1.0,BROOKLYN,3.0,301.0
01 BROOKLYN,Indoor Air Quality,1,2026-09-20,2026-09-22T16:19:02.309682+00:00,1.0,0.28,1.0,BROOKLYN,3.0,301.0
01 BROOKLYN,Lead,1,2026-09-20,2026-09-22T16:19:02.309682+00:00,1.5,0.58,1.0,BROOKLYN,3.0,301.0
01 BROOKLYN,Maintenance or Facility,4,2026-09-20,2026-09-22T16:19:02.309682+00:00,6.5,0.98,1.0,BROOKLYN,3.0,301.0
01 BROOKLYN,Missed Collection,6,2026-09-20,2026-09-22T16:19:02.309682+00:00,3.5,0.8,1.0,BROOKLYN,3.0,301.0
01 BROOKLYN,Noise,16,2026-09-20,2026-09-22T16:19:02.309682+00:00,18.5,1.0,1.0,BROOKLYN,3.0,301.0
01 BROOKLYN,Noise - Commercial,29,2026-09-20,2026-09-22T16:19:02.309682+00:00,36.5,0.99,1.0,BROOKLYN,3.0,301.0
01 BROOKLYN,Noise - House of Worship,1,2026-09-20,2026-09-22T16:19:02.309682+00:00,1.0,0.5,1.0,BROOKLYN,3.0,301.0
01 BROOKLYN,Noise - Residential,45,2026-09-20,2026-09-22T16:19:02.309682+00:00,87.5,1.0,1.0,BROOKLYN,3.0,301.0
01 BROOKLYN,Noise - Street/Sidewalk,41,2026-09-20,2026-09-22T16:19:02.309682+00:00,52.5,0.95,1.0,BROOKLYN,3.0,301.0
01 BROOKLYN,Noise - Vehicle,11,2026-09-20,2026-09-22T16:19:02.309682+00:00,21.5,0.98,1.0,BROOKLYN,3.0,301.0
01 BROOKLYN,Non-Emergency Police Matter,3,2026-09-20,2026-09-22T16:19:02.309682+00:00,2.5,0.72,1.0,BROOKLYN,3.0,301.0
01 BROOKLYN,Obstruction,1,2026-09-20,2026-09-22T16:19:02.309682+00:00,1.0,0.15,1.0,BROOKLYN,3.0,301.0
01 BROOKLYN,Overgrown Tree/Branches,1,2026-09-20,2026-09-22T16:19:02.309682+00:00,1.5,0.45,1.0,BROOKLYN,3.0,301.0
01 BROOKLYN,PLUMBING,3,2026-09-20,2026-09-22T16:19:02.309682+00:00,3.5,0.58,1.0,BROOKLYN,3.0,301.0
01 BROOKLYN,Panhandling,4,2026-09-20,2026-09-22T16:19:02.309682+00:00,3.0,0.78,1.0,BROOKLYN,3.0,301.0
01 BROOKLYN,Residential Disposal Complaint,3,2026-09-20,2026-09-22T16:19:02.309682+00:00,3.0,0.93,1.0,BROOKLYN,3.0,301.0
01 BROOKLYN,Rodent,1,2026-09-20,2026-09-22T16:19:02.309682+00:00,1.0,0.18,1.0,BROOKLYN,3.0,301.0
01 BROOKLYN,Sewer Maintenance,2,2026-09-20,2026-09-22T16:19:02.309682+00:00,1.5,0.47,1.0,BROOKLYN,3.0,301.0
01 BROOKLYN,Sidewalk Condition,1,2026-09-20,2026-09-22T16:19:02.309682+00:00,1.5,0.43,1.0,BROOKLYN,3.0,301.0
01 BROOKLYN,Standing Water,1,2026-09-20,2026-09-22T16:19:02.309682+00:00,1.0,0.67,1.0,BROOKLYN,3.0,301.0
01 BROOKLYN,Street Condition,4,2026-09-20,2026-09-22T16:19:02.309682+00:00,4.0,0.76,1.0,BROOKLYN,3.0,301.0
01 BROOKLYN,Street Light Condition,2,2026-09-20,2026-09-22T16:19:02.309682+00:00,1.5,0.35,1.0,BROOKLYN,3.0,301.0
01 BROOKLYN,Street Sign - Missing,1,2026-09-20,2026-09-22T16:19:02.309682+00:00,1.0,0.6,1.0,BROOKLYN,3.0,301.0
01 BROOKLYN,Traffic,1,2026-09-20,2026-09-22T16:19:02.309682+00:00,2.0,0.86,1.0,BROOKLYN,3.0,301.0
01 BROOKLYN,Traffic Signal Condition,2,2026-09-20,2026-09-22T16:19:02.309682+00:00,5.0,1.0,1.0,BROOKLYN,3.0,301.0
01 BROOKLYN,UNSANITARY CONDITION,7,2026-09-20,2026-09-22T16:19:02.309682+00:00,5.0,0.56,1.0,BROOKLYN,3.0,301.0
01 BROOKLYN,WATER LEAK,1,2026-09-20,2026-09-22T16:19:02.309682+00:00,2.0,0.5,1.0,BROOKLYN,3.0,301.0
01 BROOKLYN,Water Maintenance,4,2026-09-20,2026-09-22T16:19:02.309682+00:00,4.0,0.88,1.0,BROOKLYN,3.0,301.0
01 MANHATTAN,AHV Inspection Unit,1,2026-09-20,2026-09-22T16:19:02.309682+00:00,1.0,1.0,1.0,MANHATTAN,1.0,101.0
01 MANHATTAN,Blocked Driveway,1,2026-09-20,2026-09-22T16:19:02.309682+00:00,1.5,0.1,1.0,MANHATTAN,1.0,101.0
01 MANHATTAN,Bus Stop Shelter Complaint,1,2026-09-20,2026-09-22T16:19:02.309682+00:00,1.0,0.4,1.0,MANHATTAN,1.0,101.0
01 MANHATTAN,Consumer Complaint,1,2026-09-20,2026-09-22T16:19:02.309682+00:00,1.0,0.2,1.0,MANHATTAN,1.0,101.0
01 MANHATTAN,Dirty Condition,2,2026-09-20,2026-09-22T16:19:02.309682+00:00,3.5,0.6,1.0,MANHATTAN,1.0,101.0
01 MANHATTAN,Elevator,2,2026-09-20,2026-09-22T16:19:02.309682+00:00,2.0,0.88,1.0,MANHATTAN,1.0,101.0
01 MANHATTAN,Emergency Response Team (ERT),1,2026-09-20,2026-09-22T16:19:02.309682+00:00,1.0,0.33,1.0,MANHATTAN,1.0,101.0
01 MANHATTAN,Encampment,1,2026-09-20,2026-09-22T16:19:02.309682+00:00,5.0,0.77,1.0,MANHATTAN,1.0,101.0
01 MANHATTAN,Food Establishment,1,2026-09-20,2026-09-22T16:19:02.309682+00:00,1.0,0.19,1.0,MANHATTAN,1.0,101.0
01 MANHATTAN,HEAT/HOT WATER,1,2026-09-20,2026-09-22T16:19:02.309682+00:00,1.0,0.12,1.0,MANHATTAN,1.0,101.0
01 MANHATTAN,Homeless Person Assistance,12,2026-09-20,2026-09-22T16:19:02.309682+00:00,9.0,0.93,1.0,MANHATTAN,1.0,101.0
01 MANHATTAN,Illegal Parking,8,2026-09-20,2026-09-22T16:19:02.309682+00:00,12.5,0.18,1.0,MANHATTAN,1.0,101.0
01 MANHATTAN,Lead,1,2026-09-20,2026-09-22T16:19:02.309682+00:00,1.5,0.58,1.0,MANHATTAN,1.0,101.0
01 MANHATTAN,Lost Property,1,2026-09-20,2026-09-22T16:19:02.309682+00:00,2.0,0.44,1.0,MANHATTAN,1.0,101.0
01 MANHATTAN,Maintenance or Facility,1,2026-09-20,2026-09-22T16:19:02.309682+00:00,1.5,0.34,1.0,MANHATTAN,1.0,101.0
01 MANHATTAN,Noise,5,2026-09-20,2026-09-22T16:19:02.309682+00:00,4.5,0.73,1.0,MANHATTAN,1.0,101.0
01 MANHATTAN,Noise - Commercial,3,2026-09-20,2026-09-22T16:19:02.309682+00:00,7.5,0.66,1.0,MANHATTAN,1.0,101.0
01 MANHATTAN,Noise - Residential,7,2026-09-20,2026-09-22T16:19:02.309682+00:00,6.0,0.08,1.0,MANHATTAN,1.0,101.0
01 MANHATTAN,Noise - Street/Sidewalk,4,2026-09-20,2026-09-22T16:19:02.309682+00:00,6.5,0.27,1.0,MANHATTAN,1.0,101.0
01 MANHATTAN,Non-Emergency Police Matter,3,2026-09-20,2026-09-22T16:19:02.309682+00:00,2.5,0.72,1.0,MANHATTAN,1.0,101.0
01 MANHATTAN,PLUMBING,1,2026-09-20,2026-09-22T16:19:02.309682+00:00,2.0,0.27,1.0,MANHATTAN,1.0,101.0
01 MANHATTAN,Sidewalk Condition,1,2026-09-20,2026-09-22T16:19:02.309682+00:00,1.0,0.15,1.0,MANHATTAN,1.0,101.0
01 MANHATTAN,Street Light Condition,1,2026-09-20,2026-09-22T16:19:02.309682+00:00,1.0,0.12,1.0,MANHATTAN,1.0,101.0
01 MANHATTAN,Vendor Enforcement,10,2026-09-20,2026-09-22T16:19:02.309682+00:00,11.0,1.0,1.0,MANHATTAN,1.0,101.0
01 QUEENS,APPLIANCE,2,2026-09-20,2026-09-22T16:19:02.309682+00:00,1.5,0.44,1.0,QUEENS,4.0,401.0
01 QUEENS,Animal in a Park,1,2026-09-20,2026-09-22T16:19:02.309682+00:00,1.0,0.4,1.0,QUEENS,4.0,401.0
01 QUEENS,Animal-Abuse,1,2026-09-20,2026-09-22T16:19:02.309682+00:00,1.0,0.35,1.0,QUEENS,4.0,401.0
01 QUEENS,Blocked Driveway,18,2026-09-20,2026-09-22T16:19:02.309682+00:00,22.0,0.88,1.0,QUEENS,4.0,401.0
01 QUEENS,Boilers,1,2026-09-20,2026-09-22T16:19:02.309682+00:00,1.0,0.5,1.0,QUEENS,4.0,401.0
01 QUEENS,Consumer Complaint,2,2026-09-20,2026-09-22T16:19:02.309682+00:00,2.5,0.89,1.0,QUEENS,4.0,401.0
01 QUEENS,DOOR/WINDOW,1,2026-09-20,2026-09-22T16:19:02.309682+00:00,3.0,0.66,1.0,QUEENS,4.0,401.0
01 QUEENS,Damaged Tree,1,2026-09-20,2026-09-22T16:19:02.309682+00:00,1.0,0.19,1.0,QUEENS,4.0,401.0
01 QUEENS,Dead Animal,3,2026-09-20,2026-09-22T16:19:02.309682+00:00,3.0,0.86,1.0,QUEENS,4.0,401.0
01 QUEENS,Dirty Condition,4,2026-09-20,2026-09-22T16:19:02.309682+00:00,7.5,0.9,1.0,QUEENS,4.0,401.0
01 QUEENS,Drinking,1,2026-09-20,2026-09-22T16:19:02.309682+00:00,1.0,0.33,1.0,QUEENS,4.0,401.0
01 QUEENS,Dumpster Complaint,1,2026-09-20,2026-09-22T16:19:02.309682+00:00,1.0,0.6,1.0,QUEENS,4.0,401.0
01 QUEENS,Encampment,1,2026-09-20,2026-09-22T16:19:02.309682+00:00,1.5,0.19,1.0,QUEENS,4.0,401.0
01 QUEENS,For Hire Vehicle Complaint,1,2026-09-20,2026-09-22T16:19:02.309682+00:00,1.0,0.3,1.0,QUEENS,4.0,401.0
01 QUEENS,GENERAL,15,2026-09-20,2026-09-22T16:19:02.309682+00:00,18.0,1.0,1.0,QUEENS,4.0,401.0
01 QUEENS,Graffiti,2,2026-09-20,2026-09-22T16:19:02.309682+00:00,2.5,0.82,1.0,QUEENS,4.0,401.0
01 QUEENS,HEAT/HOT WATER,1,2026-09-20,2026-09-22T16:19:02.309682+00:00,1.5,0.27,1.0,QUEENS,4.0,401.0
01 QUEENS,Hazardous Material,1,2026-09-20,2026-09-22T16:19:02.309682+00:00,2.0,1.0,1.0,QUEENS,4.0,401.0
01 QUEENS,Homeless Person Assistance,3,2026-09-20,2026-09-22T16:19:02.309682+00:00,3.0,0.68,1.0,QUEENS,4.0,401.0
01 QUEENS,Illegal Dumping,1,2026-09-20,2026-09-22T16:19:02.309682+00:00,1.5,0.31,1.0,QUEENS,4.0,401.0
01 QUEENS,Illegal Parking,41,2026-09-20,2026-09-22T16:19:02.309682+00:00,54.0,0.9,1.0,QUEENS,4.0,401.0
01 QUEENS,Lead,2,2026-09-20,2026-09-22T16:19:02.309682+00:00,2.5,0.92,1.0,QUEENS,4.0,401.0
01 QUEENS,Litter Basket Request,1,2026-09-20,2026-09-22T16:19:02.309682+00:00,1.0,0.31,1.0,QUEENS,4.0,401.0
01 QUEENS,Maintenance or Facility,1,2026-09-20,2026-09-22T16:19:02.309682+00:00,2.0,0.53,1.0,QUEENS,4.0,401.0
01 QUEENS,Missed Collection,4,2026-09-20,2026-09-22T16:19:02.309682+00:00,4.5,0.89,1.0,QUEENS,4.0,401.0
01 QUEENS,Noise,4,2026-09-20,2026-09-22T16:19:02.309682+00:00,5.5,0.81,1.0,QUEENS,4.0,401.0
01 QUEENS,Noise - Commercial,13,2026-09-20,2026-09-22T16:19:02.309682+00:00,17.0,0.86,1.0,QUEENS,4.0,401.0
01 QUEENS,Noise - Residential,21,2026-09-20,2026-09-22T16:19:02.309682+00:00,31.0,0.52,1.0,QUEENS,4.0,401.0
01 QUEENS,Noise - Street/Sidewalk,8,2026-09-20,2026-09-22T16:19:02.309682+00:00,21.0,0.74,1.0,QUEENS,4.0,401.0
01 QUEENS,Noise - Vehicle,3,2026-09-20,2026-09-22T16:19:02.309682+00:00,3.0,0.58,1.0,QUEENS,4.0,401.0
01 QUEENS,Non-Emergency Police Matter,1,2026-09-20,2026-09-22T16:19:02.309682+00:00,1.0,0.12,1.0,QUEENS,4.0,401.0
01 QUEENS,Overgrown Tree/Branches,3,2026-09-20,2026-09-22T16:19:02.309682+00:00,2.0,0.68,1.0,QUEENS,4.0,401.0
01 QUEENS,PLUMBING,2,2026-09-20,2026-09-22T16:19:02.309682+00:00,7.0,0.99,1.0,QUEENS,4.0,401.0
01 QUEENS,Real Time Enforcement,1,2026-09-20,2026-09-22T16:19:02.309682+00:00,1.0,0.5,1.0,QUEENS,4.0,401.0
01 QUEENS,Rodent,1,2026-09-20,2026-09-22T16:19:02.309682+00:00,2.5,0.79,1.0,QUEENS,4.0,401.0
01 QUEENS,Sidewalk Condition,3,2026-09-20,2026-09-22T16:19:02.309682+00:00,2.0,0.75,1.0,QUEENS,4.0,401.0
01 QUEENS,Standing Water,1,2026-09-20,2026-09-22T16:19:02.309682+00:00,1.0,0.67,1.0,QUEENS,4.0,401.0
01 QUEENS,Street Condition,6,2026-09-20,2026-09-22T16:19:02.309682+00:00,5.5,0.9,1.0,QUEENS,4.0,401.0
01 QUEENS,Traffic,1,2026-09-20,2026-09-22T16:19:02.309682+00:00,1.5,0.64,1.0,QUEENS,4.0,401.0
01 QUEENS,Traffic Signal Condition,2,2026-09-20,2026-09-22T16:19:02.309682+00:00,1.5,0.29,1.0,QUEENS,4.0,401.0
01 QUEENS,UNSANITARY CONDITION,3,2026-09-20,2026-09-22T16:19:02.309682+00:00,5.0,0.56,1.0,QUEENS,4.0,401.0
01 QUEENS,Unsanitary Animal Pvt Property,1,2026-09-20,2026-09-22T16:19:02.309682+00:00,1.0,0.56,1.0,QUEENS,4.0,401.0
01 QUEENS,Unsanitary Pigeon Condition,1,2026-09-20,2026-09-22T16:19:02.309682+00:00,1.0,0.62,1.0,QUEENS,4.0,401.0
01 QUEENS,Waste Water Treatment Plant,1,2026-09-20,2026-09-22T16:19:02.309682+00:00,1.0,0.75,1.0,QUEENS,4.0,401.0
01 STATEN ISLAND,Abandoned Vehicle,5,2026-09-20,2026-09-22T16:19:02.309682+00:00,7.0,0.85,1.0,STATEN ISLAND,5.0,501.0
01 STATEN ISLAND,Animal-Abuse,1,2026-09-20,2026-09-22T16:19:02.309682+00:00,1.5,0.78,1.0,STATEN ISLAND,5.0,501.0
01 STATEN ISLAND,Blocked Driveway,14,2026-09-20,2026-09-22T16:19:02.309682+00:00,12.0,0.76,1.0,STATEN ISLAND,5.0,501.0
01 STATEN ISLAND,Building/Use,3,2026-09-20,2026-09-22T16:19:02.309682+00:00,3.0,1.0,1.0,STATEN ISLAND,5.0,501.0
01 STATEN ISLAND,Consumer Complaint,1,2026-09-20,2026-09-22T16:19:02.309682+00:00,1.0,0.2,1.0,STATEN ISLAND,5.0,501.0
01 STATEN ISLAND,Damaged Tree,1,2026-09-20,2026-09-22T16:19:02.309682+00:00,2.0,0.62,1.0,STATEN ISLAND,5.0,501.0
01 STATEN ISLAND,Dead Animal,3,2026-09-20,2026-09-22T16:19:02.309682+00:00,4.5,0.95,1.0,STATEN ISLAND,5.0,501.0
01 STATEN ISLAND,Dead/Dying Tree,1,2026-09-20,2026-09-22T16:19:02.309682+00:00,1.0,0.3,1.0,STATEN ISLAND,5.0,501.0
01 STATEN ISLAND,Dirty Condition,3,2026-09-20,2026-09-22T16:19:02.309682+00:00,2.5,0.39,1.0,STATEN ISLAND,5.0,501.0
01 STATEN ISLAND,General Construction/Plumbing,1,2026-09-20,2026-09-22T16:19:02.309682+00:00,1.0,0.2,1.0,STATEN ISLAND,5.0,501.0
01 STATEN ISLAND,HEAT/HOT WATER,1,2026-09-20,2026-09-22T16:19:02.309682+00:00,1.0,0.12,1.0,STATEN ISLAND,5.0,501.0
01 STATEN ISLAND,Illegal Parking,17,2026-09-20,2026-09-22T16:19:02.309682+00:00,22.0,0.43,1.0,STATEN ISLAND,5.0,501.0
01 STATEN ISLAND,Lead,2,2026-09-20,2026-09-22T16:19:02.309682+00:00,2.0,0.81,1.0,STATEN ISLAND,5.0,501.0
01 STATEN ISLAND,Maintenance or Facility,1,2026-09-20,2026-09-22T16:19:02.309682+00:00,1.0,0.14,1.0,STATEN ISLAND,5.0,501.0
01 STATEN ISLAND,Missed Collection,8,2026-09-20,2026-09-22T16:19:02.309682+00:00,10.0,1.0,1.0,STATEN ISLAND,5.0,501.0
01 STATEN ISLAND,New Tree Request,1,2026-09-20,2026-09-22T16:19:02.309682+00:00,1.0,1.0,1.0,STATEN ISLAND,5.0,501.0
01 STATEN ISLAND,Noise,5,2026-09-20,2026-09-22T16:19:02.309682+00:00,3.5,0.59,1.0,STATEN ISLAND,5.0,501.0
01 STATEN ISLAND,Noise - Residential,28,2026-09-20,2026-09-22T16:19:02.309682+00:00,37.0,0.67,1.0,STATEN ISLAND,5.0,501.0
01 STATEN ISLAND,Noise - Street/Sidewalk,9,2026-09-20,2026-09-22T16:19:02.309682+00:00,9.5,0.34,1.0,STATEN ISLAND,5.0,501.0
01 STATEN ISLAND,Obstruction,1,2026-09-20,2026-09-22T16:19:02.309682+00:00,2.0,0.82,1.0,STATEN ISLAND,5.0,501.0
01 STATEN ISLAND,Overgrown Tree/Branches,1,2026-09-20,2026-09-22T16:19:02.309682+00:00,2.0,0.68,1.0,STATEN ISLAND,5.0,501.0
01 STATEN ISLAND,PAINT/PLASTER,1,2026-09-20,2026-09-22T16:19:02.309682+00:00,2.0,0.39,1.0,STATEN ISLAND,5.0,501.0
01 STATEN ISLAND,Root/Sewer/Sidewalk Condition,2,2026-09-20,2026-09-22T16:19:02.309682+00:00,2.0,0.83,1.0,STATEN ISLAND,5.0,501.0
01 STATEN ISLAND,Sewer Maintenance,2,2026-09-20,2026-09-22T16:19:02.309682+00:00,1.5,0.47,1.0,STATEN ISLAND,5.0,501.0
01 STATEN ISLAND,Smoking or Vaping,2,2026-09-20,2026-09-22T16:19:02.309682+00:00,2.0,0.78,1.0,STATEN ISLAND,5.0,501.0
01 STATEN ISLAND,Special Projects Inspection Team (SPIT),1,2026-09-20,2026-09-22T16:19:02.309682+00:00,1.0,0.31,1.0,STATEN ISLAND,5.0,501.0
01 STATEN ISLAND,Street Condition,7,2026-09-20,2026-09-22T16:19:02.309682+00:00,4.0,0.76,1.0,STATEN ISLAND,5.0,501.0
01 STATEN ISLAND,Street Sign - Damaged,1,2026-09-20,2026-09-22T16:19:02.309682+00:00,1.0,0.43,1.0,STATEN ISLAND,5.0,501.0
01 STATEN ISLAND,Traffic Signal Condition,2,2026-09-20,2026-09-22T16:19:02.309682+00:00,1.5,0.29,1.0,STATEN ISLAND,5.0,501.0
01 STATEN ISLAND,UNSANITARY CONDITION,4,2026-09-20,2026-09-22T16:19:02.309682+00:00,5.5,0.6,1.0,STATEN ISLAND,5.0,501.0
01 STATEN ISLAND,WATER LEAK,1,2026-09-20,2026-09-22T16:19:02.309682+00:00,1.0,0.1,1.0,STATEN ISLAND,5.0,501.0
01 STATEN ISLAND,Water Maintenance,2,2026-09-20,2026-09-22T16:19:02.309682+00:00,4.0,0.88,1.0,STATEN ISLAND,5.0,501.0
02 BRONX,APPLIANCE,1,2026-09-20,2026-09-22T16:19:02.309682+00:00,2.0,0.76,2.0,BRONX,2.0,202.0
02 BRONX,Animal-Abuse,1,2026-09-20,2026-09-22T16:19:02.309682+00:00,2.0,0.92,2.0,BRONX,2.0,202.0
02 BRONX,Dirty Condition,1,2026-09-20,2026-09-22T16:19:02.309682+00:00,1.5,0.13,2.0,BRONX,2.0,202.0
02 BRONX,Illegal Parking,4,2026-09-20,2026-09-22T16:19:02.309682+00:00,6.0,0.1,2.0,BRONX,2.0,202.0
02 BRONX,Maintenance or Facility,2,2026-09-20,2026-09-22T16:19:02.309682+00:00,1.5,0.34,2.0,BRONX,2.0,202.0
02 BRONX,Noise,1,2026-09-20,2026-09-22T16:19:02.309682+00:00,1.0,0.09,2.0,BRONX,2.0,202.0
02 BRONX,Noise - Residential,17,2026-09-20,2026-09-22T16:19:02.309682+00:00,16.0,0.26,2.0,BRONX,2.0,202.0
02 BRONX,Noise - Street/Sidewalk,9,2026-09-20,2026-09-22T16:19:02.309682+00:00,13.5,0.51,2.0,BRONX,2.0,202.0
02 BRONX,Noise - Vehicle,2,2026-09-20,2026-09-22T16:19:02.309682+00:00,2.5,0.43,2.0,BRONX,2.0,202.0
02 BRONX,PAINT/PLASTER,4,2026-09-20,2026-09-22T16:19:02.309682+00:00,3.5,0.68,2.0,BRONX,2.0,202.0
02 BRONX,PLUMBING,2,2026-09-20,2026-09-22T16:19:02.309682+00:00,4.5,0.7,2.0,BRONX,2.0,202.0
02 BRONX,Real Time Enforcement,1,2026-09-20,2026-09-22T16:19:02.309682+00:00,1.0,0.5,2.0,BRONX,2.0,202.0
02 BRONX,Smoking or Vaping,1,2026-09-20,2026-09-22T16:19:02.309682+00:00,1.0,0.22,2.0,BRONX,2.0,202.0
02 BRONX,UNSANITARY CONDITION,2,2026-09-20,2026-09-22T16:19:02.309682+00:00,1.5,0.1,2.0,BRONX,2.0,202.0
02 BRONX,WATER LEAK,1,2026-09-20,2026-09-22T16:19:02.309682+00:00,1.0,0.1,2.0,BRONX,2.0,202.0
02 BROOKLYN,Blocked Driveway,3,2026-09-20,2026-09-22T16:19:02.309682+00:00,3.0,0.21,2.0,BROOKLYN,3.0,302.0
02 BROOKLYN,Curb Condition,1,2026-09-20,2026-09-22T16:19:02.309682+00:00,1.5,0.8,2.0,BROOKLYN,3.0,302.0
02 BROOKLYN,DOOR/WINDOW,2,2026-09-20,2026-09-22T16:19:02.309682+00:00,1.5,0.23,2.0,BROOKLYN,3.0,302.0
02 BROOKLYN,Damaged Tree,1,2026-09-20,2026-09-22T16:19:02.309682+00:00,1.0,0.19,2.0,BROOKLYN,3.0,302.0
02 BROOKLYN,Dirty Condition,2,2026-09-20,2026-09-22T16:19:02.309682+00:00,3.5,0.6,2.0,BROOKLYN,3.0,302.0
02 BROOKLYN,ELECTRIC,1,2026-09-20,2026-09-22T16:19:02.309682+00:00,1.0,0.2,2.0,BROOKLYN,3.0,302.0
02 BROOKLYN,Emergency Response Team (ERT),2,2026-09-20,2026-09-22T16:19:02.309682+00:00,1.5,0.72,2.0,BROOKLYN,3.0,302.0
02 BROOKLYN,Encampment,2,2026-09-20,2026-09-22T16:19:02.309682+00:00,1.5,0.19,2.0,BROOKLYN,3.0,302.0
02 BROOKLYN,Food Establishment,2,2026-09-20,2026-09-22T16:19:02.309682+00:00,2.0,0.78,2.0,BROOKLYN,3.0,302.0
02 BROOKLYN,For Hire Vehicle Complaint,1,2026-09-20,2026-09-22T16:19:02.309682+00:00,1.5,0.67,2.0,BROOKLYN,3.0,302.0
02 BROOKLYN,GENERAL,1,2026-09-20,2026-09-22T16:19:02.309682+00:00,1.5,0.47,2.0,BROOKLYN,3.0,302.0
02 BROOKLYN,General Construction/Plumbing,1,2026-09-20,2026-09-22T16:19:02.309682+00:00,1.5,0.48,2.0,BROOKLYN,3.0,302.0
02 BROOKLYN,Homeless Person Assistance,8,2026-09-20,2026-09-22T16:19:02.309682+00:00,6.5,0.89,2.0,BROOKLYN,3.0,302.0
02 BROOKLYN,Illegal Dumping,1,2026-09-20,2026-09-22T16:19:02.309682+00:00,1.0,0.08,2.0,BROOKLYN,3.0,302.0
02 BROOKLYN,Illegal Parking,37,2026-09-20,2026-09-22T16:19:02.309682+00:00,62.5,0.95,2.0,BROOKLYN,3.0,302.0
02 BROOKLYN,Maintenance or Facility,1,2026-09-20,2026-09-22T16:19:02.309682+00:00,2.5,0.7,2.0,BROOKLYN,3.0,302.0
02 BROOKLYN,Missed Collection,1,2026-09-20,2026-09-22T16:19:02.309682+00:00,2.0,0.37,2.0,BROOKLYN,3.0,302.0
02 BROOKLYN,Noise,4,2026-09-20,2026-09-22T16:19:02.309682+00:00,6.0,0.85,2.0,BROOKLYN,3.0,302.0
02 BROOKLYN,Noise - Commercial,11,2026-09-20,2026-09-22T16:19:02.309682+00:00,10.0,0.72,2.0,BROOKLYN,3.0,302.0
02 BROOKLYN,Noise - Helicopter,3,2026-09-20,2026-09-22T16:19:02.309682+00:00,2.0,0.83,2.0,BROOKLYN,3.0,302.0
02 BROOKLYN,Noise - Residential,34,2026-09-20,2026-09-22T16:19:02.309682+00:00,34.0,0.61,2.0,BROOKLYN,3.0,302.0
02 BROOKLYN,Noise - Street/Sidewalk,5,2026-09-20,2026-09-22T16:19:02.309682+00:00,20.0,0.71,2.0,BROOKLYN,3.0,302.0
02 BROOKLYN,Noise - Vehicle,2,2026-09-20,2026-09-22T16:19:02.309682+00:00,1.5,0.18,2.0,BROOKLYN,3.0,302.0
02 BROOKLYN,PLUMBING,4,2026-09-20,2026-09-22T16:19:02.309682+00:00,3.0,0.49,2.0,BROOKLYN,3.0,302.0
02 BROOKLYN,Panhandling,1,2026-09-20,2026-09-22T16:19:02.309682+00:00,2.5,0.69,2.0,BROOKLYN,3.0,302.0
02 BROOKLYN,Plumbing,1,2026-09-20,2026-09-22T16:19:02.309682+00:00,1.0,0.5,2.0,BROOKLYN,3.0,302.0
02 BROOKLYN,Residential Disposal Complaint,1,2026-09-20,2026-09-22T16:19:02.309682+00:00,1.0,0.2,2.0,BROOKLYN,3.0,302.0
02 BROOKLYN,Sidewalk Condition,5,2026-09-20,2026-09-22T16:19:02.309682+00:00,4.0,1.0,2.0,BROOKLYN,3.0,302.0
02 BROOKLYN,Street Condition,4,2026-09-20,2026-09-22T16:19:02.309682+00:00,3.0,0.52,2.0,BROOKLYN,3.0,302.0
02 BROOKLYN,Street Light Condition,1,2026-09-20,2026-09-22T16:19:02.309682+00:00,3.5,0.88,2.0,BROOKLYN,3.0,302.0
02 BROOKLYN,Traffic,1,2026-09-20,2026-09-22T16:19:02.309682+00:00,1.0,0.25,2.0,BROOKLYN,3.0,302.0
02 BROOKLYN,UNSANITARY CONDITION,1,2026-09-20,2026-09-22T16:19:02.309682+00:00,1.0,0.03,2.0,BROOKLYN,3.0,302.0
02 BROOKLYN,WATER LEAK,1,2026-09-20,2026-09-22T16:19:02.309682+00:00,1.0,0.1,2.0,BROOKLYN,3.0,302.0
02 MANHATTAN,Air Quality,2,2026-09-20,2026-09-22T16:19:02.309682+00:00,1.5,0.65,2.0,MANHATTAN,1.0,102.0
02 MANHATTAN,Blocked Driveway,1,2026-09-20,2026-09-22T16:19:02.309682+00:00,1.5,0.1,2.0,MANHATTAN,1.0,102.0
02 MANHATTAN,Cannabis Retailer,2,2026-09-20,2026-09-22T16:19:02.309682+00:00,2.5,1.0,2.0,MANHATTAN,1.0,102.0
02 MANHATTAN,Consumer Complaint,2,2026-09-20,2026-09-22T16:19:02.309682+00:00,1.5,0.54,2.0,MANHATTAN,1.0,102.0
02 MANHATTAN,DOOR/WINDOW,2,2026-09-20,2026-09-22T16:19:02.309682+00:00,2.0,0.45,2.0,MANHATTAN,1.0,102.0
02 MANHATTAN,Dirty Condition,2,2026-09-20,2026-09-22T16:19:02.309682+00:00,1.5,0.13,2.0,MANHATTAN,1.0,102.0
02 MANHATTAN,Drinking,1,2026-09-20,2026-09-22T16:19:02.309682+00:00,1.0,0.33,2.0,MANHATTAN,1.0,102.0
02 MANHATTAN,ELECTRIC,1,2026-09-20,2026-09-22T16:19:02.309682+00:00,1.0,0.2,2.0,MANHATTAN,1.0,102.0
02 MANHATTAN,Encampment,10,2026-09-20,2026-09-22T16:19:02.309682+00:00,11.5,0.9,2.0,MANHATTAN,1.0,102.0
02 MANHATTAN,FLOORING/STAIRS,3,2026-09-20,2026-09-22T16:19:02.309682+00:00,3.0,0.82,2.0,MANHATTAN,1.0,102.0
02 MANHATTAN,Food Establishment,3,2026-09-20,2026-09-22T16:19:02.309682+00:00,2.0,0.78,2.0,MANHATTAN,1.0,102.0
02 MANHATTAN,For Hire Vehicle Complaint,3,2026-09-20,2026-09-22T16:19:02.309682+00:00,4.0,0.96,2.0,MANHATTAN,1.0,102.0
02 MANHATTAN,GENERAL,1,2026-09-20,2026-09-22T16:19:02.309682+00:00,1.0,0.18,2.0,MANHATTAN,1.0,102.0
02 MANHATTAN,General Construction/Plumbing,1,2026-09-20,2026-09-22T16:19:02.309682+00:00,1.0,0.2,2.0,MANHATTAN,1.0,102.0
02 MANHATTAN,Graffiti,1,2026-09-20,2026-09-22T16:19:02.309682+00:00,1.0,0.18,2.0,MANHATTAN,1.0,102.0
02 MANHATTAN,HEAT/HOT WATER,1,2026-09-20,2026-09-22T16:19:02.309682+00:00,1.0,0.12,2.0,MANHATTAN,1.0,102.0
02 MANHATTAN,Illegal Dumping,1,2026-09-20,2026-09-22T16:19:02.309682+00:00,1.5,0.31,2.0,MANHATTAN,1.0,102.0
02 MANHATTAN,Illegal Parking,6,2026-09-20,2026-09-22T16:19:02.309682+00:00,22.0,0.43,2.0,MANHATTAN,1.0,102.0
02 MANHATTAN,Indoor Air Quality,1,2026-09-20,2026-09-22T16:19:02.309682+00:00,2.0,0.91,2.0,MANHATTAN,1.0,102.0
02 MANHATTAN,Lost Property,2,2026-09-20,2026-09-22T16:19:02.309682+00:00,2.0,0.44,2.0,MANHATTAN,1.0,102.0
02 MANHATTAN,Noise,4,2026-09-20,2026-09-22T16:19:02.309682+00:00,5.5,0.81,2.0,MANHATTAN,1.0,102.0
02 MANHATTAN,Noise - Commercial,12,2026-09-20,2026-09-22T16:19:02.309682+00:00,16.0,0.84,2.0,MANHATTAN,1.0,102.0
02 MANHATTAN,Noise - Residential,12,2026-09-20,2026-09-22T16:19:02.309682+00:00,25.5,0.43,2.0,MANHATTAN,1.0,102.0
02 MANHATTAN,Noise - Street/Sidewalk,12,2026-09-20,2026-09-22T16:19:02.309682+00:00,17.0,0.66,2.0,MANHATTAN,1.0,102.0
02 MANHATTAN,Noise - Vehicle,4,2026-09-20,2026-09-22T16:19:02.309682+00:00,4.5,0.72,2.0,MANHATTAN,1.0,102.0
02 MANHATTAN,Outdoor Dining,1,2026-09-20,2026-09-22T16:19:02.309682+00:00,2.0,1.0,2.0,MANHATTAN,1.0,102.0
02 MANHATTAN,PAINT/PLASTER,4,2026-09-20,2026-09-22T16:19:02.309682+00:00,2.5,0.52,2.0,MANHATTAN,1.0,102.0
02 MANHATTAN,Panhandling,2,2026-09-20,2026-09-22T16:19:02.309682+00:00,1.5,0.5,2.0,MANHATTAN,1.0,102.0
02 MANHATTAN,Rodent,1,2026-09-20,2026-09-22T16:19:02.309682+00:00,1.0,0.18,2.0,MANHATTAN,1.0,102.0
02 MANHATTAN,Sewer Maintenance,2,2026-09-20,2026-09-22T16:19:02.309682+00:00,1.5,0.47,2.0,MANHATTAN,1.0,102.0
02 MANHATTAN,Street Condition,2,2026-09-20,2026-09-22T16:19:02.309682+00:00,2.5,0.41,2.0,MANHATTAN,1.0,102.0
02 MANHATTAN,Street Sign - Dangling,1,2026-09-20,2026-09-22T16:19:02.309682+00:00,1.0,0.62,2.0,MANHATTAN,1.0,102.0
02 MANHATTAN,Taxi Complaint,3,2026-09-20,2026-09-22T16:19:02.309682+00:00,2.5,0.6,2.0,MANHATTAN,1.0,102.0
02 MANHATTAN,UNSANITARY CONDITION,6,2026-09-20,2026-09-22T16:19:02.309682+00:00,4.5,0.51,2.0,MANHATTAN,1.0,102.0
02 MANHATTAN,Vendor Enforcement,2,2026-09-20,2026-09-22T16:19:02.309682+00:00,3.5,0.77,2.0,MANHATTAN,1.0,102.0
02 MANHATTAN,Water Maintenance,1,2026-09-20,2026-09-22T16:19:02.309682+00:00,3.0,0.72,2.0,MANHATTAN,1.0,102.0
02 QUEENS,APPLIANCE,2,2026-09-20,2026-09-22T16:19:02.309682+00:00,1.5,0.44,2.0,QUEENS,4.0,402.0
02 QUEENS,Abandoned Vehicle,3,2026-09-20,2026-09-22T16:19:02.309682+00:00,2.5,0.47,2.0,QUEENS,4.0,402.0
02 QUEENS,Air Quality,1,2026-09-20,2026-09-22T16:19:02.309682+00:00,1.0,0.2,2.0,QUEENS,4.0,402.0
02 QUEENS,Animal-Abuse,1,2026-09-20,2026-09-22T16:19:02.309682+00:00,1.0,0.35,2.0,QUEENS,4.0,402.0
02 QUEENS,Blocked Driveway,7,2026-09-20,2026-09-22T16:19:02.309682+00:00,7.5,0.5,2.0,QUEENS,4.0,402.0
02 QUEENS,Damaged Tree,2,2026-09-20,2026-09-22T16:19:02.309682+00:00,2.5,0.78,2.0,QUEENS,4.0,402.0
02 QUEENS,Dirty Condition,1,2026-09-20,2026-09-22T16:19:02.309682+00:00,1.5,0.13,2.0,QUEENS,4.0,402.0
02 QUEENS,Drinking,5,2026-09-20,2026-09-22T16:19:02.309682+00:00,3.0,0.93,2.0,QUEENS,4.0,402.0
02 QUEENS,ELECTRIC,1,2026-09-20,2026-09-22T16:19:02.309682+00:00,1.0,0.2,2.0,QUEENS,4.0,402.0
02 QUEENS,Elevator,1,2026-09-20,2026-09-22T16:19:02.309682+00:00,1.0,0.28,2.0,QUEENS,4.0,402.0
02 QUEENS,Encampment,4,2026-09-20,2026-09-22T16:19:02.309682+00:00,2.5,0.51,2.0,QUEENS,4.0,402.0
02 QUEENS,FLOORING/STAIRS,1,2026-09-20,2026-09-22T16:19:02.309682+00:00,1.5,0.32,2.0,QUEENS,4.0,402.0
02 QUEENS,GENERAL,3,2026-09-20,2026-09-22T16:19:02.309682+00:00,2.0,0.69,2.0,QUEENS,4.0,402.0
02 QUEENS,Graffiti,3,2026-09-20,2026-09-22T16:19:02.309682+00:00,2.0,0.64,2.0,QUEENS,4.0,402.0
02 QUEENS,HEAT/HOT WATER,5,2026-09-20,2026-09-22T16:19:02.309682+00:00,5.0,0.79,2.0,QUEENS,4.0,402.0
02 QUEENS,Illegal Dumping,2,2026-09-20,2026-09-22T16:19:02.309682+00:00,2.0,0.52,2.0,QUEENS,4.0,402.0
02 QUEENS,Illegal Parking,22,2026-09-20,2026-09-22T16:19:02.309682+00:00,39.0,0.79,2.0,QUEENS,4.0,402.0
02 QUEENS,Lead,3,2026-09-20,2026-09-22T16:19:02.309682+00:00,2.0,0.81,2.0,QUEENS,4.0,402.0
02 QUEENS,Maintenance or Facility,1,2026-09-20,2026-09-22T16:19:02.309682+00:00,1.5,0.34,2.0,QUEENS,4.0,402.0
02 QUEENS,Noise,3,2026-09-20,2026-09-22T16:19:02.309682+00:00,4.5,0.73,2.0,QUEENS,4.0,402.0
02 QUEENS,Noise - Commercial,2,2026-09-20,2026-09-22T16:19:02.309682+00:00,5.0,0.46,2.0,QUEENS,4.0,402.0
02 QUEENS,Noise - House of Worship,1,2026-09-20,2026-09-22T16:19:02.309682+00:00,1.0,0.5,2.0,QUEENS,4.0,402.0
02 QUEENS,Noise - Residential,12,2026-09-20,2026-09-22T16:19:02.309682+00:00,15.5,0.23,2.0,QUEENS,4.0,402.0
02 QUEENS,Noise - Street/Sidewalk,5,2026-09-20,2026-09-22T16:19:02.309682+00:00,10.5,0.39,2.0,QUEENS,4.0,402.0
02 QUEENS,Non-Emergency Police Matter,2,2026-09-20,2026-09-22T16:19:02.309682+00:00,2.0,0.6,2.0,QUEENS,4.0,402.0
02 QUEENS,Obstruction,1,2026-09-20,2026-09-22T16:19:02.309682+00:00,1.0,0.15,2.0,QUEENS,4.0,402.0
02 QUEENS,Overgrown Tree/Branches,1,2026-09-20,2026-09-22T16:19:02.309682+00:00,1.5,0.45,2.0,QUEENS,4.0,402.0
02 QUEENS,Rodent,1,2026-09-20,2026-09-22T16:19:02.309682+00:00,1.5,0.44,2.0,QUEENS,4.0,402.0
02 QUEENS,Sidewalk Condition,1,2026-09-20,2026-09-22T16:19:02.309682+00:00,1.5,0.43,2.0,QUEENS,4.0,402.0
02 QUEENS,Street Condition,3,2026-09-20,2026-09-22T16:19:02.309682+00:00,2.0,0.31,2.0,QUEENS,4.0,402.0
02 QUEENS,UNSANITARY CONDITION,2,2026-09-20,2026-09-22T16:19:02.309682+00:00,2.5,0.25,2.0,QUEENS,4.0,402.0
02 QUEENS,Vendor Enforcement,1,2026-09-20,2026-09-22T16:19:02.309682+00:00,1.0,0.17,2.0,QUEENS,4.0,402.0
02 QUEENS,WATER LEAK,2,2026-09-20,2026-09-22T16:19:02.309682+00:00,1.5,0.29,2.0,QUEENS,4.0,402.0
02 QUEENS,Water Maintenance,2,2026-09-20,2026-09-22T16:19:02.309682+00:00,4.0,0.88,2.0,QUEENS,4.0,402.0
02 STATEN ISLAND,Abandoned Vehicle,2,2026-09-20,2026-09-22T16:19:02.309682+00:00,3.0,0.55,2.0,STATEN ISLAND,5.0,502.0
02 STATEN ISLAND,Animal-Abuse,1,2026-09-20,2026-09-22T16:19:02.309682+00:00,1.0,0.35,2.0,STATEN ISLAND,5.0,502.0
02 STATEN ISLAND,Blocked Driveway,3,2026-09-20,2026-09-22T16:19:02.309682+00:00,3.0,0.21,2.0,STATEN ISLAND,5.0,502.0
02 STATEN ISLAND,Damaged Tree,2,2026-09-20,2026-09-22T16:19:02.309682+00:00,1.5,0.45,2.0,STATEN ISLAND,5.0,502.0
02 STATEN ISLAND,Dead Animal,1,2026-09-20,2026-09-22T16:19:02.309682+00:00,1.0,0.23,2.0,STATEN ISLAND,5.0,502.0
02 STATEN ISLAND,Dirty Condition,2,2026-09-20,2026-09-22T16:19:02.309682+00:00,1.5,0.13,2.0,STATEN ISLAND,5.0,502.0
02 STATEN ISLAND,Food Establishment,2,2026-09-20,2026-09-22T16:19:02.309682+00:00,1.5,0.48,2.0,STATEN ISLAND,5.0,502.0
02 STATEN ISLAND,Graffiti,1,2026-09-20,2026-09-22T16:19:02.309682+00:00,1.0,0.18,2.0,STATEN ISLAND,5.0,502.0
02 STATEN ISLAND,HEAT/HOT WATER,1,2026-09-20,2026-09-22T16:19:02.309682+00:00,1.0,0.12,2.0,STATEN ISLAND,5.0,502.0
02 STATEN ISLAND,Illegal Parking,10,2026-09-20,2026-09-22T16:19:02.309682+00:00,13.0,0.21,2.0,STATEN ISLAND,5.0,502.0
02 STATEN ISLAND,Missed Collection,2,2026-09-20,2026-09-22T16:19:02.309682+00:00,1.5,0.24,2.0,STATEN ISLAND,5.0,502.0
02 STATEN ISLAND,Noise,3,2026-09-20,2026-09-22T16:19:02.309682+00:00,2.0,0.39,2.0,STATEN ISLAND,5.0,502.0
02 STATEN ISLAND,Noise - Residential,14,2026-09-20,2026-09-22T16:19:02.309682+00:00,15.0,0.21,2.0,STATEN ISLAND,5.0,502.0
02 STATEN ISLAND,Noise - Street/Sidewalk,1,2026-09-20,2026-09-22T16:19:02.309682+00:00,5.5,0.21,2.0,STATEN ISLAND,5.0,502.0
02 STATEN ISLAND,Noise - Vehicle,1,2026-09-20,2026-09-22T16:19:02.309682+00:00,1.0,0.06,2.0,STATEN ISLAND,5.0,502.0
02 STATEN ISLAND,Non-Emergency Police Matter,6,2026-09-20,2026-09-22T16:19:02.309682+00:00,4.5,0.92,2.0,STATEN ISLAND,5.0,502.0
02 STATEN ISLAND,Overgrown Tree/Branches,1,2026-09-20,2026-09-22T16:19:02.309682+00:00,1.0,0.18,2.0,STATEN ISLAND,5.0,502.0
02 STATEN ISLAND,Residential Disposal Complaint,1,2026-09-20,2026-09-22T16:19:02.309682+00:00,1.0,0.2,2.0,STATEN ISLAND,5.0,502.0
02 STATEN ISLAND,Rodent,1,2026-09-20,2026-09-22T16:19:02.309682+00:00,1.0,0.18,2.0,STATEN ISLAND,5.0,502.0
02 STATEN ISLAND,Sewer Maintenance,1,2026-09-20,2026-09-22T16:19:02.309682+00:00,1.0,0.18,2.0,STATEN ISLAND,5.0,502.0
02 STATEN ISLAND,Sidewalk Condition,1,2026-09-20,2026-09-22T16:19:02.309682+00:00,1.0,0.15,2.0,STATEN ISLAND,5.0,502.0
02 STATEN ISLAND,Street Condition,3,2026-09-20,2026-09-22T16:19:02.309682+00:00,4.5,0.84,2.0,STATEN ISLAND,5.0,502.0
02 STATEN ISLAND,Street Light Condition,2,2026-09-20,2026-09-22T16:19:02.309682+00:00,4.5,0.95,2.0,STATEN ISLAND,5.0,502.0
02 STATEN ISLAND,UNSANITARY CONDITION,2,2026-09-20,2026-09-22T16:19:02.309682+00:00,1.5,0.1,2.0,STATEN ISLAND,5.0,502.0
02 STATEN ISLAND,Water Maintenance,2,2026-09-20,2026-09-22T16:19:02.309682+00:00,2.5,0.58,2.0,STATEN ISLAND,5.0,502.0
03 BRONX,Blocked Driveway,3,2026-09-20,2026-09-22T16:19:02.309682+00:00,5.5,0.41,3.0,BRONX,2.0,203.0
03 BRONX,DOOR/WINDOW,4,2026-09-20,2026-09-22T16:19:02.309682+00:00,3.5,0.75,3.0,BRONX,2.0,203.0
03 BRONX,Dirty Condition,4,2026-09-20,2026-09-22T16:19:02.309682+00:00,2.5,0.39,3.0,BRONX,2.0,203.0
03 BRONX,ELECTRIC,1,2026-09-20,2026-09-22T16:19:02.309682+00:00,1.5,0.5,3.0,BRONX,2.0,203.0
03 BRONX,General Construction/Plumbing,1,2026-09-20,2026-09-22T16:19:02.309682+00:00,1.0,0.2,3.0,BRONX,2.0,203.0
03 BRONX,HEAT/HOT WATER,6,2026-09-20,2026-09-22T16:19:02.309682+00:00,5.5,0.83,3.0,BRONX,2.0,203.0
03 BRONX,Illegal Dumping,1,2026-09-20,2026-09-22T16:19:02.309682+00:00,1.0,0.08,3.0,BRONX,2.0,203.0
03 BRONX,Illegal Parking,10,2026-09-20,2026-09-22T16:19:02.309682+00:00,10.5,0.15,3.0,BRONX,2.0,203.0
03 BRONX,Illegal Tree Damage,1,2026-09-20,2026-09-22T16:19:02.309682+00:00,1.0,0.42,3.0,BRONX,2.0,203.0
03 BRONX,Lot Condition,1,2026-09-20,2026-09-22T16:19:02.309682+00:00,1.0,0.5,3.0,BRONX,2.0,203.0
03 BRONX,Noise,3,2026-09-20,2026-09-22T16:19:02.309682+00:00,2.5,0.49,3.0,BRONX,2.0,203.0
03 BRONX,Noise - Commercial,4,2026-09-20,2026-09-22T16:19:02.309682+00:00,5.0,0.46,3.0,BRONX,2.0,203.0
03 BRONX,Noise - House of Worship,1,2026-09-20,2026-09-22T16:19:02.309682+00:00,1.0,0.5,3.0,BRONX,2.0,203.0
03 BRONX,Noise - Residential,36,2026-09-20,2026-09-22T16:19:02.309682+00:00,41.5,0.74,3.0,BRONX,2.0,203.0
03 BRONX,Noise - Street/Sidewalk,12,2026-09-20,2026-09-22T16:19:02.309682+00:00,23.5,0.78,3.0,BRONX,2.0,203.0
03 BRONX,Noise - Vehicle,3,2026-09-20,2026-09-22T16:19:02.309682+00:00,2.5,0.43,3.0,BRONX,2.0,203.0
03 BRONX,Non-Emergency Police Matter,1,2026-09-20,2026-09-22T16:19:02.309682+00:00,1.5,0.37,3.0,BRONX,2.0,203.0
03 BRONX,PLUMBING,2,2026-09-20,2026-09-22T16:19:02.309682+00:00,2.0,0.27,3.0,BRONX,2.0,203.0
03 BRONX,Sewer Maintenance,1,2026-09-20,2026-09-22T16:19:02.309682+00:00,1.0,0.18,3.0,BRONX,2.0,203.0
03 BRONX,Sidewalk Condition,1,2026-09-20,2026-09-22T16:19:02.309682+00:00,1.5,0.43,3.0,BRONX,2.0,203.0
03 BRONX,UNSANITARY CONDITION,4,2026-09-20,2026-09-22T16:19:02.309682+00:00,6.0,0.62,3.0,BRONX,2.0,203.0
03 BRONX,Water Maintenance,1,2026-09-20,2026-09-22T16:19:02.309682+00:00,1.0,0.09,3.0,BRONX,2.0,203.0
03 BROOKLYN,Blocked Driveway,12,2026-09-20,2026-09-22T16:19:02.309682+00:00,9.0,0.62,3.0,BROOKLYN,3.0,303.0
03 BROOKLYN,Bus Stop Shelter Complaint,1,2026-09-20,2026-09-22T16:19:02.309682+00:00,1.0,0.4,3.0,BROOKLYN,3.0,303.0
03 BROOKLYN,Consumer Complaint,2,2026-09-20,2026-09-22T16:19:02.309682+00:00,2.0,0.77,3.0,BROOKLYN,3.0,303.0
03 BROOKLYN,DOOR/WINDOW,4,2026-09-20,2026-09-22T16:19:02.309682+00:00,4.0,0.83,3.0,BROOKLYN,3.0,303.0
03 BROOKLYN,Dirty Condition,8,2026-09-20,2026-09-22T16:19:02.309682+00:00,6.0,0.85,3.0,BROOKLYN,3.0,303.0
03 BROOKLYN,ELECTRIC,4,2026-09-20,2026-09-22T16:19:02.309682+00:00,3.5,0.84,3.0,BROOKLYN,3.0,303.0
03 BROOKLYN,FLOORING/STAIRS,1,2026-09-20,2026-09-22T16:19:02.309682+00:00,1.0,0.12,3.0,BROOKLYN,3.0,303.0
03 BROOKLYN,Food Establishment,3,2026-09-20,2026-09-22T16:19:02.309682+00:00,2.5,0.98,3.0,BROOKLYN,3.0,303.0
03 BROOKLYN,Food Poisoning,1,2026-09-20,2026-09-22T16:19:02.309682+00:00,1.0,0.5,3.0,BROOKLYN,3.0,303.0
03 BROOKLYN,General Construction/Plumbing,2,2026-09-20,2026-09-22T16:19:02.309682+00:00,2.5,0.78,3.0,BROOKLYN,3.0,303.0
03 BROOKLYN,Hazardous Material,1,2026-09-20,2026-09-22T16:19:02.309682+00:00,1.0,0.5,3.0,BROOKLYN,3.0,303.0
03 BROOKLYN,Illegal Dumping,3,2026-09-20,2026-09-22T16:19:02.309682+00:00,2.5,0.64,3.0,BROOKLYN,3.0,303.0
03 BROOKLYN,Illegal Parking,17,2026-09-20,2026-09-22T16:19:02.309682+00:00,21.0,0.37,3.0,BROOKLYN,3.0,303.0
03 BROOKLYN,Illegal Posting,1,2026-09-20,2026-09-22T16:19:02.309682+00:00,1.0,0.42,3.0,BROOKLYN,3.0,303.0
03 BROOKLYN,Industrial Waste,1,2026-09-20,2026-09-22T16:19:02.309682+00:00,1.0,0.62,3.0,BROOKLYN,3.0,303.0
03 BROOKLYN,Litter Basket Complaint,1,2026-09-20,2026-09-22T16:19:02.309682+00:00,1.0,0.75,3.0,BROOKLYN,3.0,303.0
03 BROOKLYN,Maintenance or Facility,1,2026-09-20,2026-09-22T16:19:02.309682+00:00,2.5,0.7,3.0,BROOKLYN,3.0,303.0
03 BROOKLYN,Missed Collection,1,2026-09-20,2026-09-22T16:19:02.309682+00:00,2.5,0.55,3.0,BROOKLYN,3.0,303.0
03 BROOKLYN,Noise,6,2026-09-20,2026-09-22T16:19:02.309682+00:00,5.0,0.78,3.0,BROOKLYN,3.0,303.0
03 BROOKLYN,Noise - Commercial,26,2026-09-20,2026-09-22T16:19:02.309682+00:00,31.5,0.96,3.0,BROOKLYN,3.0,303.0
03 BROOKLYN,Noise - House of Worship,2,2026-09-20,2026-09-22T16:19:02.309682+00:00,1.5,1.0,3.0,BROOKLYN,3.0,303.0
03 BROOKLYN,Noise - Park,2,2026-09-20,2026-09-22T16:19:02.309682+00:00,2.0,0.38,3.0,BROOKLYN,3.0,303.0
03 BROOKLYN,Noise - Residential,49,2026-09-20,2026-09-22T16:19:02.309682+00:00,66.0,0.95,3.0,BROOKLYN,3.0,303.0
03 BROOKLYN,Noise - Street/Sidewalk,10,2026-09-20,2026-09-22T16:19:02.309682+00:00,21.0,0.74,3.0,BROOKLYN,3.0,303.0
03 BROOKLYN,Noise - Vehicle,2,2026-09-20,2026-09-22T16:19:02.309682+00:00,2.5,0.43,3.0,BROOKLYN,3.0,303.0
03 BROOKLYN,Non-Emergency Police Matter,2,2026-09-20,2026-09-22T16:19:02.309682+00:00,3.0,0.78,3.0,BROOKLYN,3.0,303.0
03 BROOKLYN,PAINT/PLASTER,1,2026-09-20,2026-09-22T16:19:02.309682+00:00,2.0,0.39,3.0,BROOKLYN,3.0,303.0
03 BROOKLYN,PLUMBING,2,2026-09-20,2026-09-22T16:19:02.309682+00:00,3.5,0.58,3.0,BROOKLYN,3.0,303.0
03 BROOKLYN,Residential Disposal Complaint,2,2026-09-20,2026-09-22T16:19:02.309682+00:00,4.0,1.0,3.0,BROOKLYN,3.0,303.0
03 BROOKLYN,Rodent,1,2026-09-20,2026-09-22T16:19:02.309682+00:00,3.5,0.89,3.0,BROOKLYN,3.0,303.0
03 BROOKLYN,Street Condition,2,2026-09-20,2026-09-22T16:19:02.309682+00:00,1.5,0.18,3.0,BROOKLYN,3.0,303.0
03 BROOKLYN,Street Light Condition,3,2026-09-20,2026-09-22T16:19:02.309682+00:00,3.0,0.81,3.0,BROOKLYN,3.0,303.0
03 BROOKLYN,Traffic Signal Condition,6,2026-09-20,2026-09-22T16:19:02.309682+00:00,4.5,0.97,3.0,BROOKLYN,3.0,303.0
03 BROOKLYN,UNSANITARY CONDITION,8,2026-09-20,2026-09-22T16:19:02.309682+00:00,8.0,0.77,3.0,BROOKLYN,3.0,303.0
03 BROOKLYN,WATER LEAK,4,2026-09-20,2026-09-22T16:19:02.309682+00:00,3.5,0.72,3.0,BROOKLYN,3.0,303.0
03 BROOKLYN,Water Maintenance,1,2026-09-20,2026-09-22T16:19:02.309682+00:00,1.5,0.28,3.0,BROOKLYN,3.0,303.0
03 MANHATTAN,Abandoned Bike,2,2026-09-20,2026-09-22T16:19:02.309682+00:00,1.5,1.0,3.0,MANHATTAN,1.0,103.0
03 MANHATTAN,Air Quality,2,2026-09-20,2026-09-22T16:19:02.309682+00:00,1.5,0.65,3.0,MANHATTAN,1.0,103.0
03 MANHATTAN,Consumer Complaint,1,2026-09-20,2026-09-22T16:19:02.309682+00:00,2.0,0.77,3.0,MANHATTAN,1.0,103.0
03 MANHATTAN,Curb Condition,1,2026-09-20,2026-09-22T16:19:02.309682+00:00,1.0,0.35,3.0,MANHATTAN,1.0,103.0
03 MANHATTAN,DOOR/WINDOW,2,2026-09-20,2026-09-22T16:19:02.309682+00:00,1.5,0.23,3.0,MANHATTAN,1.0,103.0
03 MANHATTAN,Dirty Condition,5,2026-09-20,2026-09-22T16:19:02.309682+00:00,4.0,0.7,3.0,MANHATTAN,1.0,103.0
03 MANHATTAN,ELECTRIC,2,2026-09-20,2026-09-22T16:19:02.309682+00:00,1.5,0.5,3.0,MANHATTAN,1.0,103.0
03 MANHATTAN,Encampment,11,2026-09-20,2026-09-22T16:19:02.309682+00:00,13.0,0.94,3.0,MANHATTAN,1.0,103.0
03 MANHATTAN,FLOORING/STAIRS,2,2026-09-20,2026-09-22T16:19:02.309682+00:00,1.5,0.32,3.0,MANHATTAN,1.0,103.0
03 MANHATTAN,Food Poisoning,1,2026-09-20,2026-09-22T16:19:02.309682+00:00,1.0,0.5,3.0,MANHATTAN,1.0,103.0
03 MANHATTAN,For Hire Vehicle Complaint,1,2026-09-20,2026-09-22T16:19:02.309682+00:00,3.0,0.85,3.0,MANHATTAN,1.0,103.0
03 MANHATTAN,GENERAL,1,2026-09-20,2026-09-22T16:19:02.309682+00:00,2.0,0.69,3.0,MANHATTAN,1.0,103.0
03 MANHATTAN,General Construction/Plumbing,1,2026-09-20,2026-09-22T16:19:02.309682+00:00,2.0,0.66,3.0,MANHATTAN,1.0,103.0
03 MANHATTAN,Graffiti,5,2026-09-20,2026-09-22T16:19:02.309682+00:00,4.5,0.96,3.0,MANHATTAN,1.0,103.0
03 MANHATTAN,HEAT/HOT WATER,3,2026-09-20,2026-09-22T16:19:02.309682+00:00,4.0,0.69,3.0,MANHATTAN,1.0,103.0
03 MANHATTAN,Homeless Person Assistance,3,2026-09-20,2026-09-22T16:19:02.309682+00:00,4.5,0.79,3.0,MANHATTAN,1.0,103.0
03 MANHATTAN,Illegal Dumping,2,2026-09-20,2026-09-22T16:19:02.309682+00:00,2.0,0.52,3.0,MANHATTAN,1.0,103.0
03 MANHATTAN,Illegal Parking,9,2026-09-20,2026-09-22T16:19:02.309682+00:00,13.5,0.22,3.0,MANHATTAN,1.0,103.0
03 MANHATTAN,Indoor Air Quality,1,2026-09-20,2026-09-22T16:19:02.309682+00:00,2.0,0.91,3.0,MANHATTAN,1.0,103.0
03 MANHATTAN,Lost Property,1,2026-09-20,2026-09-22T16:19:02.309682+00:00,1.0,0.17,3.0,MANHATTAN,1.0,103.0
03 MANHATTAN,Maintenance or Facility,5,2026-09-20,2026-09-22T16:19:02.309682+00:00,3.0,0.8,3.0,MANHATTAN,1.0,103.0
03 MANHATTAN,Missed Collection,3,2026-09-20,2026-09-22T16:19:02.309682+00:00,2.0,0.37,3.0,MANHATTAN,1.0,103.0
03 MANHATTAN,Mobile Food Vendor,1,2026-09-20,2026-09-22T16:19:02.309682+00:00,2.0,1.0,3.0,MANHATTAN,1.0,103.0
03 MANHATTAN,Noise,3,2026-09-20,2026-09-22T16:19:02.309682+00:00,4.0,0.65,3.0,MANHATTAN,1.0,103.0
03 MANHATTAN,Noise - Commercial,35,2026-09-20,2026-09-22T16:19:02.309682+00:00,36.5,0.99,3.0,MANHATTAN,1.0,103.0
03 MANHATTAN,Noise - Residential,44,2026-09-20,2026-09-22T16:19:02.309682+00:00,56.5,0.87,3.0,MANHATTAN,1.0,103.0
03 MANHATTAN,Noise - Street/Sidewalk,31,2026-09-20,2026-09-22T16:19:02.309682+00:00,40.5,0.89,3.0,MANHATTAN,1.0,103.0
03 MANHATTAN,Noise - Vehicle,14,2026-09-20,2026-09-22T16:19:02.309682+00:00,11.5,0.9,3.0,MANHATTAN,1.0,103.0
03 MANHATTAN,Non-Emergency Police Matter,1,2026-09-20,2026-09-22T16:19:02.309682+00:00,3.0,0.78,3.0,MANHATTAN,1.0,103.0
03 MANHATTAN,Obstruction,1,2026-09-20,2026-09-22T16:19:02.309682+00:00,1.5,0.5,3.0,MANHATTAN,1.0,103.0
03 MANHATTAN,PAINT/PLASTER,2,2026-09-20,2026-09-22T16:19:02.309682+00:00,3.0,0.6,3.0,MANHATTAN,1.0,103.0
03 MANHATTAN,PLUMBING,3,2026-09-20,2026-09-22T16:19:02.309682+00:00,2.0,0.27,3.0,MANHATTAN,1.0,103.0
03 MANHATTAN,Panhandling,1,2026-09-20,2026-09-22T16:19:02.309682+00:00,1.5,0.5,3.0,MANHATTAN,1.0,103.0
03 MANHATTAN,Residential Disposal Complaint,1,2026-09-20,2026-09-22T16:19:02.309682+00:00,1.5,0.56,3.0,MANHATTAN,1.0,103.0
03 MANHATTAN,Rodent,1,2026-09-20,2026-09-22T16:19:02.309682+00:00,1.5,0.44,3.0,MANHATTAN,1.0,103.0
03 MANHATTAN,Sewer Maintenance,2,2026-09-20,2026-09-22T16:19:02.309682+00:00,1.5,0.47,3.0,MANHATTAN,1.0,103.0
03 MANHATTAN,Sidewalk Condition,2,2026-09-20,2026-09-22T16:19:02.309682+00:00,2.0,0.75,3.0,MANHATTAN,1.0,103.0
03 MANHATTAN,Street Condition,2,2026-09-20,2026-09-22T16:19:02.309682+00:00,3.0,0.52,3.0,MANHATTAN,1.0,103.0
03 MANHATTAN,Street Sign - Dangling,1,2026-09-20,2026-09-22T16:19:02.309682+00:00,1.0,0.62,3.0,MANHATTAN,1.0,103.0
03 MANHATTAN,Taxi Complaint,2,2026-09-20,2026-09-22T16:19:02.309682+00:00,1.5,0.25,3.0,MANHATTAN,1.0,103.0
03 MANHATTAN,Taxi Report,1,2026-09-20,2026-09-22T16:19:02.309682+00:00,1.0,0.62,3.0,MANHATTAN,1.0,103.0
03 MANHATTAN,UNSANITARY CONDITION,3,2026-09-20,2026-09-22T16:19:02.309682+00:00,3.5,0.43,3.0,MANHATTAN,1.0,103.0
03 MANHATTAN,Vendor Enforcement,1,2026-09-20,2026-09-22T16:19:02.309682+00:00,1.5,0.43,3.0,MANHATTAN,1.0,103.0
03 MANHATTAN,WATER LEAK,4,2026-09-20,2026-09-22T16:19:02.309682+00:00,3.0,0.66,3.0,MANHATTAN,1.0,103.0
03 QUEENS,Abandoned Vehicle,2,2026-09-20,2026-09-22T16:19:02.309682+00:00,4.0,0.72,3.0,QUEENS,4.0,403.0
03 QUEENS,Blocked Driveway,16,2026-09-20,2026-09-22T16:19:02.309682+00:00,22.0,0.88,3.0,QUEENS,4.0,403.0
03 QUEENS,Consumer Complaint,1,2026-09-20,2026-09-22T16:19:02.309682+00:00,1.5,0.54,3.0,QUEENS,4.0,403.0
03 QUEENS,Damaged Tree,7,2026-09-20,2026-09-22T16:19:02.309682+00:00,4.0,0.97,3.0,QUEENS,4.0,403.0
03 QUEENS,Dead Animal,2,2026-09-20,2026-09-22T16:19:02.309682+00:00,5.0,1.0,3.0,QUEENS,4.0,403.0
03 QUEENS,Derelict Vehicles,1,2026-09-20,2026-09-22T16:19:02.309682+00:00,1.5,0.6,3.0,QUEENS,4.0,403.0
03 QUEENS,Dirty Condition,1,2026-09-20,2026-09-22T16:19:02.309682+00:00,2.0,0.27,3.0,QUEENS,4.0,403.0
03 QUEENS,Drug Activity,1,2026-09-20,2026-09-22T16:19:02.309682+00:00,1.5,0.62,3.0,QUEENS,4.0,403.0
03 QUEENS,ELECTRIC,1,2026-09-20,2026-09-22T16:19:02.309682+00:00,1.0,0.2,3.0,QUEENS,4.0,403.0
03 QUEENS,Encampment,3,2026-09-20,2026-09-22T16:19:02.309682+00:00,3.0,0.61,3.0,QUEENS,4.0,403.0
03 QUEENS,HEAT/HOT WATER,2,2026-09-20,2026-09-22T16:19:02.309682+00:00,2.0,0.38,3.0,QUEENS,4.0,403.0
03 QUEENS,Illegal Animal Kept as Pet,1,2026-09-20,2026-09-22T16:19:02.309682+00:00,1.0,1.0,3.0,QUEENS,4.0,403.0
03 QUEENS,Illegal Dumping,1,2026-09-20,2026-09-22T16:19:02.309682+00:00,2.0,0.52,3.0,QUEENS,4.0,403.0
03 QUEENS,Illegal Parking,51,2026-09-20,2026-09-22T16:19:02.309682+00:00,58.0,0.94,3.0,QUEENS,4.0,403.0
03 QUEENS,Illegal Posting,1,2026-09-20,2026-09-22T16:19:02.309682+00:00,3.0,0.83,3.0,QUEENS,4.0,403.0
03 QUEENS,Illegal Tree Damage,1,2026-09-20,2026-09-22T16:19:02.309682+00:00,1.5,0.92,3.0,QUEENS,4.0,403.0
03 QUEENS,Industrial Waste,1,2026-09-20,2026-09-22T16:19:02.309682+00:00,1.0,0.62,3.0,QUEENS,4.0,403.0
03 QUEENS,Lead,1,2026-09-20,2026-09-22T16:19:02.309682+00:00,1.0,0.22,3.0,QUEENS,4.0,403.0
03 QUEENS,Missed Collection,1,2026-09-20,2026-09-22T16:19:02.309682+00:00,2.5,0.55,3.0,QUEENS,4.0,403.0
03 QUEENS,Mobile Food Vendor,1,2026-09-20,2026-09-22T16:19:02.309682+00:00,1.0,0.5,3.0,QUEENS,4.0,403.0
03 QUEENS,Noise,3,2026-09-20,2026-09-22T16:19:02.309682+00:00,2.0,0.39,3.0,QUEENS,4.0,403.0
03 QUEENS,Noise - Commercial,9,2026-09-20,2026-09-22T16:19:02.309682+00:00,7.0,0.63,3.0,QUEENS,4.0,403.0
03 QUEENS,Noise - Park,7,2026-09-20,2026-09-22T16:19:02.309682+00:00,6.0,0.75,3.0,QUEENS,4.0,403.0
03 QUEENS,Noise - Residential,36,2026-09-20,2026-09-22T16:19:02.309682+00:00,33.5,0.58,3.0,QUEENS,4.0,403.0
03 QUEENS,Noise - Street/Sidewalk,19,2026-09-20,2026-09-22T16:19:02.309682+00:00,22.5,0.77,3.0,QUEENS,4.0,403.0
03 QUEENS,Noise - Vehicle,13,2026-09-20,2026-09-22T16:19:02.309682+00:00,17.0,0.96,3.0,QUEENS,4.0,403.0
03 QUEENS,Non-Emergency Police Matter,2,2026-09-20,2026-09-22T16:19:02.309682+00:00,4.5,0.92,3.0,QUEENS,4.0,403.0
03 QUEENS,Obstruction,3,2026-09-20,2026-09-22T16:19:02.309682+00:00,2.0,0.82,3.0,QUEENS,4.0,403.0
03 QUEENS,Panhandling,1,2026-09-20,2026-09-22T16:19:02.309682+00:00,1.0,0.19,3.0,QUEENS,4.0,403.0
03 QUEENS,Residential Disposal Complaint,1,2026-09-20,2026-09-22T16:19:02.309682+00:00,1.0,0.2,3.0,QUEENS,4.0,403.0
03 QUEENS,Root/Sewer/Sidewalk Condition,1,2026-09-20,2026-09-22T16:19:02.309682+00:00,1.0,0.17,3.0,QUEENS,4.0,403.0
03 QUEENS,Sewer Maintenance,1,2026-09-20,2026-09-22T16:19:02.309682+00:00,1.0,0.18,3.0,QUEENS,4.0,403.0
03 QUEENS,Street Condition,6,2026-09-20,2026-09-22T16:19:02.309682+00:00,6.0,0.92,3.0,QUEENS,4.0,403.0
03 QUEENS,Street Light Condition,2,2026-09-20,2026-09-22T16:19:02.309682+00:00,1.5,0.35,3.0,QUEENS,4.0,403.0
03 QUEENS,Street Sign - Dangling,1,2026-09-20,2026-09-22T16:19:02.309682+00:00,1.0,0.62,3.0,QUEENS,4.0,403.0
03 QUEENS,UNSANITARY CONDITION,1,2026-09-20,2026-09-22T16:19:02.309682+00:00,2.5,0.25,3.0,QUEENS,4.0,403.0
03 QUEENS,Vendor Enforcement,4,2026-09-20,2026-09-22T16:19:02.309682+00:00,6.0,0.93,3.0,QUEENS,4.0,403.0
03 QUEENS,Water Maintenance,2,2026-09-20,2026-09-22T16:19:02.309682+00:00,4.0,0.88,3.0,QUEENS,4.0,403.0
03 STATEN ISLAND,Abandoned Vehicle,3,2026-09-20,2026-09-22T16:19:02.309682+00:00,3.0,0.55,3.0,STATEN ISLAND,5.0,503.0
03 STATEN ISLAND,Bike/Roller/Skate,1,2026-09-20,2026-09-22T16:19:02.309682+00:00,1.0,0.75,3.0,STATEN ISLAND,5.0,503.0
03 STATEN ISLAND,Blocked Driveway,2,2026-09-20,2026-09-22T16:19:02.309682+00:00,4.0,0.28,3.0,STATEN ISLAND,5.0,503.0
03 STATEN ISLAND,Building/Use,1,2026-09-20,2026-09-22T16:19:02.309682+00:00,2.0,0.8,3.0,STATEN ISLAND,5.0,503.0
03 STATEN ISLAND,Damaged Tree,2,2026-09-20,2026-09-22T16:19:02.309682+00:00,4.5,1.0,3.0,STATEN ISLAND,5.0,503.0
03 STATEN ISLAND,Dead Animal,1,2026-09-20,2026-09-22T16:19:02.309682+00:00,1.0,0.23,3.0,STATEN ISLAND,5.0,503.0
03 STATEN ISLAND,Dead/Dying Tree,1,2026-09-20,2026-09-22T16:19:02.309682+00:00,1.5,0.8,3.0,STATEN ISLAND,5.0,503.0
03 STATEN ISLAND,Dirty Condition,1,2026-09-20,2026-09-22T16:19:02.309682+00:00,1.5,0.13,3.0,STATEN ISLAND,5.0,503.0
03 STATEN ISLAND,Drinking,1,2026-09-20,2026-09-22T16:19:02.309682+00:00,1.0,0.33,3.0,STATEN ISLAND,5.0,503.0
03 STATEN ISLAND,Dumpster Complaint,1,2026-09-20,2026-09-22T16:19:02.309682+00:00,1.0,0.6,3.0,STATEN ISLAND,5.0,503.0
03 STATEN ISLAND,Encampment,1,2026-09-20,2026-09-22T16:19:02.309682+00:00,1.0,0.04,3.0,STATEN ISLAND,5.0,503.0
03 STATEN ISLAND,Food Establishment,1,2026-09-20,2026-09-22T16:19:02.309682+00:00,1.0,0.19,3.0,STATEN ISLAND,5.0,503.0
03 STATEN ISLAND,General Construction/Plumbing,1,2026-09-20,2026-09-22T16:19:02.309682+00:00,2.0,0.66,3.0,STATEN ISLAND,5.0,503.0
03 STATEN ISLAND,Graffiti,3,2026-09-20,2026-09-22T16:19:02.309682+00:00,2.0,0.64,3.0,STATEN ISLAND,5.0,503.0
03 STATEN ISLAND,Illegal Dumping,5,2026-09-20,2026-09-22T16:19:02.309682+00:00,5.5,0.99,3.0,STATEN ISLAND,5.0,503.0
03 STATEN ISLAND,Illegal Parking,17,2026-09-20,2026-09-22T16:19:02.309682+00:00,16.0,0.29,3.0,STATEN ISLAND,5.0,503.0
03 STATEN ISLAND,Missed Collection,2,2026-09-20,2026-09-22T16:19:02.309682+00:00,2.5,0.55,3.0,STATEN ISLAND,5.0,503.0
03 STATEN ISLAND,Noise - Residential,3,2026-09-20,2026-09-22T16:19:02.309682+00:00,14.5,0.19,3.0,STATEN ISLAND,5.0,503.0
03 STATEN ISLAND,Noise - Street/Sidewalk,1,2026-09-20,2026-09-22T16:19:02.309682+00:00,2.5,0.08,3.0,STATEN ISLAND,5.0,503.0
03 STATEN ISLAND,Obstruction,2,2026-09-20,2026-09-22T16:19:02.309682+00:00,1.5,0.5,3.0,STATEN ISLAND,5.0,503.0
03 STATEN ISLAND,Overgrown Tree/Branches,3,2026-09-20,2026-09-22T16:19:02.309682+00:00,3.0,1.0,3.0,STATEN ISLAND,5.0,503.0
03 STATEN ISLAND,Rodent,1,2026-09-20,2026-09-22T16:19:02.309682+00:00,1.0,0.18,3.0,STATEN ISLAND,5.0,503.0
03 STATEN ISLAND,Sewer Maintenance,3,2026-09-20,2026-09-22T16:19:02.309682+00:00,2.0,0.69,3.0,STATEN ISLAND,5.0,503.0
03 STATEN ISLAND,Street Condition,2,2026-09-20,2026-09-22T16:19:02.309682+00:00,3.0,0.52,3.0,STATEN ISLAND,5.0,503.0
03 STATEN ISLAND,Street Light Condition,4,2026-09-20,2026-09-22T16:19:02.309682+00:00,4.0,0.92,3.0,STATEN ISLAND,5.0,503.0
03 STATEN ISLAND,Traffic Signal Condition,5,2026-09-20,2026-09-22T16:19:02.309682+00:00,3.5,0.88,3.0,STATEN ISLAND,5.0,503.0
03 STATEN ISLAND,Water Maintenance,2,2026-09-20,2026-09-22T16:19:02.309682+00:00,1.5,0.28,3.0,STATEN ISLAND,5.0,503.0
04 BRONX,APPLIANCE,1,2026-09-20,2026-09-22T16:19:02.309682+00:00,1.5,0.44,4.0,BRONX,2.0,204.0
04 BRONX,Animal-Abuse,1,2026-09-20,2026-09-22T16:19:02.309682+00:00,2.0,0.92,4.0,BRONX,2.0,204.0
04 BRONX,Blocked Driveway,6,2026-09-20,2026-09-22T16:19:02.309682+00:00,5.0,0.37,4.0,BRONX,2.0,204.0
04 BRONX,Consumer Complaint,1,2026-09-20,2026-09-22T16:19:02.309682+00:00,1.0,0.2,4.0,BRONX,2.0,204.0
04 BRONX,DOOR/WINDOW,2,2026-09-20,2026-09-22T16:19:02.309682+00:00,3.0,0.66,4.0,BRONX,2.0,204.0
04 BRONX,Dirty Condition,2,2026-09-20,2026-09-22T16:19:02.309682+00:00,1.5,0.13,4.0,BRONX,2.0,204.0
04 BRONX,Elevator,1,2026-09-20,2026-09-22T16:19:02.309682+00:00,1.5,0.65,4.0,BRONX,2.0,204.0
04 BRONX,Encampment,4,2026-09-20,2026-09-22T16:19:02.309682+00:00,4.0,0.71,4.0,BRONX,2.0,204.0
04 BRONX,Food Establishment,1,2026-09-20,2026-09-22T16:19:02.309682+00:00,1.0,0.19,4.0,BRONX,2.0,204.0
04 BRONX,For Hire Vehicle Complaint,1,2026-09-20,2026-09-22T16:19:02.309682+00:00,1.0,0.3,4.0,BRONX,2.0,204.0
04 BRONX,HEAT/HOT WATER,15,2026-09-20,2026-09-22T16:19:02.309682+00:00,9.5,0.95,4.0,BRONX,2.0,204.0
04 BRONX,Homeless Person Assistance,1,2026-09-20,2026-09-22T16:19:02.309682+00:00,1.0,0.12,4.0,BRONX,2.0,204.0
04 BRONX,Illegal Parking,22,2026-09-20,2026-09-22T16:19:02.309682+00:00,21.0,0.37,4.0,BRONX,2.0,204.0
04 BRONX,Lead,1,2026-09-20,2026-09-22T16:19:02.309682+00:00,1.0,0.22,4.0,BRONX,2.0,204.0
04 BRONX,Litter Basket Request,1,2026-09-20,2026-09-22T16:19:02.309682+00:00,1.0,0.31,4.0,BRONX,2.0,204.0
04 BRONX,Maintenance or Facility,5,2026-09-20,2026-09-22T16:19:02.309682+00:00,3.5,0.86,4.0,BRONX,2.0,204.0
04 BRONX,Missed Collection,1,2026-09-20,2026-09-22T16:19:02.309682+00:00,1.5,0.24,4.0,BRONX,2.0,204.0
04 BRONX,Noise - Commercial,3,2026-09-20,2026-09-22T16:19:02.309682+00:00,8.0,0.69,4.0,BRONX,2.0,204.0
04 BRONX,Noise - Residential,39,2026-09-20,2026-09-22T16:19:02.309682+00:00,47.0,0.79,4.0,BRONX,2.0,204.0
04 BRONX,Noise - Street/Sidewalk,33,2026-09-20,2026-09-22T16:19:02.309682+00:00,48.0,0.94,4.0,BRONX,2.0,204.0
04 BRONX,Noise - Vehicle,4,2026-09-20,2026-09-22T16:19:02.309682+00:00,6.5,0.85,4.0,BRONX,2.0,204.0
04 BRONX,Non-Emergency Police Matter,2,2026-09-20,2026-09-22T16:19:02.309682+00:00,1.5,0.37,4.0,BRONX,2.0,204.0
04 BRONX,PLUMBING,1,2026-09-20,2026-09-22T16:19:02.309682+00:00,4.5,0.7,4.0,BRONX,2.0,204.0
04 BRONX,Rodent,1,2026-09-20,2026-09-22T16:19:02.309682+00:00,1.0,0.18,4.0,BRONX,2.0,204.0
04 BRONX,Sewer Maintenance,1,2026-09-20,2026-09-22T16:19:02.309682+00:00,1.0,0.18,4.0,BRONX,2.0,204.0
04 BRONX,Street Condition,3,2026-09-20,2026-09-22T16:19:02.309682+00:00,2.0,0.31,4.0,BRONX,2.0,204.0
04 BRONX,Street Sign - Damaged,1,2026-09-20,2026-09-22T16:19:02.309682+00:00,2.0,0.93,4.0,BRONX,2.0,204.0
04 BRONX,UNSANITARY CONDITION,5,2026-09-20,2026-09-22T16:19:02.309682+00:00,6.5,0.66,4.0,BRONX,2.0,204.0
04 BRONX,Water Maintenance,1,2026-09-20,2026-09-22T16:19:02.309682+00:00,1.0,0.09,4.0,BRONX,2.0,204.0
04 BROOKLYN,APPLIANCE,1,2026-09-20,2026-09-22T16:19:02.309682+00:00,3.0,0.89,4.0,BROOKLYN,3.0,304.0
04 BROOKLYN,Animal-Abuse,1,2026-09-20,2026-09-22T16:19:02.309682+00:00,1.0,0.35,4.0,BROOKLYN,3.0,304.0
04 BROOKLYN,Blocked Driveway,13,2026-09-20,2026-09-22T16:19:02.309682+00:00,12.0,0.76,4.0,BROOKLYN,3.0,304.0
04 BROOKLYN,Cannabis Retailer,1,2026-09-20,2026-09-22T16:19:02.309682+00:00,1.0,0.5,4.0,BROOKLYN,3.0,304.0
04 BROOKLYN,Dead Animal,1,2026-09-20,2026-09-22T16:19:02.309682+00:00,1.0,0.23,4.0,BROOKLYN,3.0,304.0
04 BROOKLYN,Dirty Condition,7,2026-09-20,2026-09-22T16:19:02.309682+00:00,8.5,0.97,4.0,BROOKLYN,3.0,304.0
04 BROOKLYN,Drug Activity,1,2026-09-20,2026-09-22T16:19:02.309682+00:00,1.5,0.62,4.0,BROOKLYN,3.0,304.0
04 BROOKLYN,ELECTRIC,1,2026-09-20,2026-09-22T16:19:02.309682+00:00,1.5,0.5,4.0,BROOKLYN,3.0,304.0
04 BROOKLYN,Elevator,1,2026-09-20,2026-09-22T16:19:02.309682+00:00,1.0,0.28,4.0,BROOKLYN,3.0,304.0
04 BROOKLYN,Encampment,2,2026-09-20,2026-09-22T16:19:02.309682+00:00,2.0,0.37,4.0,BROOKLYN,3.0,304.0
04 BROOKLYN,Food Establishment,3,2026-09-20,2026-09-22T16:19:02.309682+00:00,2.0,0.78,4.0,BROOKLYN,3.0,304.0
04 BROOKLYN,GENERAL,3,2026-09-20,2026-09-22T16:19:02.309682+00:00,2.5,0.82,4.0,BROOKLYN,3.0,304.0
04 BROOKLYN,Graffiti,2,2026-09-20,2026-09-22T16:19:02.309682+00:00,1.5,0.43,4.0,BROOKLYN,3.0,304.0
04 BROOKLYN,HEAT/HOT WATER,6,2026-09-20,2026-09-22T16:19:02.309682+00:00,3.5,0.63,4.0,BROOKLYN,3.0,304.0
04 BROOKLYN,Illegal Dumping,1,2026-09-20,2026-09-22T16:19:02.309682+00:00,1.5,0.31,4.0,BROOKLYN,3.0,304.0
04 BROOKLYN,Illegal Parking,18,2026-09-20,2026-09-22T16:19:02.309682+00:00,18.5,0.31,4.0,BROOKLYN,3.0,304.0
04 BROOKLYN,Illegal Tree Damage,1,2026-09-20,2026-09-22T16:19:02.309682+00:00,1.0,0.42,4.0,BROOKLYN,3.0,304.0
04 BROOKLYN,Indoor Air Quality,1,2026-09-20,2026-09-22T16:19:02.309682+00:00,1.0,0.28,4.0,BROOKLYN,3.0,304.0
04 BROOKLYN,Litter Basket Request,2,2026-09-20,2026-09-22T16:19:02.309682+00:00,2.0,0.88,4.0,BROOKLYN,3.0,304.0
04 BROOKLYN,Missed Collection,1,2026-09-20,2026-09-22T16:19:02.309682+00:00,1.0,0.08,4.0,BROOKLYN,3.0,304.0
04 BROOKLYN,Noise,6,2026-09-20,2026-09-22T16:19:02.309682+00:00,4.5,0.73,4.0,BROOKLYN,3.0,304.0
04 BROOKLYN,Noise - Commercial,29,2026-09-20,2026-09-22T16:19:02.309682+00:00,24.5,0.94,4.0,BROOKLYN,3.0,304.0
04 BROOKLYN,Noise - House of Worship,1,2026-09-20,2026-09-22T16:19:02.309682+00:00,1.0,0.5,4.0,BROOKLYN,3.0,304.0
04 BROOKLYN,Noise - Residential,50,2026-09-20,2026-09-22T16:19:02.309682+00:00,65.0,0.93,4.0,BROOKLYN,3.0,304.0
04 BROOKLYN,Noise - Street/Sidewalk,22,2026-09-20,2026-09-22T16:19:02.309682+00:00,36.5,0.88,4.0,BROOKLYN,3.0,304.0
04 BROOKLYN,Noise - Vehicle,4,2026-09-20,2026-09-22T16:19:02.309682+00:00,3.5,0.65,4.0,BROOKLYN,3.0,304.0
04 BROOKLYN,Obstruction,1,2026-09-20,2026-09-22T16:19:02.309682+00:00,1.5,0.5,4.0,BROOKLYN,3.0,304.0
04 BROOKLYN,Overgrown Tree/Branches,1,2026-09-20,2026-09-22T16:19:02.309682+00:00,1.5,0.45,4.0,BROOKLYN,3.0,304.0
04 BROOKLYN,Panhandling,1,2026-09-20,2026-09-22T16:19:02.309682+00:00,1.0,0.19,4.0,BROOKLYN,3.0,304.0
04 BROOKLYN,Plumbing,1,2026-09-20,2026-09-22T16:19:02.309682+00:00,1.0,0.5,4.0,BROOKLYN,3.0,304.0
04 BROOKLYN,Residential Disposal Complaint,3,2026-09-20,2026-09-22T16:19:02.309682+00:00,2.0,0.76,4.0,BROOKLYN,3.0,304.0
04 BROOKLYN,Rodent,4,2026-09-20,2026-09-22T16:19:02.309682+00:00,2.5,0.79,4.0,BROOKLYN,3.0,304.0
04 BROOKLYN,SAFETY,1,2026-09-20,2026-09-22T16:19:02.309682+00:00,1.5,0.6,4.0,BROOKLYN,3.0,304.0
04 BROOKLYN,Sewer Maintenance,1,2026-09-20,2026-09-22T16:19:02.309682+00:00,1.0,0.18,4.0,BROOKLYN,3.0,304.0
04 BROOKLYN,Sidewalk Condition,1,2026-09-20,2026-09-22T16:19:02.309682+00:00,1.0,0.15,4.0,BROOKLYN,3.0,304.0
04 BROOKLYN,Smoking or Vaping,1,2026-09-20,2026-09-22T16:19:02.309682+00:00,1.5,0.56,4.0,BROOKLYN,3.0,304.0
04 BROOKLYN,Street Condition,2,2026-09-20,2026-09-22T16:19:02.309682+00:00,2.0,0.31,4.0,BROOKLYN,3.0,304.0
04 BROOKLYN,Street Light Condition,1,2026-09-20,2026-09-22T16:19:02.309682+00:00,1.5,0.35,4.0,BROOKLYN,3.0,304.0
04 BROOKLYN,Street Sweeping Complaint,1,2026-09-20,2026-09-22T16:19:02.309682+00:00,1.0,0.67,4.0,BROOKLYN,3.0,304.0
04 BROOKLYN,Traffic Signal Condition,1,2026-09-20,2026-09-22T16:19:02.309682+00:00,2.0,0.5,4.0,BROOKLYN,3.0,304.0
04 BROOKLYN,UNSANITARY CONDITION,2,2026-09-20,2026-09-22T16:19:02.309682+00:00,1.5,0.1,4.0,BROOKLYN,3.0,304.0
04 BROOKLYN,Unsanitary Pigeon Condition,1,2026-09-20,2026-09-22T16:19:02.309682+00:00,1.0,0.62,4.0,BROOKLYN,3.0,304.0
04 BROOKLYN,Vendor Enforcement,1,2026-09-20,2026-09-22T16:19:02.309682+00:00,2.0,0.63,4.0,BROOKLYN,3.0,304.0
04 BROOKLYN,WATER LEAK,2,2026-09-20,2026-09-22T16:19:02.309682+00:00,2.0,0.5,4.0,BROOKLYN,3.0,304.0
04 BROOKLYN,Water Maintenance,3,2026-09-20,2026-09-22T16:19:02.309682+00:00,3.5,0.81,4.0,BROOKLYN,3.0,304.0
04 MANHATTAN,Blocked Driveway,2,2026-09-20,2026-09-22T16:19:02.309682+00:00,3.0,0.21,4.0,MANHATTAN,1.0,104.0
04 MANHATTAN,Commercial Disposal Complaint,1,2026-09-20,2026-09-22T16:19:02.309682+00:00,1.0,0.38,4.0,MANHATTAN,1.0,104.0
04 MANHATTAN,Dirty Condition,6,2026-09-20,2026-09-22T16:19:02.309682+00:00,5.0,0.78,4.0,MANHATTAN,1.0,104.0
04 MANHATTAN,Elevator,2,2026-09-20,2026-09-22T16:19:02.309682+00:00,2.0,0.88,4.0,MANHATTAN,1.0,104.0
04 MANHATTAN,Encampment,18,2026-09-20,2026-09-22T16:19:02.309682+00:00,16.5,0.97,4.0,MANHATTAN,1.0,104.0
04 MANHATTAN,Food Establishment,3,2026-09-20,2026-09-22T16:19:02.309682+00:00,2.0,0.78,4.0,MANHATTAN,1.0,104.0
04 MANHATTAN,GENERAL,3,2026-09-20,2026-09-22T16:19:02.309682+00:00,3.0,0.88,4.0,MANHATTAN,1.0,104.0
04 MANHATTAN,General Construction/Plumbing,1,2026-09-20,2026-09-22T16:19:02.309682+00:00,1.5,0.48,4.0,MANHATTAN,1.0,104.0
04 MANHATTAN,Homeless Person Assistance,11,2026-09-20,2026-09-22T16:19:02.309682+00:00,13.0,0.96,4.0,MANHATTAN,1.0,104.0
04 MANHATTAN,Illegal Dumping,1,2026-09-20,2026-09-22T16:19:02.309682+00:00,2.0,0.52,4.0,MANHATTAN,1.0,104.0
04 MANHATTAN,Illegal Parking,16,2026-09-20,2026-09-22T16:19:02.309682+00:00,23.5,0.51,4.0,MANHATTAN,1.0,104.0
04 MANHATTAN,Indoor Air Quality,1,2026-09-20,2026-09-22T16:19:02.309682+00:00,1.5,0.69,4.0,MANHATTAN,1.0,104.0
04 MANHATTAN,Lead,2,2026-09-20,2026-09-22T16:19:02.309682+00:00,1.5,0.58,4.0,MANHATTAN,1.0,104.0
04 MANHATTAN,Lost Property,3,2026-09-20,2026-09-22T16:19:02.309682+00:00,3.0,0.83,4.0,MANHATTAN,1.0,104.0
04 MANHATTAN,Missed Collection,2,2026-09-20,2026-09-22T16:19:02.309682+00:00,2.5,0.55,4.0,MANHATTAN,1.0,104.0
04 MANHATTAN,Noise,4,2026-09-20,2026-09-22T16:19:02.309682+00:00,12.5,0.96,4.0,MANHATTAN,1.0,104.0
04 MANHATTAN,Noise - Commercial,14,2026-09-20,2026-09-22T16:19:02.309682+00:00,17.5,0.88,4.0,MANHATTAN,1.0,104.0
04 MANHATTAN,Noise - Residential,27,2026-09-20,2026-09-22T16:19:02.309682+00:00,44.5,0.76,4.0,MANHATTAN,1.0,104.0
04 MANHATTAN,Noise - Street/Sidewalk,8,2026-09-20,2026-09-22T16:19:02.309682+00:00,14.0,0.56,4.0,MANHATTAN,1.0,104.0
04 MANHATTAN,Noise - Vehicle,4,2026-09-20,2026-09-22T16:19:02.309682+00:00,5.0,0.77,4.0,MANHATTAN,1.0,104.0
04 MANHATTAN,Non-Emergency Police Matter,2,2026-09-20,2026-09-22T16:19:02.309682+00:00,1.5,0.37,4.0,MANHATTAN,1.0,104.0
04 MANHATTAN,Obstruction,1,2026-09-20,2026-09-22T16:19:02.309682+00:00,1.5,0.5,4.0,MANHATTAN,1.0,104.0
04 MANHATTAN,Residential Disposal Complaint,1,2026-09-20,2026-09-22T16:19:02.309682+00:00,1.5,0.56,4.0,MANHATTAN,1.0,104.0
04 MANHATTAN,Rodent,2,2026-09-20,2026-09-22T16:19:02.309682+00:00,1.5,0.44,4.0,MANHATTAN,1.0,104.0
04 MANHATTAN,Sidewalk Condition,2,2026-09-20,2026-09-22T16:19:02.309682+00:00,2.0,0.75,4.0,MANHATTAN,1.0,104.0
04 MANHATTAN,Smoking or Vaping,1,2026-09-20,2026-09-22T16:19:02.309682+00:00,1.0,0.22,4.0,MANHATTAN,1.0,104.0
04 MANHATTAN,Special Projects Inspection Team (SPIT),2,2026-09-20,2026-09-22T16:19:02.309682+00:00,1.5,0.69,4.0,MANHATTAN,1.0,104.0
04 MANHATTAN,Street Condition,4,2026-09-20,2026-09-22T16:19:02.309682+00:00,4.5,0.84,4.0,MANHATTAN,1.0,104.0
04 MANHATTAN,Street Light Condition,1,2026-09-20,2026-09-22T16:19:02.309682+00:00,1.0,0.12,4.0,MANHATTAN,1.0,104.0
04 MANHATTAN,Taxi Complaint,2,2026-09-20,2026-09-22T16:19:02.309682+00:00,2.5,0.6,4.0,MANHATTAN,1.0,104.0
04 MANHATTAN,Taxi Report,1,2026-09-20,2026-09-22T16:19:02.309682+00:00,1.0,0.62,4.0,MANHATTAN,1.0,104.0
04 MANHATTAN,Traffic,1,2026-09-20,2026-09-22T16:19:02.309682+00:00,1.0,0.25,4.0,MANHATTAN,1.0,104.0
04 MANHATTAN,Traffic Signal Condition,4,2026-09-20,2026-09-22T16:19:02.309682+00:00,2.5,0.69,4.0,MANHATTAN,1.0,104.0
04 MANHATTAN,UNSANITARY CONDITION,2,2026-09-20,2026-09-22T16:19:02.309682+00:00,2.5,0.25,4.0,MANHATTAN,1.0,104.0
04 MANHATTAN,WATER LEAK,3,2026-09-20,2026-09-22T16:19:02.309682+00:00,2.5,0.62,4.0,MANHATTAN,1.0,104.0
04 MANHATTAN,Water Maintenance,1,2026-09-20,2026-09-22T16:19:02.309682+00:00,3.0,0.72,4.0,MANHATTAN,1.0,104.0
04 QUEENS,Blocked Driveway,17,2026-09-20,2026-09-22T16:19:02.309682+00:00,16.5,0.82,4.0,QUEENS,4.0,404.0
04 QUEENS,Building/Use,2,2026-09-20,2026-09-22T16:19:02.309682+00:00,1.5,0.65,4.0,QUEENS,4.0,404.0
04 QUEENS,Dead/Dying Tree,1,2026-09-20,2026-09-22T16:19:02.309682+00:00,1.0,0.3,4.0,QUEENS,4.0,404.0
04 QUEENS,Dirty Condition,1,2026-09-20,2026-09-22T16:19:02.309682+00:00,2.0,0.27,4.0,QUEENS,4.0,404.0
04 QUEENS,Elevator,1,2026-09-20,2026-09-22T16:19:02.309682+00:00,1.0,0.28,4.0,QUEENS,4.0,404.0
04 QUEENS,For Hire Vehicle Complaint,1,2026-09-20,2026-09-22T16:19:02.309682+00:00,1.5,0.67,4.0,QUEENS,4.0,404.0
04 QUEENS,General Construction/Plumbing,2,2026-09-20,2026-09-22T16:19:02.309682+00:00,2.0,0.66,4.0,QUEENS,4.0,404.0
04 QUEENS,Illegal Dumping,1,2026-09-20,2026-09-22T16:19:02.309682+00:00,1.0,0.08,4.0,QUEENS,4.0,404.0
04 QUEENS,Illegal Parking,24,2026-09-20,2026-09-22T16:19:02.309682+00:00,22.0,0.43,4.0,QUEENS,4.0,404.0
04 QUEENS,Maintenance or Facility,1,2026-09-20,2026-09-22T16:19:02.309682+00:00,2.5,0.7,4.0,QUEENS,4.0,404.0
04 QUEENS,Missed Collection,1,2026-09-20,2026-09-22T16:19:02.309682+00:00,1.5,0.24,4.0,QUEENS,4.0,404.0
04 QUEENS,Noise,2,2026-09-20,2026-09-22T16:19:02.309682+00:00,1.5,0.25,4.0,QUEENS,4.0,404.0
04 QUEENS,Noise - Commercial,2,2026-09-20,2026-09-22T16:19:02.309682+00:00,2.5,0.19,4.0,QUEENS,4.0,404.0
04 QUEENS,Noise - Residential,42,2026-09-20,2026-09-22T16:19:02.309682+00:00,45.0,0.78,4.0,QUEENS,4.0,404.0
04 QUEENS,Noise - Street/Sidewalk,8,2026-09-20,2026-09-22T16:19:02.309682+00:00,11.0,0.43,4.0,QUEENS,4.0,404.0
04 QUEENS,Noise - Vehicle,3,2026-09-20,2026-09-22T16:19:02.309682+00:00,2.5,0.43,4.0,QUEENS,4.0,404.0
04 QUEENS,Rodent,1,2026-09-20,2026-09-22T16:19:02.309682+00:00,1.0,0.18,4.0,QUEENS,4.0,404.0
04 QUEENS,Sidewalk Condition,1,2026-09-20,2026-09-22T16:19:02.309682+00:00,1.0,0.15,4.0,QUEENS,4.0,404.0
04 QUEENS,Street Condition,1,2026-09-20,2026-09-22T16:19:02.309682+00:00,1.0,0.07,4.0,QUEENS,4.0,404.0
04 QUEENS,Taxi Complaint,1,2026-09-20,2026-09-22T16:19:02.309682+00:00,1.0,0.1,4.0,QUEENS,4.0,404.0
04 QUEENS,UNSANITARY CONDITION,1,2026-09-20,2026-09-22T16:19:02.309682+00:00,1.5,0.1,4.0,QUEENS,4.0,404.0
04 QUEENS,Vendor Enforcement,1,2026-09-20,2026-09-22T16:19:02.309682+00:00,1.0,0.17,4.0,QUEENS,4.0,404.0
05 BRONX,Abandoned Vehicle,1,2026-09-20,2026-09-22T16:19:02.309682+00:00,1.0,0.09,5.0,BRONX,2.0,205.0
05 BRONX,Blocked Driveway,7,2026-09-20,2026-09-22T16:19:02.309682+00:00,8.0,0.53,5.0,BRONX,2.0,205.0
05 BRONX,Cannabis Retailer,1,2026-09-20,2026-09-22T16:19:02.309682+00:00,1.0,0.5,5.0,BRONX,2.0,205.0
05 BRONX,DOOR/WINDOW,7,2026-09-20,2026-09-22T16:19:02.309682+00:00,4.0,0.83,5.0,BRONX,2.0,205.0
05 BRONX,Dirty Condition,1,2026-09-20,2026-09-22T16:19:02.309682+00:00,3.0,0.5,5.0,BRONX,2.0,205.0
05 BRONX,Drug Activity,1,2026-09-20,2026-09-22T16:19:02.309682+00:00,2.0,0.81,5.0,BRONX,2.0,205.0
05 BRONX,ELECTRIC,2,2026-09-20,2026-09-22T16:19:02.309682+00:00,3.5,0.84,5.0,BRONX,2.0,205.0
05 BRONX,Encampment,1,2026-09-20,2026-09-22T16:19:02.309682+00:00,2.5,0.51,5.0,BRONX,2.0,205.0
05 BRONX,FLOORING/STAIRS,2,2026-09-20,2026-09-22T16:19:02.309682+00:00,1.5,0.32,5.0,BRONX,2.0,205.0
05 BRONX,GENERAL,3,2026-09-20,2026-09-22T16:19:02.309682+00:00,2.0,0.69,5.0,BRONX,2.0,205.0
05 BRONX,HEAT/HOT WATER,6,2026-09-20,2026-09-22T16:19:02.309682+00:00,5.5,0.83,5.0,BRONX,2.0,205.0
05 BRONX,Illegal Dumping,3,2026-09-20,2026-09-22T16:19:02.309682+00:00,2.5,0.64,5.0,BRONX,2.0,205.0
05 BRONX,Illegal Parking,25,2026-09-20,2026-09-22T16:19:02.309682+00:00,20.0,0.34,5.0,BRONX,2.0,205.0
05 BRONX,Maintenance or Facility,1,2026-09-20,2026-09-22T16:19:02.309682+00:00,1.5,0.34,5.0,BRONX,2.0,205.0
05 BRONX,Noise,2,2026-09-20,2026-09-22T16:19:02.309682+00:00,3.0,0.55,5.0,BRONX,2.0,205.0
05 BRONX,Noise - Commercial,7,2026-09-20,2026-09-22T16:19:02.309682+00:00,5.5,0.51,5.0,BRONX,2.0,205.0
05 BRONX,Noise - Residential,64,2026-09-20,2026-09-22T16:19:02.309682+00:00,55.0,0.86,5.0,BRONX,2.0,205.0
05 BRONX,Noise - Street/Sidewalk,45,2026-09-20,2026-09-22T16:19:02.309682+00:00,55.0,0.98,5.0,BRONX,2.0,205.0
05 BRONX,Noise - Vehicle,7,2026-09-20,2026-09-22T16:19:02.309682+00:00,7.0,0.88,5.0,BRONX,2.0,205.0
05 BRONX,PAINT/PLASTER,10,2026-09-20,2026-09-22T16:19:02.309682+00:00,6.5,0.87,5.0,BRONX,2.0,205.0
05 BRONX,PLUMBING,8,2026-09-20,2026-09-22T16:19:02.309682+00:00,6.5,0.93,5.0,BRONX,2.0,205.0
05 BRONX,Plumbing,2,2026-09-20,2026-09-22T16:19:02.309682+00:00,2.0,1.0,5.0,BRONX,2.0,205.0
05 BRONX,Real Time Enforcement,1,2026-09-20,2026-09-22T16:19:02.309682+00:00,1.0,0.5,5.0,BRONX,2.0,205.0
05 BRONX,Special Projects Inspection Team (SPIT),2,2026-09-20,2026-09-22T16:19:02.309682+00:00,2.0,0.94,5.0,BRONX,2.0,205.0
05 BRONX,Street Condition,1,2026-09-20,2026-09-22T16:19:02.309682+00:00,2.0,0.31,5.0,BRONX,2.0,205.0
05 BRONX,Street Light Condition,1,2026-09-20,2026-09-22T16:19:02.309682+00:00,1.5,0.35,5.0,BRONX,2.0,205.0
05 BRONX,UNSANITARY CONDITION,9,2026-09-20,2026-09-22T16:19:02.309682+00:00,8.0,0.77,5.0,BRONX,2.0,205.0
05 BRONX,Vendor Enforcement,2,2026-09-20,2026-09-22T16:19:02.309682+00:00,4.5,0.87,5.0,BRONX,2.0,205.0
05 BRONX,WATER LEAK,4,2026-09-20,2026-09-22T16:19:02.309682+00:00,4.5,0.88,5.0,BRONX,2.0,205.0
05 BRONX,Water Conservation,1,2026-09-20,2026-09-22T16:19:02.309682+00:00,1.5,1.0,5.0,BRONX,2.0,205.0
05 BRONX,Water Maintenance,3,2026-09-20,2026-09-22T16:19:02.309682+00:00,3.0,0.72,5.0,BRONX,2.0,205.0
05 BROOKLYN,APPLIANCE,2,2026-09-20,2026-09-22T16:19:02.309682+00:00,1.5,0.44,5.0,BROOKLYN,3.0,305.0
05 BROOKLYN,Abandoned Vehicle,24,2026-09-20,2026-09-22T16:19:02.309682+00:00,20.5,1.0,5.0,BROOKLYN,3.0,305.0
05 BROOKLYN,Animal-Abuse,9,2026-09-20,2026-09-22T16:19:02.309682+00:00,9.5,1.0,5.0,BROOKLYN,3.0,305.0
05 BROOKLYN,Blocked Driveway,23,2026-09-20,2026-09-22T16:19:02.309682+00:00,16.5,0.82,5.0,BROOKLYN,3.0,305.0
05 BROOKLYN,Building/Use,2,2026-09-20,2026-09-22T16:19:02.309682+00:00,2.5,0.92,5.0,BROOKLYN,3.0,305.0
05 BROOKLYN,Consumer Complaint,2,2026-09-20,2026-09-22T16:19:02.309682+00:00,1.5,0.54,5.0,BROOKLYN,3.0,305.0
05 BROOKLYN,DOOR/WINDOW,1,2026-09-20,2026-09-22T16:19:02.309682+00:00,1.5,0.23,5.0,BROOKLYN,3.0,305.0
05 BROOKLYN,Damaged Tree,1,2026-09-20,2026-09-22T16:19:02.309682+00:00,1.0,0.19,5.0,BROOKLYN,3.0,305.0
05 BROOKLYN,Dead Animal,3,2026-09-20,2026-09-22T16:19:02.309682+00:00,2.0,0.7,5.0,BROOKLYN,3.0,305.0
05 BROOKLYN,Dirty Condition,1,2026-09-20,2026-09-22T16:19:02.309682+00:00,2.5,0.39,5.0,BROOKLYN,3.0,305.0
05 BROOKLYN,ELECTRIC,2,2026-09-20,2026-09-22T16:19:02.309682+00:00,5.0,0.92,5.0,BROOKLYN,3.0,305.0
05 BROOKLYN,Elevator,1,2026-09-20,2026-09-22T16:19:02.309682+00:00,1.5,0.65,5.0,BROOKLYN,3.0,305.0
05 BROOKLYN,Encampment,2,2026-09-20,2026-09-22T16:19:02.309682+00:00,2.5,0.51,5.0,BROOKLYN,3.0,305.0
05 BROOKLYN,For Hire Vehicle Complaint,1,2026-09-20,2026-09-22T16:19:02.309682+00:00,1.0,0.3,5.0,BROOKLYN,3.0,305.0
05 BROOKLYN,GENERAL,2,2026-09-20,2026-09-22T16:19:02.309682+00:00,1.5,0.47,5.0,BROOKLYN,3.0,305.0
05 BROOKLYN,HEAT/HOT WATER,4,2026-09-20,2026-09-22T16:19:02.309682+00:00,4.5,0.76,5.0,BROOKLYN,3.0,305.0
05 BROOKLYN,Illegal Dumping,1,2026-09-20,2026-09-22T16:19:02.309682+00:00,3.0,0.75,5.0,BROOKLYN,3.0,305.0
05 BROOKLYN,Illegal Parking,94,2026-09-20,2026-09-22T16:19:02.309682+00:00,79.0,0.98,5.0,BROOKLYN,3.0,305.0
05 BROOKLYN,Maintenance or Facility,1,2026-09-20,2026-09-22T16:19:02.309682+00:00,1.0,0.14,5.0,BROOKLYN,3.0,305.0
05 BROOKLYN,Missed Collection,2,2026-09-20,2026-09-22T16:19:02.309682+00:00,3.5,0.8,5.0,BROOKLYN,3.0,305.0
05 BROOKLYN,Noise - Commercial,3,2026-09-20,2026-09-22T16:19:02.309682+00:00,4.0,0.35,5.0,BROOKLYN,3.0,305.0
05 BROOKLYN,Noise - Residential,55,2026-09-20,2026-09-22T16:19:02.309682+00:00,65.0,0.93,5.0,BROOKLYN,3.0,305.0
05 BROOKLYN,Noise - Street/Sidewalk,8,2026-09-20,2026-09-22T16:19:02.309682+00:00,14.0,0.56,5.0,BROOKLYN,3.0,305.0
05 BROOKLYN,Noise - Vehicle,2,2026-09-20,2026-09-22T16:19:02.309682+00:00,4.5,0.72,5.0,BROOKLYN,3.0,305.0
05 BROOKLYN,Obstruction,1,2026-09-20,2026-09-22T16:19:02.309682+00:00,1.5,0.5,5.0,BROOKLYN,3.0,305.0
05 BROOKLYN,PAINT/PLASTER,4,2026-09-20,2026-09-22T16:19:02.309682+00:00,2.5,0.52,5.0,BROOKLYN,3.0,305.0
05 BROOKLYN,PLUMBING,10,2026-09-20,2026-09-22T16:19:02.309682+00:00,7.0,0.99,5.0,BROOKLYN,3.0,305.0
05 BROOKLYN,Residential Disposal Complaint,1,2026-09-20,2026-09-22T16:19:02.309682+00:00,1.0,0.2,5.0,BROOKLYN,3.0,305.0
05 BROOKLYN,Sewer Maintenance,2,2026-09-20,2026-09-22T16:19:02.309682+00:00,2.0,0.69,5.0,BROOKLYN,3.0,305.0
05 BROOKLYN,Smoking or Vaping,2,2026-09-20,2026-09-22T16:19:02.309682+00:00,2.0,0.78,5.0,BROOKLYN,3.0,305.0
05 BROOKLYN,Street Light Condition,6,2026-09-20,2026-09-22T16:19:02.309682+00:00,5.0,0.97,5.0,BROOKLYN,3.0,305.0
05 BROOKLYN,Traffic Signal Condition,1,2026-09-20,2026-09-22T16:19:02.309682+00:00,1.5,0.29,5.0,BROOKLYN,3.0,305.0
05 BROOKLYN,UNSANITARY CONDITION,11,2026-09-20,2026-09-22T16:19:02.309682+00:00,8.5,0.81,5.0,BROOKLYN,3.0,305.0
05 BROOKLYN,WATER LEAK,8,2026-09-20,2026-09-22T16:19:02.309682+00:00,6.5,1.0,5.0,BROOKLYN,3.0,305.0
05 BROOKLYN,Water Maintenance,2,2026-09-20,2026-09-22T16:19:02.309682+00:00,1.5,0.28,5.0,BROOKLYN,3.0,305.0
05 MANHATTAN,Blocked Driveway,2,2026-09-20,2026-09-22T16:19:02.309682+00:00,2.5,0.17,5.0,MANHATTAN,1.0,105.0
05 MANHATTAN,Consumer Complaint,5,2026-09-20,2026-09-22T16:19:02.309682+00:00,6.0,1.0,5.0,MANHATTAN,1.0,105.0
05 MANHATTAN,Dead Animal,1,2026-09-20,2026-09-22T16:19:02.309682+00:00,1.0,0.23,5.0,MANHATTAN,1.0,105.0
05 MANHATTAN,Dirty Condition,3,2026-09-20,2026-09-22T16:19:02.309682+00:00,3.5,0.6,5.0,MANHATTAN,1.0,105.0
05 MANHATTAN,Encampment,13,2026-09-20,2026-09-22T16:19:02.309682+00:00,19.5,1.0,5.0,MANHATTAN,1.0,105.0
05 MANHATTAN,Food Establishment,2,2026-09-20,2026-09-22T16:19:02.309682+00:00,2.0,0.78,5.0,MANHATTAN,1.0,105.0
05 MANHATTAN,Food Poisoning,2,2026-09-20,2026-09-22T16:19:02.309682+00:00,1.5,1.0,5.0,MANHATTAN,1.0,105.0
05 MANHATTAN,For Hire Vehicle Complaint,2,2026-09-20,2026-09-22T16:19:02.309682+00:00,3.5,0.91,5.0,MANHATTAN,1.0,105.0
05 MANHATTAN,General Construction/Plumbing,1,2026-09-20,2026-09-22T16:19:02.309682+00:00,1.0,0.2,5.0,MANHATTAN,1.0,105.0
05 MANHATTAN,Graffiti,1,2026-09-20,2026-09-22T16:19:02.309682+00:00,1.0,0.18,5.0,MANHATTAN,1.0,105.0
05 MANHATTAN,HEAT/HOT WATER,2,2026-09-20,2026-09-22T16:19:02.309682+00:00,3.0,0.56,5.0,MANHATTAN,1.0,105.0
05 MANHATTAN,Homeless Person Assistance,8,2026-09-20,2026-09-22T16:19:02.309682+00:00,17.5,1.0,5.0,MANHATTAN,1.0,105.0
05 MANHATTAN,Illegal Dumping,2,2026-09-20,2026-09-22T16:19:02.309682+00:00,2.5,0.64,5.0,MANHATTAN,1.0,105.0
05 MANHATTAN,Illegal Parking,11,2026-09-20,2026-09-22T16:19:02.309682+00:00,20.0,0.34,5.0,MANHATTAN,1.0,105.0
05 MANHATTAN,Lead,1,2026-09-20,2026-09-22T16:19:02.309682+00:00,1.0,0.22,5.0,MANHATTAN,1.0,105.0
05 MANHATTAN,Lost Property,5,2026-09-20,2026-09-22T16:19:02.309682+00:00,4.5,1.0,5.0,MANHATTAN,1.0,105.0
05 MANHATTAN,Missed Collection,1,2026-09-20,2026-09-22T16:19:02.309682+00:00,1.5,0.24,5.0,MANHATTAN,1.0,105.0
05 MANHATTAN,Noise,3,2026-09-20,2026-09-22T16:19:02.309682+00:00,4.0,0.65,5.0,MANHATTAN,1.0,105.0
05 MANHATTAN,Noise - Commercial,2,2026-09-20,2026-09-22T16:19:02.309682+00:00,2.5,0.19,5.0,MANHATTAN,1.0,105.0
05 MANHATTAN,Noise - Residential,9,2026-09-20,2026-09-22T16:19:02.309682+00:00,9.5,0.11,5.0,MANHATTAN,1.0,105.0
05 MANHATTAN,Noise - Street/Sidewalk,22,2026-09-20,2026-09-22T16:19:02.309682+00:00,15.0,0.62,5.0,MANHATTAN,1.0,105.0
05 MANHATTAN,Noise - Vehicle,5,2026-09-20,2026-09-22T16:19:02.309682+00:00,6.0,0.81,5.0,MANHATTAN,1.0,105.0
05 MANHATTAN,Non-Emergency Police Matter,1,2026-09-20,2026-09-22T16:19:02.309682+00:00,5.0,0.97,5.0,MANHATTAN,1.0,105.0
05 MANHATTAN,Panhandling,3,2026-09-20,2026-09-22T16:19:02.309682+00:00,3.0,0.78,5.0,MANHATTAN,1.0,105.0
05 MANHATTAN,Sewer Maintenance,1,2026-09-20,2026-09-22T16:19:02.309682+00:00,1.5,0.47,5.0,MANHATTAN,1.0,105.0
05 MANHATTAN,Sidewalk Condition,2,2026-09-20,2026-09-22T16:19:02.309682+00:00,1.5,0.43,5.0,MANHATTAN,1.0,105.0
05 MANHATTAN,Street Condition,2,2026-09-20,2026-09-22T16:19:02.309682+00:00,3.0,0.52,5.0,MANHATTAN,1.0,105.0
05 MANHATTAN,Street Sign - Missing,1,2026-09-20,2026-09-22T16:19:02.309682+00:00,1.0,0.6,5.0,MANHATTAN,1.0,105.0
05 MANHATTAN,Taxi Complaint,6,2026-09-20,2026-09-22T16:19:02.309682+00:00,5.5,0.9,5.0,MANHATTAN,1.0,105.0
05 MANHATTAN,Unleashed Dog,1,2026-09-20,2026-09-22T16:19:02.309682+00:00,1.0,0.67,5.0,MANHATTAN,1.0,105.0
05 MANHATTAN,Vendor Enforcement,3,2026-09-20,2026-09-22T16:19:02.309682+00:00,3.5,0.77,5.0,MANHATTAN,1.0,105.0
05 MANHATTAN,Violation of Park Rules,3,2026-09-20,2026-09-22T16:19:02.309682+00:00,4.0,1.0,5.0,MANHATTAN,1.0,105.0
05 MANHATTAN,Water Maintenance,2,2026-09-20,2026-09-22T16:19:02.309682+00:00,2.0,0.45,5.0,MANHATTAN,1.0,105.0
05 QUEENS,Abandoned Vehicle,7,2026-09-20,2026-09-22T16:19:02.309682+00:00,14.5,0.97,5.0,QUEENS,4.0,405.0
05 QUEENS,Animal in a Park,1,2026-09-20,2026-09-22T16:19:02.309682+00:00,1.0,0.4,5.0,QUEENS,4.0,405.0
05 QUEENS,Blocked Driveway,21,2026-09-20,2026-09-22T16:19:02.309682+00:00,28.0,0.97,5.0,QUEENS,4.0,405.0
05 QUEENS,Boilers,1,2026-09-20,2026-09-22T16:19:02.309682+00:00,1.0,0.5,5.0,QUEENS,4.0,405.0
05 QUEENS,Building/Use,2,2026-09-20,2026-09-22T16:19:02.309682+00:00,2.0,0.8,5.0,QUEENS,4.0,405.0
05 QUEENS,Consumer Complaint,1,2026-09-20,2026-09-22T16:19:02.309682+00:00,1.0,0.2,5.0,QUEENS,4.0,405.0
05 QUEENS,Damaged Tree,5,2026-09-20,2026-09-22T16:19:02.309682+00:00,3.5,0.91,5.0,QUEENS,4.0,405.0
05 QUEENS,Dead Animal,1,2026-09-20,2026-09-22T16:19:02.309682+00:00,2.0,0.7,5.0,QUEENS,4.0,405.0
05 QUEENS,Dirty Condition,4,2026-09-20,2026-09-22T16:19:02.309682+00:00,3.0,0.5,5.0,QUEENS,4.0,405.0
05 QUEENS,Drinking,1,2026-09-20,2026-09-22T16:19:02.309682+00:00,1.0,0.33,5.0,QUEENS,4.0,405.0
05 QUEENS,ELECTRIC,1,2026-09-20,2026-09-22T16:19:02.309682+00:00,1.0,0.2,5.0,QUEENS,4.0,405.0
05 QUEENS,Emergency Response Team (ERT),1,2026-09-20,2026-09-22T16:19:02.309682+00:00,1.0,0.33,5.0,QUEENS,4.0,405.0
05 QUEENS,Encampment,2,2026-09-20,2026-09-22T16:19:02.309682+00:00,2.5,0.51,5.0,QUEENS,4.0,405.0
05 QUEENS,Food Establishment,3,2026-09-20,2026-09-22T16:19:02.309682+00:00,2.0,0.78,5.0,QUEENS,4.0,405.0
05 QUEENS,Food Poisoning,1,2026-09-20,2026-09-22T16:19:02.309682+00:00,1.0,0.5,5.0,QUEENS,4.0,405.0
05 QUEENS,GENERAL,1,2026-09-20,2026-09-22T16:19:02.309682+00:00,1.0,0.18,5.0,QUEENS,4.0,405.0
05 QUEENS,General Construction/Plumbing,3,2026-09-20,2026-09-22T16:19:02.309682+00:00,3.0,0.88,5.0,QUEENS,4.0,405.0
05 QUEENS,HEAT/HOT WATER,2,2026-09-20,2026-09-22T16:19:02.309682+00:00,2.0,0.38,5.0,QUEENS,4.0,405.0
05 QUEENS,Hazardous Material,1,2026-09-20,2026-09-22T16:19:02.309682+00:00,1.0,0.5,5.0,QUEENS,4.0,405.0
05 QUEENS,Homeless Person Assistance,2,2026-09-20,2026-09-22T16:19:02.309682+00:00,1.5,0.36,5.0,QUEENS,4.0,405.0
05 QUEENS,Illegal Dumping,6,2026-09-20,2026-09-22T16:19:02.309682+00:00,5.5,0.99,5.0,QUEENS,4.0,405.0
05 QUEENS,Illegal Parking,71,2026-09-20,2026-09-22T16:19:02.309682+00:00,72.5,0.97,5.0,QUEENS,4.0,405.0
05 QUEENS,Illegal Posting,15,2026-09-20,2026-09-22T16:19:02.309682+00:00,10.0,1.0,5.0,QUEENS,4.0,405.0
05 QUEENS,Lead,1,2026-09-20,2026-09-22T16:19:02.309682+00:00,1.0,0.22,5.0,QUEENS,4.0,405.0
05 QUEENS,Maintenance or Facility,1,2026-09-20,2026-09-22T16:19:02.309682+00:00,1.0,0.14,5.0,QUEENS,4.0,405.0
05 QUEENS,Missed Collection,1,2026-09-20,2026-09-22T16:19:02.309682+00:00,2.0,0.37,5.0,QUEENS,4.0,405.0
05 QUEENS,Noise,1,2026-09-20,2026-09-22T16:19:02.309682+00:00,4.0,0.65,5.0,QUEENS,4.0,405.0
05 QUEENS,Noise - Commercial,11,2026-09-20,2026-09-22T16:19:02.309682+00:00,12.0,0.76,5.0,QUEENS,4.0,405.0
05 QUEENS,Noise - Park,1,2026-09-20,2026-09-22T16:19:02.309682+00:00,1.5,0.19,5.0,QUEENS,4.0,405.0
05 QUEENS,Noise - Residential,15,2026-09-20,2026-09-22T16:19:02.309682+00:00,24.5,0.4,5.0,QUEENS,4.0,405.0
05 QUEENS,Noise - Street/Sidewalk,16,2026-09-20,2026-09-22T16:19:02.309682+00:00,12.5,0.48,5.0,QUEENS,4.0,405.0
05 QUEENS,Noise - Vehicle,2,2026-09-20,2026-09-22T16:19:02.309682+00:00,1.5,0.18,5.0,QUEENS,4.0,405.0
05 QUEENS,Non-Emergency Police Matter,1,2026-09-20,2026-09-22T16:19:02.309682+00:00,1.0,0.12,5.0,QUEENS,4.0,405.0
05 QUEENS,Overgrown Tree/Branches,2,2026-09-20,2026-09-22T16:19:02.309682+00:00,2.0,0.68,5.0,QUEENS,4.0,405.0
05 QUEENS,Real Time Enforcement,1,2026-09-20,2026-09-22T16:19:02.309682+00:00,1.0,0.5,5.0,QUEENS,4.0,405.0
05 QUEENS,Residential Disposal Complaint,5,2026-09-20,2026-09-22T16:19:02.309682+00:00,3.5,0.96,5.0,QUEENS,4.0,405.0
05 QUEENS,Rodent,2,2026-09-20,2026-09-22T16:19:02.309682+00:00,1.5,0.44,5.0,QUEENS,4.0,405.0
05 QUEENS,Root/Sewer/Sidewalk Condition,1,2026-09-20,2026-09-22T16:19:02.309682+00:00,1.0,0.17,5.0,QUEENS,4.0,405.0
05 QUEENS,Sewer Maintenance,1,2026-09-20,2026-09-22T16:19:02.309682+00:00,1.5,0.47,5.0,QUEENS,4.0,405.0
05 QUEENS,Street Condition,13,2026-09-20,2026-09-22T16:19:02.309682+00:00,10.5,0.98,5.0,QUEENS,4.0,405.0
05 QUEENS,Street Light Condition,1,2026-09-20,2026-09-22T16:19:02.309682+00:00,2.5,0.73,5.0,QUEENS,4.0,405.0
05 QUEENS,Street Sign - Damaged,1,2026-09-20,2026-09-22T16:19:02.309682+00:00,1.0,0.43,5.0,QUEENS,4.0,405.0
05 QUEENS,Street Sign - Missing,1,2026-09-20,2026-09-22T16:19:02.309682+00:00,1.0,0.6,5.0,QUEENS,4.0,405.0
05 QUEENS,Street Sweeping Complaint,1,2026-09-20,2026-09-22T16:19:02.309682+00:00,1.0,0.67,5.0,QUEENS,4.0,405.0
05 QUEENS,Traffic,2,2026-09-20,2026-09-22T16:19:02.309682+00:00,1.5,0.64,5.0,QUEENS,4.0,405.0
05 QUEENS,Traffic Signal Condition,3,2026-09-20,2026-09-22T16:19:02.309682+00:00,2.5,0.69,5.0,QUEENS,4.0,405.0
05 QUEENS,UNSANITARY CONDITION,3,2026-09-20,2026-09-22T16:19:02.309682+00:00,2.0,0.17,5.0,QUEENS,4.0,405.0
05 QUEENS,Unsanitary Pigeon Condition,1,2026-09-20,2026-09-22T16:19:02.309682+00:00,1.0,0.62,5.0,QUEENS,4.0,405.0
05 QUEENS,Vendor Enforcement,1,2026-09-20,2026-09-22T16:19:02.309682+00:00,1.0,0.17,5.0,QUEENS,4.0,405.0
05 QUEENS,WATER LEAK,1,2026-09-20,2026-09-22T16:19:02.309682+00:00,2.0,0.5,5.0,QUEENS,4.0,405.0
05 QUEENS,Water Maintenance,1,2026-09-20,2026-09-22T16:19:02.309682+00:00,3.5,0.81,5.0,QUEENS,4.0,405.0
06 BRONX,APPLIANCE,2,2026-09-20,2026-09-22T16:19:02.309682+00:00,5.0,1.0,6.0,BRONX,2.0,206.0
06 BRONX,Animal in a Park,1,2026-09-20,2026-09-22T16:19:02.309682+00:00,1.0,0.4,6.0,BRONX,2.0,206.0
06 BRONX,Blocked Driveway,4,2026-09-20,2026-09-22T16:19:02.309682+00:00,5.0,0.37,6.0,BRONX,2.0,206.0
06 BRONX,Consumer Complaint,1,2026-09-20,2026-09-22T16:19:02.309682+00:00,1.5,0.54,6.0,BRONX,2.0,206.0
06 BRONX,DOOR/WINDOW,3,2026-09-20,2026-09-22T16:19:02.309682+00:00,2.5,0.56,6.0,BRONX,2.0,206.0
06 BRONX,ELECTRIC,2,2026-09-20,2026-09-22T16:19:02.309682+00:00,2.5,0.72,6.0,BRONX,2.0,206.0
06 BRONX,Encampment,1,2026-09-20,2026-09-22T16:19:02.309682+00:00,1.5,0.19,6.0,BRONX,2.0,206.0
06 BRONX,FLOORING/STAIRS,3,2026-09-20,2026-09-22T16:19:02.309682+00:00,2.5,0.65,6.0,BRONX,2.0,206.0
06 BRONX,General Construction/Plumbing,1,2026-09-20,2026-09-22T16:19:02.309682+00:00,1.5,0.48,6.0,BRONX,2.0,206.0
06 BRONX,HEAT/HOT WATER,5,2026-09-20,2026-09-22T16:19:02.309682+00:00,7.0,0.91,6.0,BRONX,2.0,206.0
06 BRONX,Illegal Parking,7,2026-09-20,2026-09-22T16:19:02.309682+00:00,7.0,0.11,6.0,BRONX,2.0,206.0
06 BRONX,Lost Property,1,2026-09-20,2026-09-22T16:19:02.309682+00:00,1.0,0.17,6.0,BRONX,2.0,206.0
06 BRONX,Missed Collection,1,2026-09-20,2026-09-22T16:19:02.309682+00:00,2.5,0.55,6.0,BRONX,2.0,206.0
06 BRONX,Noise,2,2026-09-20,2026-09-22T16:19:02.309682+00:00,1.5,0.25,6.0,BRONX,2.0,206.0
06 BRONX,Noise - Commercial,6,2026-09-20,2026-09-22T16:19:02.309682+00:00,4.5,0.42,6.0,BRONX,2.0,206.0
06 BRONX,Noise - Residential,55,2026-09-20,2026-09-22T16:19:02.309682+00:00,41.5,0.74,6.0,BRONX,2.0,206.0
06 BRONX,Noise - Street/Sidewalk,37,2026-09-20,2026-09-22T16:19:02.309682+00:00,53.0,0.97,6.0,BRONX,2.0,206.0
06 BRONX,Noise - Vehicle,4,2026-09-20,2026-09-22T16:19:02.309682+00:00,6.0,0.81,6.0,BRONX,2.0,206.0
06 BRONX,PAINT/PLASTER,2,2026-09-20,2026-09-22T16:19:02.309682+00:00,5.0,0.82,6.0,BRONX,2.0,206.0
06 BRONX,PLUMBING,3,2026-09-20,2026-09-22T16:19:02.309682+00:00,2.5,0.39,6.0,BRONX,2.0,206.0
06 BRONX,Panhandling,2,2026-09-20,2026-09-22T16:19:02.309682+00:00,1.5,0.5,6.0,BRONX,2.0,206.0
06 BRONX,Rodent,1,2026-09-20,2026-09-22T16:19:02.309682+00:00,1.0,0.18,6.0,BRONX,2.0,206.0
06 BRONX,Sidewalk Condition,1,2026-09-20,2026-09-22T16:19:02.309682+00:00,1.5,0.43,6.0,BRONX,2.0,206.0
06 BRONX,Street Condition,1,2026-09-20,2026-09-22T16:19:02.309682+00:00,1.5,0.18,6.0,BRONX,2.0,206.0
06 BRONX,Street Light Condition,2,2026-09-20,2026-09-22T16:19:02.309682+00:00,3.5,0.88,6.0,BRONX,2.0,206.0
06 BRONX,UNSANITARY CONDITION,11,2026-09-20,2026-09-22T16:19:02.309682+00:00,11.0,0.91,6.0,BRONX,2.0,206.0
06 BRONX,Unleashed Dog,1,2026-09-20,2026-09-22T16:19:02.309682+00:00,1.0,0.67,6.0,BRONX,2.0,206.0
06 BRONX,Unsanitary Animal Pvt Property,1,2026-09-20,2026-09-22T16:19:02.309682+00:00,1.0,0.56,6.0,BRONX,2.0,206.0
06 BRONX,WATER LEAK,3,2026-09-20,2026-09-22T16:19:02.309682+00:00,4.5,0.88,6.0,BRONX,2.0,206.0
06 BRONX,Water Maintenance,2,2026-09-20,2026-09-22T16:19:02.309682+00:00,2.0,0.45,6.0,BRONX,2.0,206.0
06 BROOKLYN,APPLIANCE,2,2026-09-20,2026-09-22T16:19:02.309682+00:00,2.0,0.76,6.0,BROOKLYN,3.0,306.0
06 BROOKLYN,Abandoned Vehicle,1,2026-09-20,2026-09-22T16:19:02.309682+00:00,1.5,0.27,6.0,BROOKLYN,3.0,306.0
06 BROOKLYN,Air Quality,1,2026-09-20,2026-09-22T16:19:02.309682+00:00,1.5,0.65,6.0,BROOKLYN,3.0,306.0
06 BROOKLYN,Bike/Roller/Skate,1,2026-09-20,2026-09-22T16:19:02.309682+00:00,1.0,0.75,6.0,BROOKLYN,3.0,306.0
06 BROOKLYN,Construction Lead Dust,1,2026-09-20,2026-09-22T16:19:02.309682+00:00,1.0,0.67,6.0,BROOKLYN,3.0,306.0
06 BROOKLYN,Curb Condition,2,2026-09-20,2026-09-22T16:19:02.309682+00:00,2.5,1.0,6.0,BROOKLYN,3.0,306.0
06 BROOKLYN,DOOR/WINDOW,2,2026-09-20,2026-09-22T16:19:02.309682+00:00,1.5,0.23,6.0,BROOKLYN,3.0,306.0
06 BROOKLYN,Dirty Condition,5,2026-09-20,2026-09-22T16:19:02.309682+00:00,8.5,0.97,6.0,BROOKLYN,3.0,306.0
06 BROOKLYN,ELECTRIC,1,2026-09-20,2026-09-22T16:19:02.309682+00:00,1.0,0.2,6.0,BROOKLYN,3.0,306.0
06 BROOKLYN,Encampment,1,2026-09-20,2026-09-22T16:19:02.309682+00:00,1.5,0.19,6.0,BROOKLYN,3.0,306.0
06 BROOKLYN,HEAT/HOT WATER,1,2026-09-20,2026-09-22T16:19:02.309682+00:00,1.0,0.12,6.0,BROOKLYN,3.0,306.0
06 BROOKLYN,Illegal Dumping,3,2026-09-20,2026-09-22T16:19:02.309682+00:00,3.0,0.75,6.0,BROOKLYN,3.0,306.0
06 BROOKLYN,Illegal Parking,28,2026-09-20,2026-09-22T16:19:02.309682+00:00,34.0,0.7,6.0,BROOKLYN,3.0,306.0
06 BROOKLYN,Indoor Air Quality,2,2026-09-20,2026-09-22T16:19:02.309682+00:00,1.5,0.69,6.0,BROOKLYN,3.0,306.0
06 BROOKLYN,Lead,1,2026-09-20,2026-09-22T16:19:02.309682+00:00,2.0,0.81,6.0,BROOKLYN,3.0,306.0
06 BROOKLYN,Missed Collection,2,2026-09-20,2026-09-22T16:19:02.309682+00:00,2.5,0.55,6.0,BROOKLYN,3.0,306.0
06 BROOKLYN,Noise,5,2026-09-20,2026-09-22T16:19:02.309682+00:00,7.0,0.9,6.0,BROOKLYN,3.0,306.0
06 BROOKLYN,Noise - Commercial,3,2026-09-20,2026-09-22T16:19:02.309682+00:00,6.0,0.57,6.0,BROOKLYN,3.0,306.0
06 BROOKLYN,Noise - Residential,9,2026-09-20,2026-09-22T16:19:02.309682+00:00,11.0,0.13,6.0,BROOKLYN,3.0,306.0
06 BROOKLYN,Noise - Street/Sidewalk,9,2026-09-20,2026-09-22T16:19:02.309682+00:00,14.0,0.56,6.0,BROOKLYN,3.0,306.0
06 BROOKLYN,Non-Emergency Police Matter,3,2026-09-20,2026-09-22T16:19:02.309682+00:00,3.5,0.83,6.0,BROOKLYN,3.0,306.0
06 BROOKLYN,Overgrown Tree/Branches,1,2026-09-20,2026-09-22T16:19:02.309682+00:00,1.0,0.18,6.0,BROOKLYN,3.0,306.0
06 BROOKLYN,Rodent,1,2026-09-20,2026-09-22T16:19:02.309682+00:00,2.0,0.63,6.0,BROOKLYN,3.0,306.0
06 BROOKLYN,Root/Sewer/Sidewalk Condition,1,2026-09-20,2026-09-22T16:19:02.309682+00:00,1.5,0.5,6.0,BROOKLYN,3.0,306.0
06 BROOKLYN,Sewer Maintenance,4,2026-09-20,2026-09-22T16:19:02.309682+00:00,2.5,0.89,6.0,BROOKLYN,3.0,306.0
06 BROOKLYN,Street Condition,1,2026-09-20,2026-09-22T16:19:02.309682+00:00,2.0,0.31,6.0,BROOKLYN,3.0,306.0
06 BROOKLYN,Street Light Condition,1,2026-09-20,2026-09-22T16:19:02.309682+00:00,1.0,0.12,6.0,BROOKLYN,3.0,306.0
06 BROOKLYN,UNSANITARY CONDITION,1,2026-09-20,2026-09-22T16:19:02.309682+00:00,3.0,0.35,6.0,BROOKLYN,3.0,306.0
06 BROOKLYN,Urinating in Public,1,2026-09-20,2026-09-22T16:19:02.309682+00:00,1.0,0.67,6.0,BROOKLYN,3.0,306.0
06 BROOKLYN,WATER LEAK,2,2026-09-20,2026-09-22T16:19:02.309682+00:00,2.0,0.5,6.0,BROOKLYN,3.0,306.0
06 BROOKLYN,Water Maintenance,2,2026-09-20,2026-09-22T16:19:02.309682+00:00,3.0,0.72,6.0,BROOKLYN,3.0,306.0
06 MANHATTAN,Abandoned Vehicle,1,2026-09-20,2026-09-22T16:19:02.309682+00:00,1.5,0.27,6.0,MANHATTAN,1.0,106.0
06 MANHATTAN,Blocked Driveway,1,2026-09-20,2026-09-22T16:19:02.309682+00:00,1.0,0.04,6.0,MANHATTAN,1.0,106.0
06 MANHATTAN,Consumer Complaint,5,2026-09-20,2026-09-22T16:19:02.309682+00:00,3.0,0.96,6.0,MANHATTAN,1.0,106.0
06 MANHATTAN,Damaged Tree,1,2026-09-20,2026-09-22T16:19:02.309682+00:00,1.5,0.45,6.0,MANHATTAN,1.0,106.0
06 MANHATTAN,Dirty Condition,2,2026-09-20,2026-09-22T16:19:02.309682+00:00,3.5,0.6,6.0,MANHATTAN,1.0,106.0
06 MANHATTAN,Emergency Response Team (ERT),1,2026-09-20,2026-09-22T16:19:02.309682+00:00,2.0,0.94,6.0,MANHATTAN,1.0,106.0
06 MANHATTAN,Encampment,2,2026-09-20,2026-09-22T16:19:02.309682+00:00,7.0,0.86,6.0,MANHATTAN,1.0,106.0
06 MANHATTAN,GENERAL,1,2026-09-20,2026-09-22T16:19:02.309682+00:00,1.0,0.18,6.0,MANHATTAN,1.0,106.0
06 MANHATTAN,General Construction/Plumbing,1,2026-09-20,2026-09-22T16:19:02.309682+00:00,1.0,0.2,6.0,MANHATTAN,1.0,106.0
06 MANHATTAN,Graffiti,2,2026-09-20,2026-09-22T16:19:02.309682+00:00,4.5,0.96,6.0,MANHATTAN,1.0,106.0
06 MANHATTAN,Hazardous Material,1,2026-09-20,2026-09-22T16:19:02.309682+00:00,1.0,0.5,6.0,MANHATTAN,1.0,106.0
06 MANHATTAN,Homeless Person Assistance,4,2026-09-20,2026-09-22T16:19:02.309682+00:00,6.0,0.86,6.0,MANHATTAN,1.0,106.0
06 MANHATTAN,Illegal Parking,9,2026-09-20,2026-09-22T16:19:02.309682+00:00,9.0,0.13,6.0,MANHATTAN,1.0,106.0
06 MANHATTAN,Indoor Air Quality,1,2026-09-20,2026-09-22T16:19:02.309682+00:00,1.5,0.69,6.0,MANHATTAN,1.0,106.0
06 MANHATTAN,Industrial Waste,1,2026-09-20,2026-09-22T16:19:02.309682+00:00,1.0,0.62,6.0,MANHATTAN,1.0,106.0
06 MANHATTAN,Lead,1,2026-09-20,2026-09-22T16:19:02.309682+00:00,1.5,0.58,6.0,MANHATTAN,1.0,106.0
06 MANHATTAN,Litter Basket Request,5,2026-09-20,2026-09-22T16:19:02.309682+00:00,3.0,1.0,6.0,MANHATTAN,1.0,106.0
06 MANHATTAN,Maintenance or Facility,3,2026-09-20,2026-09-22T16:19:02.309682+00:00,4.5,0.94,6.0,MANHATTAN,1.0,106.0
06 MANHATTAN,Noise,2,2026-09-20,2026-09-22T16:19:02.309682+00:00,6.0,0.85,6.0,MANHATTAN,1.0,106.0
06 MANHATTAN,Noise - Commercial,1,2026-09-20,2026-09-22T16:19:02.309682+00:00,5.5,0.51,6.0,MANHATTAN,1.0,106.0
06 MANHATTAN,Noise - Residential,17,2026-09-20,2026-09-22T16:19:02.309682+00:00,21.5,0.37,6.0,MANHATTAN,1.0,106.0
06 MANHATTAN,Noise - Street/Sidewalk,18,2026-09-20,2026-09-22T16:19:02.309682+00:00,12.0,0.47,6.0,MANHATTAN,1.0,106.0
06 MANHATTAN,Noise - Vehicle,2,2026-09-20,2026-09-22T16:19:02.309682+00:00,3.0,0.58,6.0,MANHATTAN,1.0,106.0
06 MANHATTAN,Obstruction,2,2026-09-20,2026-09-22T16:19:02.309682+00:00,1.5,0.5,6.0,MANHATTAN,1.0,106.0
06 MANHATTAN,Panhandling,1,2026-09-20,2026-09-22T16:19:02.309682+00:00,1.5,0.5,6.0,MANHATTAN,1.0,106.0
06 MANHATTAN,Residential Disposal Complaint,1,2026-09-20,2026-09-22T16:19:02.309682+00:00,1.0,0.2,6.0,MANHATTAN,1.0,106.0
06 MANHATTAN,Sewer Maintenance,1,2026-09-20,2026-09-22T16:19:02.309682+00:00,1.0,0.18,6.0,MANHATTAN,1.0,106.0
06 MANHATTAN,Sidewalk Condition,1,2026-09-20,2026-09-22T16:19:02.309682+00:00,1.5,0.43,6.0,MANHATTAN,1.0,106.0
06 MANHATTAN,Special Projects Inspection Team (SPIT),1,2026-09-20,2026-09-22T16:19:02.309682+00:00,2.0,0.94,6.0,MANHATTAN,1.0,106.0
06 MANHATTAN,Street Condition,3,2026-09-20,2026-09-22T16:19:02.309682+00:00,3.0,0.52,6.0,MANHATTAN,1.0,106.0
06 MANHATTAN,Traffic,1,2026-09-20,2026-09-22T16:19:02.309682+00:00,1.0,0.25,6.0,MANHATTAN,1.0,106.0
06 MANHATTAN,UNSANITARY CONDITION,1,2026-09-20,2026-09-22T16:19:02.309682+00:00,1.0,0.03,6.0,MANHATTAN,1.0,106.0
06 MANHATTAN,Urinating in Public,1,2026-09-20,2026-09-22T16:19:02.309682+00:00,1.0,0.67,6.0,MANHATTAN,1.0,106.0
06 MANHATTAN,Water Maintenance,4,2026-09-20,2026-09-22T16:19:02.309682+00:00,3.0,0.72,6.0,MANHATTAN,1.0,106.0
06 QUEENS,Blocked Driveway,6,2026-09-20,2026-09-22T16:19:02.309682+00:00,4.5,0.31,6.0,QUEENS,4.0,406.0
06 QUEENS,Dead/Dying Tree,1,2026-09-20,2026-09-22T16:19:02.309682+00:00,1.0,0.3,6.0,QUEENS,4.0,406.0
06 QUEENS,Dirty Condition,1,2026-09-20,2026-09-22T16:19:02.309682+00:00,1.5,0.13,6.0,QUEENS,4.0,406.0
06 QUEENS,ELEVATOR,1,2026-09-20,2026-09-22T16:19:02.309682+00:00,1.5,0.62,6.0,QUEENS,4.0,406.0
06 QUEENS,Elevator,1,2026-09-20,2026-09-22T16:19:02.309682+00:00,1.5,0.65,6.0,QUEENS,4.0,406.0
06 QUEENS,For Hire Vehicle Complaint,1,2026-09-20,2026-09-22T16:19:02.309682+00:00,1.0,0.3,6.0,QUEENS,4.0,406.0
06 QUEENS,Illegal Dumping,2,2026-09-20,2026-09-22T16:19:02.309682+00:00,1.5,0.31,6.0,QUEENS,4.0,406.0
06 QUEENS,Illegal Parking,21,2026-09-20,2026-09-22T16:19:02.309682+00:00,23.0,0.48,6.0,QUEENS,4.0,406.0
06 QUEENS,Illegal Posting,1,2026-09-20,2026-09-22T16:19:02.309682+00:00,1.0,0.42,6.0,QUEENS,4.0,406.0
06 QUEENS,Missed Collection,3,2026-09-20,2026-09-22T16:19:02.309682+00:00,4.5,0.89,6.0,QUEENS,4.0,406.0
06 QUEENS,Noise - Commercial,1,2026-09-20,2026-09-22T16:19:02.309682+00:00,6.0,0.57,6.0,QUEENS,4.0,406.0
06 QUEENS,Noise - Residential,15,2026-09-20,2026-09-22T16:19:02.309682+00:00,16.5,0.29,6.0,QUEENS,4.0,406.0
06 QUEENS,Noise - Street/Sidewalk,5,2026-09-20,2026-09-22T16:19:02.309682+00:00,4.0,0.13,6.0,QUEENS,4.0,406.0
06 QUEENS,Noise - Vehicle,1,2026-09-20,2026-09-22T16:19:02.309682+00:00,1.5,0.18,6.0,QUEENS,4.0,406.0
06 QUEENS,Non-Emergency Police Matter,8,2026-09-20,2026-09-22T16:19:02.309682+00:00,6.5,1.0,6.0,QUEENS,4.0,406.0
06 QUEENS,PAINT/PLASTER,2,2026-09-20,2026-09-22T16:19:02.309682+00:00,1.5,0.19,6.0,QUEENS,4.0,406.0
06 QUEENS,Smoking or Vaping,2,2026-09-20,2026-09-22T16:19:02.309682+00:00,1.5,0.56,6.0,QUEENS,4.0,406.0
06 QUEENS,Street Condition,4,2026-09-20,2026-09-22T16:19:02.309682+00:00,3.5,0.66,6.0,QUEENS,4.0,406.0
06 QUEENS,UNSANITARY CONDITION,1,2026-09-20,2026-09-22T16:19:02.309682+00:00,4.0,0.48,6.0,QUEENS,4.0,406.0
06 QUEENS,WATER LEAK,2,2026-09-20,2026-09-22T16:19:02.309682+00:00,2.0,0.5,6.0,QUEENS,4.0,406.0
06 QUEENS,X-Ray Machine/Equipment,1,2026-09-20,2026-09-22T16:19:02.309682+00:00,1.0,1.0,6.0,QUEENS,4.0,406.0
07 BRONX,APPLIANCE,1,2026-09-20,2026-09-22T16:19:02.309682+00:00,1.5,0.44,7.0,BRONX,2.0,207.0
07 BRONX,Air Quality,1,2026-09-20,2026-09-22T16:19:02.309682+00:00,1.5,0.65,7.0,BRONX,2.0,207.0
07 BRONX,Blocked Driveway,10,2026-09-20,2026-09-22T16:19:02.309682+00:00,9.0,0.62,7.0,BRONX,2.0,207.0
07 BRONX,Boilers,2,2026-09-20,2026-09-22T16:19:02.309682+00:00,1.5,1.0,7.0,BRONX,2.0,207.0
07 BRONX,Consumer Complaint,1,2026-09-20,2026-09-22T16:19:02.309682+00:00,1.0,0.2,7.0,BRONX,2.0,207.0
07 BRONX,DOOR/WINDOW,5,2026-09-20,2026-09-22T16:19:02.309682+00:00,5.0,0.92,7.0,BRONX,2.0,207.0
07 BRONX,Dirty Condition,3,2026-09-20,2026-09-22T16:19:02.309682+00:00,2.0,0.27,7.0,BRONX,2.0,207.0
07 BRONX,Drinking,2,2026-09-20,2026-09-22T16:19:02.309682+00:00,2.5,0.87,7.0,BRONX,2.0,207.0
07 BRONX,ELECTRIC,1,2026-09-20,2026-09-22T16:19:02.309682+00:00,1.5,0.5,7.0,BRONX,2.0,207.0
07 BRONX,Elevator,1,2026-09-20,2026-09-22T16:19:02.309682+00:00,1.0,0.28,7.0,BRONX,2.0,207.0
07 BRONX,FLOORING/STAIRS,4,2026-09-20,2026-09-22T16:19:02.309682+00:00,7.0,1.0,7.0,BRONX,2.0,207.0
07 BRONX,GENERAL,1,2026-09-20,2026-09-22T16:19:02.309682+00:00,1.5,0.47,7.0,BRONX,2.0,207.0
07 BRONX,General Construction/Plumbing,1,2026-09-20,2026-09-22T16:19:02.309682+00:00,1.0,0.2,7.0,BRONX,2.0,207.0
07 BRONX,HEAT/HOT WATER,16,2026-09-20,2026-09-22T16:19:02.309682+00:00,10.5,0.97,7.0,BRONX,2.0,207.0
07 BRONX,Illegal Parking,33,2026-09-20,2026-09-22T16:19:02.309682+00:00,24.0,0.52,7.0,BRONX,2.0,207.0
07 BRONX,Indoor Air Quality,1,2026-09-20,2026-09-22T16:19:02.309682+00:00,1.0,0.28,7.0,BRONX,2.0,207.0
07 BRONX,Maintenance or Facility,1,2026-09-20,2026-09-22T16:19:02.309682+00:00,1.0,0.14,7.0,BRONX,2.0,207.0
07 BRONX,Noise,1,2026-09-20,2026-09-22T16:19:02.309682+00:00,2.5,0.49,7.0,BRONX,2.0,207.0
07 BRONX,Noise - Commercial,2,2026-09-20,2026-09-22T16:19:02.309682+00:00,1.5,0.07,7.0,BRONX,2.0,207.0
07 BRONX,Noise - Residential,38,2026-09-20,2026-09-22T16:19:02.309682+00:00,40.5,0.71,7.0,BRONX,2.0,207.0
07 BRONX,Noise - Street/Sidewalk,29,2026-09-20,2026-09-22T16:19:02.309682+00:00,42.5,0.92,7.0,BRONX,2.0,207.0
07 BRONX,Obstruction,1,2026-09-20,2026-09-22T16:19:02.309682+00:00,1.0,0.15,7.0,BRONX,2.0,207.0
07 BRONX,PAINT/PLASTER,10,2026-09-20,2026-09-22T16:19:02.309682+00:00,7.5,0.95,7.0,BRONX,2.0,207.0
07 BRONX,PLUMBING,9,2026-09-20,2026-09-22T16:19:02.309682+00:00,5.5,0.78,7.0,BRONX,2.0,207.0
07 BRONX,Residential Disposal Complaint,1,2026-09-20,2026-09-22T16:19:02.309682+00:00,1.5,0.56,7.0,BRONX,2.0,207.0
07 BRONX,SAFETY,2,2026-09-20,2026-09-22T16:19:02.309682+00:00,1.5,0.6,7.0,BRONX,2.0,207.0
07 BRONX,Sidewalk Condition,1,2026-09-20,2026-09-22T16:19:02.309682+00:00,1.0,0.15,7.0,BRONX,2.0,207.0
07 BRONX,Street Light Condition,4,2026-09-20,2026-09-22T16:19:02.309682+00:00,3.0,0.81,7.0,BRONX,2.0,207.0
07 BRONX,Street Sign - Dangling,1,2026-09-20,2026-09-22T16:19:02.309682+00:00,1.0,0.62,7.0,BRONX,2.0,207.0
07 BRONX,UNSANITARY CONDITION,13,2026-09-20,2026-09-22T16:19:02.309682+00:00,12.0,0.94,7.0,BRONX,2.0,207.0
07 BRONX,Urinating in Public,1,2026-09-20,2026-09-22T16:19:02.309682+00:00,1.0,0.67,7.0,BRONX,2.0,207.0
07 BRONX,WATER LEAK,4,2026-09-20,2026-09-22T16:19:02.309682+00:00,3.5,0.72,7.0,BRONX,2.0,207.0
07 BROOKLYN,Abandoned Vehicle,2,2026-09-20,2026-09-22T16:19:02.309682+00:00,2.0,0.41,7.0,BROOKLYN,3.0,307.0
07 BROOKLYN,Blocked Driveway,10,2026-09-20,2026-09-22T16:19:02.309682+00:00,9.0,0.62,7.0,BROOKLYN,3.0,307.0
07 BROOKLYN,Consumer Complaint,1,2026-09-20,2026-09-22T16:19:02.309682+00:00,1.5,0.54,7.0,BROOKLYN,3.0,307.0
07 BROOKLYN,Curb Condition,2,2026-09-20,2026-09-22T16:19:02.309682+00:00,1.5,0.8,7.0,BROOKLYN,3.0,307.0
07 BROOKLYN,Damaged Tree,3,2026-09-20,2026-09-22T16:19:02.309682+00:00,2.0,0.62,7.0,BROOKLYN,3.0,307.0
07 BROOKLYN,Dead Animal,1,2026-09-20,2026-09-22T16:19:02.309682+00:00,1.0,0.23,7.0,BROOKLYN,3.0,307.0
07 BROOKLYN,Dirty Condition,6,2026-09-20,2026-09-22T16:19:02.309682+00:00,6.0,0.85,7.0,BROOKLYN,3.0,307.0
07 BROOKLYN,Drinking,1,2026-09-20,2026-09-22T16:19:02.309682+00:00,1.0,0.33,7.0,BROOKLYN,3.0,307.0
07 BROOKLYN,Drug Activity,1,2026-09-20,2026-09-22T16:19:02.309682+00:00,1.0,0.27,7.0,BROOKLYN,3.0,307.0
07 BROOKLYN,Encampment,1,2026-09-20,2026-09-22T16:19:02.309682+00:00,1.5,0.19,7.0,BROOKLYN,3.0,307.0
07 BROOKLYN,Food Establishment,1,2026-09-20,2026-09-22T16:19:02.309682+00:00,2.0,0.78,7.0,BROOKLYN,3.0,307.0
07 BROOKLYN,GENERAL,1,2026-09-20,2026-09-22T16:19:02.309682+00:00,1.0,0.18,7.0,BROOKLYN,3.0,307.0
07 BROOKLYN,Graffiti,1,2026-09-20,2026-09-22T16:19:02.309682+00:00,1.5,0.43,7.0,BROOKLYN,3.0,307.0
07 BROOKLYN,Homeless Person Assistance,1,2026-09-20,2026-09-22T16:19:02.309682+00:00,1.0,0.12,7.0,BROOKLYN,3.0,307.0
07 BROOKLYN,Illegal Dumping,5,2026-09-20,2026-09-22T16:19:02.309682+00:00,3.0,0.75,7.0,BROOKLYN,3.0,307.0
07 BROOKLYN,Illegal Parking,41,2026-09-20,2026-09-22T16:19:02.309682+00:00,35.5,0.73,7.0,BROOKLYN,3.0,307.0
07 BROOKLYN,Illegal Tree Damage,1,2026-09-20,2026-09-22T16:19:02.309682+00:00,1.0,0.42,7.0,BROOKLYN,3.0,307.0
07 BROOKLYN,Lead,1,2026-09-20,2026-09-22T16:19:02.309682+00:00,1.0,0.22,7.0,BROOKLYN,3.0,307.0
07 BROOKLYN,Litter Basket Request,1,2026-09-20,2026-09-22T16:19:02.309682+00:00,1.0,0.31,7.0,BROOKLYN,3.0,307.0
07 BROOKLYN,Maintenance or Facility,1,2026-09-20,2026-09-22T16:19:02.309682+00:00,2.0,0.53,7.0,BROOKLYN,3.0,307.0
07 BROOKLYN,Missed Collection,1,2026-09-20,2026-09-22T16:19:02.309682+00:00,3.0,0.74,7.0,BROOKLYN,3.0,307.0
07 BROOKLYN,Noise,3,2026-09-20,2026-09-22T16:19:02.309682+00:00,4.0,0.65,7.0,BROOKLYN,3.0,307.0
07 BROOKLYN,Noise - Commercial,4,2026-09-20,2026-09-22T16:19:02.309682+00:00,6.5,0.61,7.0,BROOKLYN,3.0,307.0
07 BROOKLYN,Noise - Residential,19,2026-09-20,2026-09-22T16:19:02.309682+00:00,20.0,0.33,7.0,BROOKLYN,3.0,307.0
07 BROOKLYN,Noise - Street/Sidewalk,13,2026-09-20,2026-09-22T16:19:02.309682+00:00,14.0,0.56,7.0,BROOKLYN,3.0,307.0
07 BROOKLYN,Noise - Vehicle,2,2026-09-20,2026-09-22T16:19:02.309682+00:00,3.0,0.58,7.0,BROOKLYN,3.0,307.0
07 BROOKLYN,Non-Emergency Police Matter,1,2026-09-20,2026-09-22T16:19:02.309682+00:00,1.0,0.12,7.0,BROOKLYN,3.0,307.0
07 BROOKLYN,Overgrown Tree/Branches,1,2026-09-20,2026-09-22T16:19:02.309682+00:00,1.0,0.18,7.0,BROOKLYN,3.0,307.0
07 BROOKLYN,PLUMBING,2,2026-09-20,2026-09-22T16:19:02.309682+00:00,1.5,0.16,7.0,BROOKLYN,3.0,307.0
07 BROOKLYN,Rodent,1,2026-09-20,2026-09-22T16:19:02.309682+00:00,2.5,0.79,7.0,BROOKLYN,3.0,307.0
07 BROOKLYN,Smoking or Vaping,1,2026-09-20,2026-09-22T16:19:02.309682+00:00,1.0,0.22,7.0,BROOKLYN,3.0,307.0
07 BROOKLYN,Street Condition,1,2026-09-20,2026-09-22T16:19:02.309682+00:00,3.0,0.52,7.0,BROOKLYN,3.0,307.0
07 BROOKLYN,Traffic Signal Condition,1,2026-09-20,2026-09-22T16:19:02.309682+00:00,3.0,0.81,7.0,BROOKLYN,3.0,307.0
07 BROOKLYN,UNSANITARY CONDITION,1,2026-09-20,2026-09-22T16:19:02.309682+00:00,3.5,0.43,7.0,BROOKLYN,3.0,307.0
07 BROOKLYN,Vendor Enforcement,1,2026-09-20,2026-09-22T16:19:02.309682+00:00,1.0,0.17,7.0,BROOKLYN,3.0,307.0
07 MANHATTAN,APPLIANCE,3,2026-09-20,2026-09-22T16:19:02.309682+00:00,2.0,0.76,7.0,MANHATTAN,1.0,107.0
07 MANHATTAN,Abandoned Vehicle,2,2026-09-20,2026-09-22T16:19:02.309682+00:00,3.0,0.55,7.0,MANHATTAN,1.0,107.0
07 MANHATTAN,Air Quality,1,2026-09-20,2026-09-22T16:19:02.309682+00:00,1.0,0.2,7.0,MANHATTAN,1.0,107.0
07 MANHATTAN,Bench,1,2026-09-20,2026-09-22T16:19:02.309682+00:00,1.0,1.0,7.0,MANHATTAN,1.0,107.0
07 MANHATTAN,Blocked Driveway,1,2026-09-20,2026-09-22T16:19:02.309682+00:00,1.0,0.04,7.0,MANHATTAN,1.0,107.0
07 MANHATTAN,Construction Lead Dust,1,2026-09-20,2026-09-22T16:19:02.309682+00:00,1.0,0.67,7.0,MANHATTAN,1.0,107.0
07 MANHATTAN,Consumer Complaint,1,2026-09-20,2026-09-22T16:19:02.309682+00:00,1.5,0.54,7.0,MANHATTAN,1.0,107.0
07 MANHATTAN,Curb Condition,1,2026-09-20,2026-09-22T16:19:02.309682+00:00,1.0,0.35,7.0,MANHATTAN,1.0,107.0
07 MANHATTAN,DOOR/WINDOW,1,2026-09-20,2026-09-22T16:19:02.309682+00:00,1.5,0.23,7.0,MANHATTAN,1.0,107.0
07 MANHATTAN,Damaged Tree,1,2026-09-20,2026-09-22T16:19:02.309682+00:00,1.0,0.19,7.0,MANHATTAN,1.0,107.0
07 MANHATTAN,Dead Animal,2,2026-09-20,2026-09-22T16:19:02.309682+00:00,1.5,0.55,7.0,MANHATTAN,1.0,107.0
07 MANHATTAN,Drug Activity,1,2026-09-20,2026-09-22T16:19:02.309682+00:00,1.5,0.62,7.0,MANHATTAN,1.0,107.0
07 MANHATTAN,Encampment,10,2026-09-20,2026-09-22T16:19:02.309682+00:00,11.5,0.9,7.0,MANHATTAN,1.0,107.0
07 MANHATTAN,General Construction/Plumbing,1,2026-09-20,2026-09-22T16:19:02.309682+00:00,1.0,0.2,7.0,MANHATTAN,1.0,107.0
07 MANHATTAN,HEAT/HOT WATER,5,2026-09-20,2026-09-22T16:19:02.309682+00:00,4.0,0.69,7.0,MANHATTAN,1.0,107.0
07 MANHATTAN,Homeless Person Assistance,5,2026-09-20,2026-09-22T16:19:02.309682+00:00,5.0,0.82,7.0,MANHATTAN,1.0,107.0
07 MANHATTAN,Illegal Parking,13,2026-09-20,2026-09-22T16:19:02.309682+00:00,18.5,0.31,7.0,MANHATTAN,1.0,107.0
07 MANHATTAN,Indoor Air Quality,1,2026-09-20,2026-09-22T16:19:02.309682+00:00,1.0,0.28,7.0,MANHATTAN,1.0,107.0
07 MANHATTAN,Lead,2,2026-09-20,2026-09-22T16:19:02.309682+00:00,3.5,1.0,7.0,MANHATTAN,1.0,107.0
07 MANHATTAN,Litter Basket Request,2,2026-09-20,2026-09-22T16:19:02.309682+00:00,1.5,0.69,7.0,MANHATTAN,1.0,107.0
07 MANHATTAN,Lost Property,4,2026-09-20,2026-09-22T16:19:02.309682+00:00,2.5,0.67,7.0,MANHATTAN,1.0,107.0
07 MANHATTAN,Maintenance or Facility,1,2026-09-20,2026-09-22T16:19:02.309682+00:00,2.0,0.53,7.0,MANHATTAN,1.0,107.0
07 MANHATTAN,Missed Collection,1,2026-09-20,2026-09-22T16:19:02.309682+00:00,1.0,0.08,7.0,MANHATTAN,1.0,107.0
07 MANHATTAN,Noise,10,2026-09-20,2026-09-22T16:19:02.309682+00:00,6.5,0.88,7.0,MANHATTAN,1.0,107.0
07 MANHATTAN,Noise - Commercial,2,2026-09-20,2026-09-22T16:19:02.309682+00:00,4.0,0.35,7.0,MANHATTAN,1.0,107.0
07 MANHATTAN,Noise - Helicopter,1,2026-09-20,2026-09-22T16:19:02.309682+00:00,2.0,0.83,7.0,MANHATTAN,1.0,107.0
07 MANHATTAN,Noise - Residential,14,2026-09-20,2026-09-22T16:19:02.309682+00:00,15.5,0.23,7.0,MANHATTAN,1.0,107.0
07 MANHATTAN,Noise - Street/Sidewalk,9,2026-09-20,2026-09-22T16:19:02.309682+00:00,18.5,0.68,7.0,MANHATTAN,1.0,107.0
07 MANHATTAN,Non-Emergency Police Matter,2,2026-09-20,2026-09-22T16:19:02.309682+00:00,2.0,0.6,7.0,MANHATTAN,1.0,107.0
07 MANHATTAN,Rodent,1,2026-09-20,2026-09-22T16:19:02.309682+00:00,1.5,0.44,7.0,MANHATTAN,1.0,107.0
07 MANHATTAN,Street Condition,2,2026-09-20,2026-09-22T16:19:02.309682+00:00,1.5,0.18,7.0,MANHATTAN,1.0,107.0
07 MANHATTAN,Street Light Condition,1,2026-09-20,2026-09-22T16:19:02.309682+00:00,2.0,0.58,7.0,MANHATTAN,1.0,107.0
07 MANHATTAN,Taxi Complaint,2,2026-09-20,2026-09-22T16:19:02.309682+00:00,1.5,0.25,7.0,MANHATTAN,1.0,107.0
07 MANHATTAN,Traffic Signal Condition,1,2026-09-20,2026-09-22T16:19:02.309682+00:00,1.0,0.1,7.0,MANHATTAN,1.0,107.0
07 MANHATTAN,UNSANITARY CONDITION,5,2026-09-20,2026-09-22T16:19:02.309682+00:00,4.5,0.51,7.0,MANHATTAN,1.0,107.0
07 MANHATTAN,Unleashed Dog,1,2026-09-20,2026-09-22T16:19:02.309682+00:00,1.0,0.67,7.0,MANHATTAN,1.0,107.0
07 MANHATTAN,Unsanitary Animal Pvt Property,1,2026-09-20,2026-09-22T16:19:02.309682+00:00,1.0,0.56,7.0,MANHATTAN,1.0,107.0
07 MANHATTAN,Water Maintenance,3,2026-09-20,2026-09-22T16:19:02.309682+00:00,2.0,0.45,7.0,MANHATTAN,1.0,107.0
07 QUEENS,Abandoned Vehicle,8,2026-09-20,2026-09-22T16:19:02.309682+00:00,9.5,0.91,7.0,QUEENS,4.0,407.0
07 QUEENS,Blocked Driveway,32,2026-09-20,2026-09-22T16:19:02.309682+00:00,26.0,0.94,7.0,QUEENS,4.0,407.0
07 QUEENS,Building/Use,1,2026-09-20,2026-09-22T16:19:02.309682+00:00,1.0,0.3,7.0,QUEENS,4.0,407.0
07 QUEENS,Consumer Complaint,4,2026-09-20,2026-09-22T16:19:02.309682+00:00,2.5,0.89,7.0,QUEENS,4.0,407.0
07 QUEENS,Damaged Tree,3,2026-09-20,2026-09-22T16:19:02.309682+00:00,2.5,0.78,7.0,QUEENS,4.0,407.0
07 QUEENS,Dead Animal,1,2026-09-20,2026-09-22T16:19:02.309682+00:00,2.5,0.8,7.0,QUEENS,4.0,407.0
07 QUEENS,Dirty Condition,7,2026-09-20,2026-09-22T16:19:02.309682+00:00,6.0,0.85,7.0,QUEENS,4.0,407.0
07 QUEENS,Drinking,2,2026-09-20,2026-09-22T16:19:02.309682+00:00,1.5,0.73,7.0,QUEENS,4.0,407.0
07 QUEENS,Elevator,1,2026-09-20,2026-09-22T16:19:02.309682+00:00,1.0,0.28,7.0,QUEENS,4.0,407.0
07 QUEENS,Encampment,1,2026-09-20,2026-09-22T16:19:02.309682+00:00,1.0,0.04,7.0,QUEENS,4.0,407.0
07 QUEENS,Food Establishment,1,2026-09-20,2026-09-22T16:19:02.309682+00:00,1.0,0.19,7.0,QUEENS,4.0,407.0
07 QUEENS,Food Poisoning,1,2026-09-20,2026-09-22T16:19:02.309682+00:00,1.0,0.5,7.0,QUEENS,4.0,407.0
07 QUEENS,GENERAL,1,2026-09-20,2026-09-22T16:19:02.309682+00:00,1.0,0.18,7.0,QUEENS,4.0,407.0
07 QUEENS,Illegal Parking,55,2026-09-20,2026-09-22T16:19:02.309682+00:00,53.0,0.89,7.0,QUEENS,4.0,407.0
07 QUEENS,Indoor Air Quality,1,2026-09-20,2026-09-22T16:19:02.309682+00:00,1.0,0.28,7.0,QUEENS,4.0,407.0
07 QUEENS,Lead,1,2026-09-20,2026-09-22T16:19:02.309682+00:00,1.0,0.22,7.0,QUEENS,4.0,407.0
07 QUEENS,Maintenance or Facility,1,2026-09-20,2026-09-22T16:19:02.309682+00:00,2.0,0.53,7.0,QUEENS,4.0,407.0
07 QUEENS,Missed Collection,2,2026-09-20,2026-09-22T16:19:02.309682+00:00,2.5,0.55,7.0,QUEENS,4.0,407.0
07 QUEENS,Noise,2,2026-09-20,2026-09-22T16:19:02.309682+00:00,9.0,0.92,7.0,QUEENS,4.0,407.0
07 QUEENS,Noise - Commercial,1,2026-09-20,2026-09-22T16:19:02.309682+00:00,1.5,0.07,7.0,QUEENS,4.0,407.0
07 QUEENS,Noise - Residential,27,2026-09-20,2026-09-22T16:19:02.309682+00:00,30.0,0.48,7.0,QUEENS,4.0,407.0
07 QUEENS,Noise - Street/Sidewalk,11,2026-09-20,2026-09-22T16:19:02.309682+00:00,14.5,0.61,7.0,QUEENS,4.0,407.0
07 QUEENS,Noise - Vehicle,1,2026-09-20,2026-09-22T16:19:02.309682+00:00,2.5,0.43,7.0,QUEENS,4.0,407.0
07 QUEENS,Obstruction,1,2026-09-20,2026-09-22T16:19:02.309682+00:00,1.0,0.15,7.0,QUEENS,4.0,407.0
07 QUEENS,PAINT/PLASTER,1,2026-09-20,2026-09-22T16:19:02.309682+00:00,1.0,0.05,7.0,QUEENS,4.0,407.0
07 QUEENS,PLUMBING,2,2026-09-20,2026-09-22T16:19:02.309682+00:00,2.5,0.39,7.0,QUEENS,4.0,407.0
07 QUEENS,Residential Disposal Complaint,1,2026-09-20,2026-09-22T16:19:02.309682+00:00,1.0,0.2,7.0,QUEENS,4.0,407.0
07 QUEENS,SAFETY,2,2026-09-20,2026-09-22T16:19:02.309682+00:00,2.0,0.73,7.0,QUEENS,4.0,407.0
07 QUEENS,Sanitation Worker or Vehicle Complaint,1,2026-09-20,2026-09-22T16:19:02.309682+00:00,1.5,1.0,7.0,QUEENS,4.0,407.0
07 QUEENS,Sewer Maintenance,4,2026-09-20,2026-09-22T16:19:02.309682+00:00,2.5,0.89,7.0,QUEENS,4.0,407.0
07 QUEENS,Street Condition,4,2026-09-20,2026-09-22T16:19:02.309682+00:00,3.0,0.52,7.0,QUEENS,4.0,407.0
07 QUEENS,Street Light Condition,1,2026-09-20,2026-09-22T16:19:02.309682+00:00,2.5,0.73,7.0,QUEENS,4.0,407.0
07 QUEENS,UNSANITARY CONDITION,3,2026-09-20,2026-09-22T16:19:02.309682+00:00,2.5,0.25,7.0,QUEENS,4.0,407.0
07 QUEENS,Water Maintenance,1,2026-09-20,2026-09-22T16:19:02.309682+00:00,3.0,0.72,7.0,QUEENS,4.0,407.0
08 BRONX,Abandoned Vehicle,1,2026-09-20,2026-09-22T16:19:02.309682+00:00,1.0,0.09,8.0,BRONX,2.0,208.0
08 BRONX,Animal-Abuse,1,2026-09-20,2026-09-22T16:19:02.309682+00:00,1.0,0.35,8.0,BRONX,2.0,208.0
08 BRONX,Blocked Driveway,4,2026-09-20,2026-09-22T16:19:02.309682+00:00,4.0,0.28,8.0,BRONX,2.0,208.0
08 BRONX,Damaged Tree,2,2026-09-20,2026-09-22T16:19:02.309682+00:00,1.5,0.45,8.0,BRONX,2.0,208.0
08 BRONX,Dirty Condition,2,2026-09-20,2026-09-22T16:19:02.309682+00:00,3.0,0.5,8.0,BRONX,2.0,208.0
08 BRONX,Drinking,1,2026-09-20,2026-09-22T16:19:02.309682+00:00,1.0,0.33,8.0,BRONX,2.0,208.0
08 BRONX,Drug Activity,2,2026-09-20,2026-09-22T16:19:02.309682+00:00,2.0,0.81,8.0,BRONX,2.0,208.0
08 BRONX,GENERAL,1,2026-09-20,2026-09-22T16:19:02.309682+00:00,1.5,0.47,8.0,BRONX,2.0,208.0
08 BRONX,General Construction/Plumbing,1,2026-09-20,2026-09-22T16:19:02.309682+00:00,1.5,0.48,8.0,BRONX,2.0,208.0
08 BRONX,HEAT/HOT WATER,1,2026-09-20,2026-09-22T16:19:02.309682+00:00,1.0,0.12,8.0,BRONX,2.0,208.0
08 BRONX,Hazardous Material,1,2026-09-20,2026-09-22T16:19:02.309682+00:00,1.0,0.5,8.0,BRONX,2.0,208.0
08 BRONX,Homeless Person Assistance,1,2026-09-20,2026-09-22T16:19:02.309682+00:00,1.0,0.12,8.0,BRONX,2.0,208.0
08 BRONX,Illegal Dumping,1,2026-09-20,2026-09-22T16:19:02.309682+00:00,1.0,0.08,8.0,BRONX,2.0,208.0
08 BRONX,Illegal Parking,43,2026-09-20,2026-09-22T16:19:02.309682+00:00,36.0,0.75,8.0,BRONX,2.0,208.0
08 BRONX,Indoor Air Quality,2,2026-09-20,2026-09-22T16:19:02.309682+00:00,3.0,1.0,8.0,BRONX,2.0,208.0
08 BRONX,Noise,1,2026-09-20,2026-09-22T16:19:02.309682+00:00,1.0,0.09,8.0,BRONX,2.0,208.0
08 BRONX,Noise - Commercial,2,2026-09-20,2026-09-22T16:19:02.309682+00:00,2.5,0.19,8.0,BRONX,2.0,208.0
08 BRONX,Noise - Residential,24,2026-09-20,2026-09-22T16:19:02.309682+00:00,26.5,0.44,8.0,BRONX,2.0,208.0
08 BRONX,Noise - Street/Sidewalk,9,2026-09-20,2026-09-22T16:19:02.309682+00:00,15.5,0.64,8.0,BRONX,2.0,208.0
08 BRONX,Noise - Vehicle,2,2026-09-20,2026-09-22T16:19:02.309682+00:00,4.0,0.67,8.0,BRONX,2.0,208.0
08 BRONX,Non-Emergency Police Matter,1,2026-09-20,2026-09-22T16:19:02.309682+00:00,1.0,0.12,8.0,BRONX,2.0,208.0
08 BRONX,Obstruction,1,2026-09-20,2026-09-22T16:19:02.309682+00:00,2.0,0.82,8.0,BRONX,2.0,208.0
08 BRONX,PAINT/PLASTER,2,2026-09-20,2026-09-22T16:19:02.309682+00:00,1.5,0.19,8.0,BRONX,2.0,208.0
08 BRONX,PLUMBING,2,2026-09-20,2026-09-22T16:19:02.309682+00:00,2.0,0.27,8.0,BRONX,2.0,208.0
08 BRONX,Rodent,1,2026-09-20,2026-09-22T16:19:02.309682+00:00,1.0,0.18,8.0,BRONX,2.0,208.0
08 BRONX,Smoking or Vaping,1,2026-09-20,2026-09-22T16:19:02.309682+00:00,1.5,0.56,8.0,BRONX,2.0,208.0
08 BRONX,Street Condition,1,2026-09-20,2026-09-22T16:19:02.309682+00:00,1.0,0.07,8.0,BRONX,2.0,208.0
08 BRONX,Street Light Condition,3,2026-09-20,2026-09-22T16:19:02.309682+00:00,2.0,0.58,8.0,BRONX,2.0,208.0
08 BRONX,Street Sign - Missing,1,2026-09-20,2026-09-22T16:19:02.309682+00:00,1.0,0.6,8.0,BRONX,2.0,208.0
08 BRONX,Water Maintenance,1,2026-09-20,2026-09-22T16:19:02.309682+00:00,1.0,0.09,8.0,BRONX,2.0,208.0
08 BROOKLYN,APPLIANCE,2,2026-09-20,2026-09-22T16:19:02.309682+00:00,2.0,0.76,8.0,BROOKLYN,3.0,308.0
08 BROOKLYN,Abandoned Vehicle,1,2026-09-20,2026-09-22T16:19:02.309682+00:00,1.5,0.27,8.0,BROOKLYN,3.0,308.0
08 BROOKLYN,Animal-Abuse,1,2026-09-20,2026-09-22T16:19:02.309682+00:00,1.0,0.35,8.0,BROOKLYN,3.0,308.0
08 BROOKLYN,Blocked Driveway,2,2026-09-20,2026-09-22T16:19:02.309682+00:00,5.0,0.37,8.0,BROOKLYN,3.0,308.0
08 BROOKLYN,Consumer Complaint,2,2026-09-20,2026-09-22T16:19:02.309682+00:00,1.5,0.54,8.0,BROOKLYN,3.0,308.0
08 BROOKLYN,DOOR/WINDOW,5,2026-09-20,2026-09-22T16:19:02.309682+00:00,5.0,0.92,8.0,BROOKLYN,3.0,308.0
08 BROOKLYN,Dirty Condition,7,2026-09-20,2026-09-22T16:19:02.309682+00:00,4.5,0.76,8.0,BROOKLYN,3.0,308.0
08 BROOKLYN,Drinking,1,2026-09-20,2026-09-22T16:19:02.309682+00:00,1.0,0.33,8.0,BROOKLYN,3.0,308.0
08 BROOKLYN,Emergency Response Team (ERT),3,2026-09-20,2026-09-22T16:19:02.309682+00:00,2.0,0.94,8.0,BROOKLYN,3.0,308.0
08 BROOKLYN,Encampment,1,2026-09-20,2026-09-22T16:19:02.309682+00:00,1.5,0.19,8.0,BROOKLYN,3.0,308.0
08 BROOKLYN,FLOORING/STAIRS,1,2026-09-20,2026-09-22T16:19:02.309682+00:00,2.5,0.65,8.0,BROOKLYN,3.0,308.0
08 BROOKLYN,GENERAL,1,2026-09-20,2026-09-22T16:19:02.309682+00:00,1.5,0.47,8.0,BROOKLYN,3.0,308.0
08 BROOKLYN,HEAT/HOT WATER,2,2026-09-20,2026-09-22T16:19:02.309682+00:00,3.0,0.56,8.0,BROOKLYN,3.0,308.0
08 BROOKLYN,Hazardous Material,1,2026-09-20,2026-09-22T16:19:02.309682+00:00,1.0,0.5,8.0,BROOKLYN,3.0,308.0
08 BROOKLYN,Homeless Person Assistance,1,2026-09-20,2026-09-22T16:19:02.309682+00:00,1.0,0.12,8.0,BROOKLYN,3.0,308.0
08 BROOKLYN,Illegal Dumping,3,2026-09-20,2026-09-22T16:19:02.309682+00:00,3.0,0.75,8.0,BROOKLYN,3.0,308.0
08 BROOKLYN,Illegal Parking,8,2026-09-20,2026-09-22T16:19:02.309682+00:00,35.0,0.71,8.0,BROOKLYN,3.0,308.0
08 BROOKLYN,Lead,1,2026-09-20,2026-09-22T16:19:02.309682+00:00,1.0,0.22,8.0,BROOKLYN,3.0,308.0
08 BROOKLYN,Litter Basket Request,1,2026-09-20,2026-09-22T16:19:02.309682+00:00,1.0,0.31,8.0,BROOKLYN,3.0,308.0
08 BROOKLYN,Lot Condition,1,2026-09-20,2026-09-22T16:19:02.309682+00:00,1.0,0.5,8.0,BROOKLYN,3.0,308.0
08 BROOKLYN,Maintenance or Facility,4,2026-09-20,2026-09-22T16:19:02.309682+00:00,2.5,0.7,8.0,BROOKLYN,3.0,308.0
08 BROOKLYN,Noise,22,2026-09-20,2026-09-22T16:19:02.309682+00:00,14.5,0.98,8.0,BROOKLYN,3.0,308.0
08 BROOKLYN,Noise - Commercial,11,2026-09-20,2026-09-22T16:19:02.309682+00:00,23.5,0.92,8.0,BROOKLYN,3.0,308.0
08 BROOKLYN,Noise - Residential,40,2026-09-20,2026-09-22T16:19:02.309682+00:00,39.5,0.7,8.0,BROOKLYN,3.0,308.0
08 BROOKLYN,Noise - Street/Sidewalk,16,2026-09-20,2026-09-22T16:19:02.309682+00:00,41.5,0.91,8.0,BROOKLYN,3.0,308.0
08 BROOKLYN,Noise - Vehicle,4,2026-09-20,2026-09-22T16:19:02.309682+00:00,4.5,0.72,8.0,BROOKLYN,3.0,308.0
08 BROOKLYN,Obstruction,1,2026-09-20,2026-09-22T16:19:02.309682+00:00,1.0,0.15,8.0,BROOKLYN,3.0,308.0
08 BROOKLYN,PAINT/PLASTER,2,2026-09-20,2026-09-22T16:19:02.309682+00:00,3.5,0.68,8.0,BROOKLYN,3.0,308.0
08 BROOKLYN,PLUMBING,1,2026-09-20,2026-09-22T16:19:02.309682+00:00,1.5,0.16,8.0,BROOKLYN,3.0,308.0
08 BROOKLYN,Plumbing,1,2026-09-20,2026-09-22T16:19:02.309682+00:00,1.0,0.5,8.0,BROOKLYN,3.0,308.0
08 BROOKLYN,Residential Disposal Complaint,2,2026-09-20,2026-09-22T16:19:02.309682+00:00,2.0,0.76,8.0,BROOKLYN,3.0,308.0
08 BROOKLYN,Rodent,1,2026-09-20,2026-09-22T16:19:02.309682+00:00,1.5,0.44,8.0,BROOKLYN,3.0,308.0
08 BROOKLYN,Sewer Maintenance,1,2026-09-20,2026-09-22T16:19:02.309682+00:00,1.5,0.47,8.0,BROOKLYN,3.0,308.0
08 BROOKLYN,Sidewalk Condition,1,2026-09-20,2026-09-22T16:19:02.309682+00:00,2.0,0.75,8.0,BROOKLYN,3.0,308.0
08 BROOKLYN,Smoking or Vaping,3,2026-09-20,2026-09-22T16:19:02.309682+00:00,2.5,0.94,8.0,BROOKLYN,3.0,308.0
08 BROOKLYN,Standing Water,1,2026-09-20,2026-09-22T16:19:02.309682+00:00,1.0,0.67,8.0,BROOKLYN,3.0,308.0
08 BROOKLYN,Street Condition,1,2026-09-20,2026-09-22T16:19:02.309682+00:00,1.5,0.18,8.0,BROOKLYN,3.0,308.0
08 BROOKLYN,Street Sign - Damaged,1,2026-09-20,2026-09-22T16:19:02.309682+00:00,1.0,0.43,8.0,BROOKLYN,3.0,308.0
08 BROOKLYN,Traffic Signal Condition,2,2026-09-20,2026-09-22T16:19:02.309682+00:00,1.5,0.29,8.0,BROOKLYN,3.0,308.0
08 BROOKLYN,UNSANITARY CONDITION,6,2026-09-20,2026-09-22T16:19:02.309682+00:00,7.5,0.71,8.0,BROOKLYN,3.0,308.0
08 BROOKLYN,WATER LEAK,3,2026-09-20,2026-09-22T16:19:02.309682+00:00,4.5,0.88,8.0,BROOKLYN,3.0,308.0
08 BROOKLYN,Water Maintenance,5,2026-09-20,2026-09-22T16:19:02.309682+00:00,4.5,0.94,8.0,BROOKLYN,3.0,308.0
08 MANHATTAN,Abandoned Vehicle,1,2026-09-20,2026-09-22T16:19:02.309682+00:00,1.0,0.09,8.0,MANHATTAN,1.0,108.0
08 MANHATTAN,Blocked Driveway,1,2026-09-20,2026-09-22T16:19:02.309682+00:00,1.0,0.04,8.0,MANHATTAN,1.0,108.0
08 MANHATTAN,Commercial Disposal Complaint,1,2026-09-20,2026-09-22T16:19:02.309682+00:00,1.5,0.75,8.0,MANHATTAN,1.0,108.0
08 MANHATTAN,Consumer Complaint,2,2026-09-20,2026-09-22T16:19:02.309682+00:00,1.5,0.54,8.0,MANHATTAN,1.0,108.0
08 MANHATTAN,DOOR/WINDOW,1,2026-09-20,2026-09-22T16:19:02.309682+00:00,1.5,0.23,8.0,MANHATTAN,1.0,108.0
08 MANHATTAN,Damaged Tree,1,2026-09-20,2026-09-22T16:19:02.309682+00:00,1.0,0.19,8.0,MANHATTAN,1.0,108.0
08 MANHATTAN,Dead/Dying Tree,1,2026-09-20,2026-09-22T16:19:02.309682+00:00,1.5,0.8,8.0,MANHATTAN,1.0,108.0
08 MANHATTAN,ELECTRIC,1,2026-09-20,2026-09-22T16:19:02.309682+00:00,1.0,0.2,8.0,MANHATTAN,1.0,108.0
08 MANHATTAN,Encampment,2,2026-09-20,2026-09-22T16:19:02.309682+00:00,2.0,0.37,8.0,MANHATTAN,1.0,108.0
08 MANHATTAN,FLOORING/STAIRS,1,2026-09-20,2026-09-22T16:19:02.309682+00:00,1.5,0.32,8.0,MANHATTAN,1.0,108.0
08 MANHATTAN,Food Establishment,3,2026-09-20,2026-09-22T16:19:02.309682+00:00,2.0,0.78,8.0,MANHATTAN,1.0,108.0
08 MANHATTAN,General Construction/Plumbing,1,2026-09-20,2026-09-22T16:19:02.309682+00:00,2.5,0.78,8.0,MANHATTAN,1.0,108.0
08 MANHATTAN,HEAT/HOT WATER,5,2026-09-20,2026-09-22T16:19:02.309682+00:00,4.5,0.76,8.0,MANHATTAN,1.0,108.0
08 MANHATTAN,Hazardous Material,1,2026-09-20,2026-09-22T16:19:02.309682+00:00,1.0,0.5,8.0,MANHATTAN,1.0,108.0
08 MANHATTAN,Homeless Person Assistance,2,2026-09-20,2026-09-22T16:19:02.309682+00:00,3.0,0.68,8.0,MANHATTAN,1.0,108.0
08 MANHATTAN,Illegal Parking,43,2026-09-20,2026-09-22T16:19:02.309682+00:00,30.0,0.63,8.0,MANHATTAN,1.0,108.0
08 MANHATTAN,Lead,4,2026-09-20,2026-09-22T16:19:02.309682+00:00,3.0,0.97,8.0,MANHATTAN,1.0,108.0
08 MANHATTAN,Lost Property,2,2026-09-20,2026-09-22T16:19:02.309682+00:00,3.0,0.83,8.0,MANHATTAN,1.0,108.0
08 MANHATTAN,Maintenance or Facility,1,2026-09-20,2026-09-22T16:19:02.309682+00:00,2.0,0.53,8.0,MANHATTAN,1.0,108.0
08 MANHATTAN,Missed Collection,2,2026-09-20,2026-09-22T16:19:02.309682+00:00,2.5,0.55,8.0,MANHATTAN,1.0,108.0
08 MANHATTAN,Noise,1,2026-09-20,2026-09-22T16:19:02.309682+00:00,9.5,0.94,8.0,MANHATTAN,1.0,108.0
08 MANHATTAN,Noise - Commercial,1,2026-09-20,2026-09-22T16:19:02.309682+00:00,4.0,0.35,8.0,MANHATTAN,1.0,108.0
08 MANHATTAN,Noise - Residential,14,2026-09-20,2026-09-22T16:19:02.309682+00:00,20.0,0.33,8.0,MANHATTAN,1.0,108.0
08 MANHATTAN,Noise - Street/Sidewalk,2,2026-09-20,2026-09-22T16:19:02.309682+00:00,3.0,0.09,8.0,MANHATTAN,1.0,108.0
08 MANHATTAN,Noise - Vehicle,3,2026-09-20,2026-09-22T16:19:02.309682+00:00,2.0,0.29,8.0,MANHATTAN,1.0,108.0
08 MANHATTAN,Non-Emergency Police Matter,1,2026-09-20,2026-09-22T16:19:02.309682+00:00,1.5,0.37,8.0,MANHATTAN,1.0,108.0
08 MANHATTAN,Obstruction,2,2026-09-20,2026-09-22T16:19:02.309682+00:00,1.5,0.5,8.0,MANHATTAN,1.0,108.0
08 MANHATTAN,Outdoor Dining,2,2026-09-20,2026-09-22T16:19:02.309682+00:00,1.5,0.5,8.0,MANHATTAN,1.0,108.0
08 MANHATTAN,PAINT/PLASTER,1,2026-09-20,2026-09-22T16:19:02.309682+00:00,1.0,0.05,8.0,MANHATTAN,1.0,108.0
08 MANHATTAN,PLUMBING,1,2026-09-20,2026-09-22T16:19:02.309682+00:00,1.5,0.16,8.0,MANHATTAN,1.0,108.0
08 MANHATTAN,Residential Disposal Complaint,1,2026-09-20,2026-09-22T16:19:02.309682+00:00,2.5,0.85,8.0,MANHATTAN,1.0,108.0
08 MANHATTAN,Rodent,1,2026-09-20,2026-09-22T16:19:02.309682+00:00,2.0,0.63,8.0,MANHATTAN,1.0,108.0
08 MANHATTAN,SAFETY,1,2026-09-20,2026-09-22T16:19:02.309682+00:00,1.0,0.27,8.0,MANHATTAN,1.0,108.0
08 MANHATTAN,Sidewalk Condition,1,2026-09-20,2026-09-22T16:19:02.309682+00:00,1.0,0.15,8.0,MANHATTAN,1.0,108.0
08 MANHATTAN,Special Projects Inspection Team (SPIT),1,2026-09-20,2026-09-22T16:19:02.309682+00:00,1.5,0.69,8.0,MANHATTAN,1.0,108.0
08 MANHATTAN,Street Condition,1,2026-09-20,2026-09-22T16:19:02.309682+00:00,2.0,0.31,8.0,MANHATTAN,1.0,108.0
08 MANHATTAN,Street Light Condition,2,2026-09-20,2026-09-22T16:19:02.309682+00:00,2.0,0.58,8.0,MANHATTAN,1.0,108.0
08 MANHATTAN,Taxi Complaint,1,2026-09-20,2026-09-22T16:19:02.309682+00:00,2.5,0.6,8.0,MANHATTAN,1.0,108.0
08 MANHATTAN,Traffic Signal Condition,2,2026-09-20,2026-09-22T16:19:02.309682+00:00,2.0,0.5,8.0,MANHATTAN,1.0,108.0
08 MANHATTAN,UNSANITARY CONDITION,3,2026-09-20,2026-09-22T16:19:02.309682+00:00,2.5,0.25,8.0,MANHATTAN,1.0,108.0
08 MANHATTAN,Unsanitary Pigeon Condition,1,2026-09-20,2026-09-22T16:19:02.309682+00:00,1.0,0.62,8.0,MANHATTAN,1.0,108.0
08 MANHATTAN,Vendor Enforcement,1,2026-09-20,2026-09-22T16:19:02.309682+00:00,2.0,0.63,8.0,MANHATTAN,1.0,108.0
08 MANHATTAN,WATER LEAK,1,2026-09-20,2026-09-22T16:19:02.309682+00:00,1.0,0.1,8.0,MANHATTAN,1.0,108.0
08 QUEENS,Abandoned Vehicle,3,2026-09-20,2026-09-22T16:19:02.309682+00:00,4.0,0.72,8.0,QUEENS,4.0,408.0
08 QUEENS,Air Quality,1,2026-09-20,2026-09-22T16:19:02.309682+00:00,2.0,1.0,8.0,QUEENS,4.0,408.0
08 QUEENS,Animal-Abuse,1,2026-09-20,2026-09-22T16:19:02.309682+00:00,1.5,0.78,8.0,QUEENS,4.0,408.0
08 QUEENS,Blocked Driveway,3,2026-09-20,2026-09-22T16:19:02.309682+00:00,6.0,0.45,8.0,QUEENS,4.0,408.0
08 QUEENS,Building/Use,1,2026-09-20,2026-09-22T16:19:02.309682+00:00,1.0,0.3,8.0,QUEENS,4.0,408.0
08 QUEENS,Consumer Complaint,1,2026-09-20,2026-09-22T16:19:02.309682+00:00,1.0,0.2,8.0,QUEENS,4.0,408.0
08 QUEENS,Damaged Tree,1,2026-09-20,2026-09-22T16:19:02.309682+00:00,1.0,0.19,8.0,QUEENS,4.0,408.0
08 QUEENS,Dead Animal,2,2026-09-20,2026-09-22T16:19:02.309682+00:00,1.5,0.55,8.0,QUEENS,4.0,408.0
08 QUEENS,Dirty Condition,1,2026-09-20,2026-09-22T16:19:02.309682+00:00,2.5,0.39,8.0,QUEENS,4.0,408.0
08 QUEENS,Drug Activity,1,2026-09-20,2026-09-22T16:19:02.309682+00:00,3.5,1.0,8.0,QUEENS,4.0,408.0
08 QUEENS,GENERAL,2,2026-09-20,2026-09-22T16:19:02.309682+00:00,1.5,0.47,8.0,QUEENS,4.0,408.0
08 QUEENS,HEAT/HOT WATER,1,2026-09-20,2026-09-22T16:19:02.309682+00:00,1.0,0.12,8.0,QUEENS,4.0,408.0
08 QUEENS,Illegal Dumping,1,2026-09-20,2026-09-22T16:19:02.309682+00:00,1.5,0.31,8.0,QUEENS,4.0,408.0
08 QUEENS,Illegal Parking,31,2026-09-20,2026-09-22T16:19:02.309682+00:00,33.5,0.68,8.0,QUEENS,4.0,408.0
08 QUEENS,Litter Basket Request,1,2026-09-20,2026-09-22T16:19:02.309682+00:00,1.0,0.31,8.0,QUEENS,4.0,408.0
08 QUEENS,Maintenance or Facility,1,2026-09-20,2026-09-22T16:19:02.309682+00:00,1.0,0.14,8.0,QUEENS,4.0,408.0
08 QUEENS,Missed Collection,1,2026-09-20,2026-09-22T16:19:02.309682+00:00,1.5,0.24,8.0,QUEENS,4.0,408.0
08 QUEENS,Noise - Residential,29,2026-09-20,2026-09-22T16:19:02.309682+00:00,36.0,0.65,8.0,QUEENS,4.0,408.0
08 QUEENS,Noise - Street/Sidewalk,3,2026-09-20,2026-09-22T16:19:02.309682+00:00,4.0,0.13,8.0,QUEENS,4.0,408.0
08 QUEENS,Noise - Vehicle,66,2026-09-20,2026-09-22T16:19:02.309682+00:00,56.0,1.0,8.0,QUEENS,4.0,408.0
08 QUEENS,Obstruction,1,2026-09-20,2026-09-22T16:19:02.309682+00:00,2.0,0.82,8.0,QUEENS,4.0,408.0
08 QUEENS,Overgrown Tree/Branches,3,2026-09-20,2026-09-22T16:19:02.309682+00:00,2.5,0.89,8.0,QUEENS,4.0,408.0
08 QUEENS,PLUMBING,1,2026-09-20,2026-09-22T16:19:02.309682+00:00,2.5,0.39,8.0,QUEENS,4.0,408.0
08 QUEENS,Residential Disposal Complaint,1,2026-09-20,2026-09-22T16:19:02.309682+00:00,1.0,0.2,8.0,QUEENS,4.0,408.0
08 QUEENS,Sidewalk Condition,1,2026-09-20,2026-09-22T16:19:02.309682+00:00,2.0,0.75,8.0,QUEENS,4.0,408.0
08 QUEENS,Street Condition,2,2026-09-20,2026-09-22T16:19:02.309682+00:00,4.0,0.76,8.0,QUEENS,4.0,408.0
08 QUEENS,Traffic,1,2026-09-20,2026-09-22T16:19:02.309682+00:00,1.5,0.64,8.0,QUEENS,4.0,408.0
08 QUEENS,Water Maintenance,2,2026-09-20,2026-09-22T16:19:02.309682+00:00,4.5,0.94,8.0,QUEENS,4.0,408.0
09 BRONX,APPLIANCE,2,2026-09-20,2026-09-22T16:19:02.309682+00:00,1.5,0.44,9.0,BRONX,2.0,209.0
09 BRONX,Abandoned Vehicle,1,2026-09-20,2026-09-22T16:19:02.309682+00:00,1.5,0.27,9.0,BRONX,2.0,209.0
09 BRONX,Blocked Driveway,12,2026-09-20,2026-09-22T16:19:02.309682+00:00,11.0,0.72,9.0,BRONX,2.0,209.0
09 BRONX,Building/Use,1,2026-09-20,2026-09-22T16:19:02.309682+00:00,1.0,0.3,9.0,BRONX,2.0,209.0
09 BRONX,Consumer Complaint,2,2026-09-20,2026-09-22T16:19:02.309682+00:00,1.5,0.54,9.0,BRONX,2.0,209.0
09 BRONX,DOOR/WINDOW,1,2026-09-20,2026-09-22T16:19:02.309682+00:00,2.0,0.45,9.0,BRONX,2.0,209.0
09 BRONX,Damaged Tree,1,2026-09-20,2026-09-22T16:19:02.309682+00:00,1.0,0.19,9.0,BRONX,2.0,209.0
09 BRONX,Dead Animal,2,2026-09-20,2026-09-22T16:19:02.309682+00:00,3.5,0.91,9.0,BRONX,2.0,209.0
09 BRONX,Dirty Condition,1,2026-09-20,2026-09-22T16:19:02.309682+00:00,4.0,0.7,9.0,BRONX,2.0,209.0
09 BRONX,Drinking,1,2026-09-20,2026-09-22T16:19:02.309682+00:00,1.0,0.33,9.0,BRONX,2.0,209.0
09 BRONX,ELEVATOR,2,2026-09-20,2026-09-22T16:19:02.309682+00:00,1.5,0.62,9.0,BRONX,2.0,209.0
09 BRONX,Elevator,3,2026-09-20,2026-09-22T16:19:02.309682+00:00,2.0,0.88,9.0,BRONX,2.0,209.0
09 BRONX,FLOORING/STAIRS,1,2026-09-20,2026-09-22T16:19:02.309682+00:00,2.0,0.48,9.0,BRONX,2.0,209.0
09 BRONX,General Construction/Plumbing,1,2026-09-20,2026-09-22T16:19:02.309682+00:00,1.0,0.2,9.0,BRONX,2.0,209.0
09 BRONX,HEAT/HOT WATER,1,2026-09-20,2026-09-22T16:19:02.309682+00:00,2.5,0.49,9.0,BRONX,2.0,209.0
09 BRONX,Harboring Bees/Wasps,1,2026-09-20,2026-09-22T16:19:02.309682+00:00,1.0,1.0,9.0,BRONX,2.0,209.0
09 BRONX,Homeless Person Assistance,3,2026-09-20,2026-09-22T16:19:02.309682+00:00,2.0,0.55,9.0,BRONX,2.0,209.0
09 BRONX,Illegal Dumping,2,2026-09-20,2026-09-22T16:19:02.309682+00:00,1.5,0.31,9.0,BRONX,2.0,209.0
09 BRONX,Illegal Parking,27,2026-09-20,2026-09-22T16:19:02.309682+00:00,31.5,0.65,9.0,BRONX,2.0,209.0
09 BRONX,Indoor Air Quality,2,2026-09-20,2026-09-22T16:19:02.309682+00:00,1.5,0.69,9.0,BRONX,2.0,209.0
09 BRONX,Lead,1,2026-09-20,2026-09-22T16:19:02.309682+00:00,2.0,0.81,9.0,BRONX,2.0,209.0
09 BRONX,Noise,1,2026-09-20,2026-09-22T16:19:02.309682+00:00,1.5,0.25,9.0,BRONX,2.0,209.0
09 BRONX,Noise - Commercial,6,2026-09-20,2026-09-22T16:19:02.309682+00:00,5.5,0.51,9.0,BRONX,2.0,209.0
09 BRONX,Noise - Residential,61,2026-09-20,2026-09-22T16:19:02.309682+00:00,62.0,0.89,9.0,BRONX,2.0,209.0
09 BRONX,Noise - Street/Sidewalk,9,2026-09-20,2026-09-22T16:19:02.309682+00:00,14.0,0.56,9.0,BRONX,2.0,209.0
09 BRONX,Noise - Vehicle,6,2026-09-20,2026-09-22T16:19:02.309682+00:00,6.5,0.85,9.0,BRONX,2.0,209.0
09 BRONX,PLUMBING,3,2026-09-20,2026-09-22T16:19:02.309682+00:00,4.0,0.65,9.0,BRONX,2.0,209.0
09 BRONX,Residential Disposal Complaint,2,2026-09-20,2026-09-22T16:19:02.309682+00:00,1.5,0.56,9.0,BRONX,2.0,209.0
09 BRONX,Rodent,1,2026-09-20,2026-09-22T16:19:02.309682+00:00,2.0,0.63,9.0,BRONX,2.0,209.0
09 BRONX,SAFETY,1,2026-09-20,2026-09-22T16:19:02.309682+00:00,1.5,0.6,9.0,BRONX,2.0,209.0
09 BRONX,Sewer Maintenance,3,2026-09-20,2026-09-22T16:19:02.309682+00:00,2.0,0.69,9.0,BRONX,2.0,209.0
09 BRONX,Smoking or Vaping,1,2026-09-20,2026-09-22T16:19:02.309682+00:00,1.0,0.22,9.0,BRONX,2.0,209.0
09 BRONX,Street Condition,1,2026-09-20,2026-09-22T16:19:02.309682+00:00,1.0,0.07,9.0,BRONX,2.0,209.0
09 BRONX,Street Light Condition,1,2026-09-20,2026-09-22T16:19:02.309682+00:00,3.0,0.81,9.0,BRONX,2.0,209.0
09 BRONX,Street Sweeping Complaint,1,2026-09-20,2026-09-22T16:19:02.309682+00:00,1.0,0.67,9.0,BRONX,2.0,209.0
09 BRONX,Traffic Signal Condition,1,2026-09-20,2026-09-22T16:19:02.309682+00:00,1.0,0.1,9.0,BRONX,2.0,209.0
09 BRONX,UNSANITARY CONDITION,8,2026-09-20,2026-09-22T16:19:02.309682+00:00,11.0,0.91,9.0,BRONX,2.0,209.0
09 BRONX,WATER LEAK,2,2026-09-20,2026-09-22T16:19:02.309682+00:00,3.0,0.66,9.0,BRONX,2.0,209.0
09 BRONX,Water Maintenance,1,2026-09-20,2026-09-22T16:19:02.309682+00:00,1.5,0.28,9.0,BRONX,2.0,209.0
09 BROOKLYN,APPLIANCE,1,2026-09-20,2026-09-22T16:19:02.309682+00:00,1.0,0.13,9.0,BROOKLYN,3.0,309.0
09 BROOKLYN,Abandoned Vehicle,1,2026-09-20,2026-09-22T16:19:02.309682+00:00,2.0,0.41,9.0,BROOKLYN,3.0,309.0
09 BROOKLYN,Animal-Abuse,1,2026-09-20,2026-09-22T16:19:02.309682+00:00,1.0,0.35,9.0,BROOKLYN,3.0,309.0
09 BROOKLYN,Blocked Driveway,6,2026-09-20,2026-09-22T16:19:02.309682+00:00,6.0,0.45,9.0,BROOKLYN,3.0,309.0
09 BROOKLYN,Cannabis Retailer,1,2026-09-20,2026-09-22T16:19:02.309682+00:00,1.0,0.5,9.0,BROOKLYN,3.0,309.0
09 BROOKLYN,DOOR/WINDOW,2,2026-09-20,2026-09-22T16:19:02.309682+00:00,1.5,0.23,9.0,BROOKLYN,3.0,309.0
09 BROOKLYN,Damaged Tree,3,2026-09-20,2026-09-22T16:19:02.309682+00:00,2.5,0.78,9.0,BROOKLYN,3.0,309.0
09 BROOKLYN,Dirty Condition,6,2026-09-20,2026-09-22T16:19:02.309682+00:00,5.5,0.8,9.0,BROOKLYN,3.0,309.0
09 BROOKLYN,ELECTRIC,1,2026-09-20,2026-09-22T16:19:02.309682+00:00,7.5,1.0,9.0,BROOKLYN,3.0,309.0
09 BROOKLYN,Elevator,2,2026-09-20,2026-09-22T16:19:02.309682+00:00,2.5,1.0,9.0,BROOKLYN,3.0,309.0
09 BROOKLYN,FLOORING/STAIRS,1,2026-09-20,2026-09-22T16:19:02.309682+00:00,2.5,0.65,9.0,BROOKLYN,3.0,309.0
09 BROOKLYN,GENERAL,3,2026-09-20,2026-09-22T16:19:02.309682+00:00,2.5,0.82,9.0,BROOKLYN,3.0,309.0
09 BROOKLYN,HEAT/HOT WATER,1,2026-09-20,2026-09-22T16:19:02.309682+00:00,1.5,0.27,9.0,BROOKLYN,3.0,309.0
09 BROOKLYN,Homeless Person Assistance,1,2026-09-20,2026-09-22T16:19:02.309682+00:00,1.5,0.36,9.0,BROOKLYN,3.0,309.0
09 BROOKLYN,Illegal Parking,13,2026-09-20,2026-09-22T16:19:02.309682+00:00,14.0,0.24,9.0,BROOKLYN,3.0,309.0
09 BROOKLYN,Lead,1,2026-09-20,2026-09-22T16:19:02.309682+00:00,1.0,0.22,9.0,BROOKLYN,3.0,309.0
09 BROOKLYN,Litter Basket Request,2,2026-09-20,2026-09-22T16:19:02.309682+00:00,1.5,0.69,9.0,BROOKLYN,3.0,309.0
09 BROOKLYN,Noise,1,2026-09-20,2026-09-22T16:19:02.309682+00:00,2.0,0.39,9.0,BROOKLYN,3.0,309.0
09 BROOKLYN,Noise - Commercial,3,2026-09-20,2026-09-22T16:19:02.309682+00:00,2.0,0.12,9.0,BROOKLYN,3.0,309.0
09 BROOKLYN,Noise - Residential,20,2026-09-20,2026-09-22T16:19:02.309682+00:00,24.5,0.4,9.0,BROOKLYN,3.0,309.0
09 BROOKLYN,Noise - Street/Sidewalk,8,2026-09-20,2026-09-22T16:19:02.309682+00:00,11.0,0.43,9.0,BROOKLYN,3.0,309.0
09 BROOKLYN,Non-Emergency Police Matter,1,2026-09-20,2026-09-22T16:19:02.309682+00:00,1.5,0.37,9.0,BROOKLYN,3.0,309.0
09 BROOKLYN,Overgrown Tree/Branches,1,2026-09-20,2026-09-22T16:19:02.309682+00:00,2.5,0.89,9.0,BROOKLYN,3.0,309.0
09 BROOKLYN,PAINT/PLASTER,3,2026-09-20,2026-09-22T16:19:02.309682+00:00,7.0,0.9,9.0,BROOKLYN,3.0,309.0
09 BROOKLYN,PLUMBING,3,2026-09-20,2026-09-22T16:19:02.309682+00:00,3.5,0.58,9.0,BROOKLYN,3.0,309.0
09 BROOKLYN,Plumbing,1,2026-09-20,2026-09-22T16:19:02.309682+00:00,1.0,0.5,9.0,BROOKLYN,3.0,309.0
09 BROOKLYN,SAFETY,3,2026-09-20,2026-09-22T16:19:02.309682+00:00,2.5,0.83,9.0,BROOKLYN,3.0,309.0
09 BROOKLYN,Smoking or Vaping,3,2026-09-20,2026-09-22T16:19:02.309682+00:00,2.5,0.94,9.0,BROOKLYN,3.0,309.0
09 BROOKLYN,Street Condition,2,2026-09-20,2026-09-22T16:19:02.309682+00:00,3.0,0.52,9.0,BROOKLYN,3.0,309.0
09 BROOKLYN,Street Light Condition,1,2026-09-20,2026-09-22T16:19:02.309682+00:00,1.0,0.12,9.0,BROOKLYN,3.0,309.0
09 BROOKLYN,Traffic Signal Condition,2,2026-09-20,2026-09-22T16:19:02.309682+00:00,2.0,0.5,9.0,BROOKLYN,3.0,309.0
09 BROOKLYN,UNSANITARY CONDITION,17,2026-09-20,2026-09-22T16:19:02.309682+00:00,10.0,0.88,9.0,BROOKLYN,3.0,309.0
09 BROOKLYN,WATER LEAK,2,2026-09-20,2026-09-22T16:19:02.309682+00:00,2.0,0.5,9.0,BROOKLYN,3.0,309.0
09 BROOKLYN,Water Maintenance,1,2026-09-20,2026-09-22T16:19:02.309682+00:00,1.0,0.09,9.0,BROOKLYN,3.0,309.0
09 MANHATTAN,APPLIANCE,1,2026-09-20,2026-09-22T16:19:02.309682+00:00,1.5,0.44,9.0,MANHATTAN,1.0,109.0
09 MANHATTAN,Animal in a Park,1,2026-09-20,2026-09-22T16:19:02.309682+00:00,1.0,0.4,9.0,MANHATTAN,1.0,109.0
09 MANHATTAN,Animal-Abuse,1,2026-09-20,2026-09-22T16:19:02.309682+00:00,1.0,0.35,9.0,MANHATTAN,1.0,109.0
09 MANHATTAN,Blocked Driveway,2,2026-09-20,2026-09-22T16:19:02.309682+00:00,2.0,0.14,9.0,MANHATTAN,1.0,109.0
09 MANHATTAN,DOOR/WINDOW,1,2026-09-20,2026-09-22T16:19:02.309682+00:00,1.5,0.23,9.0,MANHATTAN,1.0,109.0
09 MANHATTAN,Damaged Tree,1,2026-09-20,2026-09-22T16:19:02.309682+00:00,1.0,0.19,9.0,MANHATTAN,1.0,109.0
09 MANHATTAN,Dirty Condition,2,2026-09-20,2026-09-22T16:19:02.309682+00:00,1.5,0.13,9.0,MANHATTAN,1.0,109.0
09 MANHATTAN,Drinking,6,2026-09-20,2026-09-22T16:19:02.309682+00:00,7.0,1.0,9.0,MANHATTAN,1.0,109.0
09 MANHATTAN,ELECTRIC,2,2026-09-20,2026-09-22T16:19:02.309682+00:00,1.5,0.5,9.0,MANHATTAN,1.0,109.0
09 MANHATTAN,Encampment,2,2026-09-20,2026-09-22T16:19:02.309682+00:00,1.5,0.19,9.0,MANHATTAN,1.0,109.0
09 MANHATTAN,FLOORING/STAIRS,2,2026-09-20,2026-09-22T16:19:02.309682+00:00,2.5,0.65,9.0,MANHATTAN,1.0,109.0
09 MANHATTAN,Food Establishment,1,2026-09-20,2026-09-22T16:19:02.309682+00:00,1.0,0.19,9.0,MANHATTAN,1.0,109.0
09 MANHATTAN,GENERAL,1,2026-09-20,2026-09-22T16:19:02.309682+00:00,1.5,0.47,9.0,MANHATTAN,1.0,109.0
09 MANHATTAN,HEAT/HOT WATER,2,2026-09-20,2026-09-22T16:19:02.309682+00:00,2.0,0.38,9.0,MANHATTAN,1.0,109.0
09 MANHATTAN,Illegal Dumping,2,2026-09-20,2026-09-22T16:19:02.309682+00:00,1.5,0.31,9.0,MANHATTAN,1.0,109.0
09 MANHATTAN,Illegal Parking,14,2026-09-20,2026-09-22T16:19:02.309682+00:00,12.5,0.18,9.0,MANHATTAN,1.0,109.0
09 MANHATTAN,Maintenance or Facility,1,2026-09-20,2026-09-22T16:19:02.309682+00:00,2.0,0.53,9.0,MANHATTAN,1.0,109.0
09 MANHATTAN,Missed Collection,1,2026-09-20,2026-09-22T16:19:02.309682+00:00,1.0,0.08,9.0,MANHATTAN,1.0,109.0
09 MANHATTAN,Noise,2,2026-09-20,2026-09-22T16:19:02.309682+00:00,4.5,0.73,9.0,MANHATTAN,1.0,109.0
09 MANHATTAN,Noise - Commercial,3,2026-09-20,2026-09-22T16:19:02.309682+00:00,7.5,0.66,9.0,MANHATTAN,1.0,109.0
09 MANHATTAN,Noise - Residential,34,2026-09-20,2026-09-22T16:19:02.309682+00:00,30.0,0.48,9.0,MANHATTAN,1.0,109.0
09 MANHATTAN,Noise - Street/Sidewalk,28,2026-09-20,2026-09-22T16:19:02.309682+00:00,35.0,0.86,9.0,MANHATTAN,1.0,109.0
09 MANHATTAN,Noise - Vehicle,1,2026-09-20,2026-09-22T16:19:02.309682+00:00,1.5,0.18,9.0,MANHATTAN,1.0,109.0
09 MANHATTAN,Non-Emergency Police Matter,2,2026-09-20,2026-09-22T16:19:02.309682+00:00,1.5,0.37,9.0,MANHATTAN,1.0,109.0
09 MANHATTAN,Overgrown Tree/Branches,1,2026-09-20,2026-09-22T16:19:02.309682+00:00,1.0,0.18,9.0,MANHATTAN,1.0,109.0
09 MANHATTAN,PAINT/PLASTER,2,2026-09-20,2026-09-22T16:19:02.309682+00:00,1.5,0.19,9.0,MANHATTAN,1.0,109.0
09 MANHATTAN,PLUMBING,2,2026-09-20,2026-09-22T16:19:02.309682+00:00,5.5,0.78,9.0,MANHATTAN,1.0,109.0
09 MANHATTAN,Panhandling,1,2026-09-20,2026-09-22T16:19:02.309682+00:00,1.0,0.19,9.0,MANHATTAN,1.0,109.0
09 MANHATTAN,Pet Sale,1,2026-09-20,2026-09-22T16:19:02.309682+00:00,1.0,0.75,9.0,MANHATTAN,1.0,109.0
09 MANHATTAN,Street Light Condition,2,2026-09-20,2026-09-22T16:19:02.309682+00:00,1.5,0.35,9.0,MANHATTAN,1.0,109.0
09 MANHATTAN,UNSANITARY CONDITION,9,2026-09-20,2026-09-22T16:19:02.309682+00:00,8.0,0.77,9.0,MANHATTAN,1.0,109.0
09 MANHATTAN,WATER LEAK,2,2026-09-20,2026-09-22T16:19:02.309682+00:00,1.5,0.29,9.0,MANHATTAN,1.0,109.0
09 MANHATTAN,Water Maintenance,2,2026-09-20,2026-09-22T16:19:02.309682+00:00,2.0,0.45,9.0,MANHATTAN,1.0,109.0
09 QUEENS,Abandoned Bike,1,2026-09-20,2026-09-22T16:19:02.309682+00:00,1.0,0.5,9.0,QUEENS,4.0,409.0
09 QUEENS,Abandoned Vehicle,6,2026-09-20,2026-09-22T16:19:02.309682+00:00,6.0,0.78,9.0,QUEENS,4.0,409.0
09 QUEENS,Blocked Driveway,31,2026-09-20,2026-09-22T16:19:02.309682+00:00,35.5,1.0,9.0,QUEENS,4.0,409.0
09 QUEENS,Building/Use,1,2026-09-20,2026-09-22T16:19:02.309682+00:00,1.0,0.3,9.0,QUEENS,4.0,409.0
09 QUEENS,Curb Condition,2,2026-09-20,2026-09-22T16:19:02.309682+00:00,1.5,0.8,9.0,QUEENS,4.0,409.0
09 QUEENS,Dirty Condition,1,2026-09-20,2026-09-22T16:19:02.309682+00:00,2.0,0.27,9.0,QUEENS,4.0,409.0
09 QUEENS,Drinking,1,2026-09-20,2026-09-22T16:19:02.309682+00:00,1.0,0.33,9.0,QUEENS,4.0,409.0
09 QUEENS,Elevator,1,2026-09-20,2026-09-22T16:19:02.309682+00:00,1.0,0.28,9.0,QUEENS,4.0,409.0
09 QUEENS,For Hire Vehicle Complaint,1,2026-09-20,2026-09-22T16:19:02.309682+00:00,1.0,0.3,9.0,QUEENS,4.0,409.0
09 QUEENS,General Construction/Plumbing,1,2026-09-20,2026-09-22T16:19:02.309682+00:00,1.0,0.2,9.0,QUEENS,4.0,409.0
09 QUEENS,HEAT/HOT WATER,2,2026-09-20,2026-09-22T16:19:02.309682+00:00,2.0,0.38,9.0,QUEENS,4.0,409.0
09 QUEENS,Homeless Person Assistance,1,2026-09-20,2026-09-22T16:19:02.309682+00:00,1.0,0.12,9.0,QUEENS,4.0,409.0
09 QUEENS,Illegal Dumping,3,2026-09-20,2026-09-22T16:19:02.309682+00:00,2.0,0.52,9.0,QUEENS,4.0,409.0
09 QUEENS,Illegal Fireworks,1,2026-09-20,2026-09-22T16:19:02.309682+00:00,1.5,0.75,9.0,QUEENS,4.0,409.0
09 QUEENS,Illegal Parking,53,2026-09-20,2026-09-22T16:19:02.309682+00:00,44.0,0.81,9.0,QUEENS,4.0,409.0
09 QUEENS,Investigations and Discipline (IAD),1,2026-09-20,2026-09-22T16:19:02.309682+00:00,1.0,0.75,9.0,QUEENS,4.0,409.0
09 QUEENS,Noise,2,2026-09-20,2026-09-22T16:19:02.309682+00:00,1.5,0.25,9.0,QUEENS,4.0,409.0
09 QUEENS,Noise - Commercial,3,2026-09-20,2026-09-22T16:19:02.309682+00:00,4.0,0.35,9.0,QUEENS,4.0,409.0
09 QUEENS,Noise - Residential,37,2026-09-20,2026-09-22T16:19:02.309682+00:00,49.5,0.82,9.0,QUEENS,4.0,409.0
09 QUEENS,Noise - Street/Sidewalk,7,2026-09-20,2026-09-22T16:19:02.309682+00:00,6.5,0.27,9.0,QUEENS,4.0,409.0
09 QUEENS,Noise - Vehicle,5,2026-09-20,2026-09-22T16:19:02.309682+00:00,5.0,0.77,9.0,QUEENS,4.0,409.0
09 QUEENS,Obstruction,2,2026-09-20,2026-09-22T16:19:02.309682+00:00,1.5,0.5,9.0,QUEENS,4.0,409.0
09 QUEENS,Residential Disposal Complaint,1,2026-09-20,2026-09-22T16:19:02.309682+00:00,1.5,0.56,9.0,QUEENS,4.0,409.0
09 QUEENS,Sewer Maintenance,1,2026-09-20,2026-09-22T16:19:02.309682+00:00,1.0,0.18,9.0,QUEENS,4.0,409.0
09 QUEENS,Street Condition,8,2026-09-20,2026-09-22T16:19:02.309682+00:00,5.0,0.88,9.0,QUEENS,4.0,409.0
09 QUEENS,Street Light Condition,1,2026-09-20,2026-09-22T16:19:02.309682+00:00,1.0,0.12,9.0,QUEENS,4.0,409.0
09 QUEENS,Traffic Signal Condition,1,2026-09-20,2026-09-22T16:19:02.309682+00:00,1.0,0.1,9.0,QUEENS,4.0,409.0
09 QUEENS,WATER LEAK,1,2026-09-20,2026-09-22T16:19:02.309682+00:00,2.0,0.5,9.0,QUEENS,4.0,409.0
10 BRONX,Abandoned Vehicle,3,2026-09-20,2026-09-22T16:19:02.309682+00:00,3.5,0.65,10.0,BRONX,2.0,210.0
10 BRONX,Blocked Driveway,7,2026-09-20,2026-09-22T16:19:02.309682+00:00,10.0,0.68,10.0,BRONX,2.0,210.0
10 BRONX,Building/Use,1,2026-09-20,2026-09-22T16:19:02.309682+00:00,1.5,0.65,10.0,BRONX,2.0,210.0
10 BRONX,DOOR/WINDOW,1,2026-09-20,2026-09-22T16:19:02.309682+00:00,1.5,0.23,10.0,BRONX,2.0,210.0
10 BRONX,Damaged Tree,2,2026-09-20,2026-09-22T16:19:02.309682+00:00,1.5,0.45,10.0,BRONX,2.0,210.0
10 BRONX,Dirty Condition,3,2026-09-20,2026-09-22T16:19:02.309682+00:00,3.5,0.6,10.0,BRONX,2.0,210.0
10 BRONX,ELECTRIC,1,2026-09-20,2026-09-22T16:19:02.309682+00:00,1.5,0.5,10.0,BRONX,2.0,210.0
10 BRONX,FLOORING/STAIRS,1,2026-09-20,2026-09-22T16:19:02.309682+00:00,1.0,0.12,10.0,BRONX,2.0,210.0
10 BRONX,Food Establishment,1,2026-09-20,2026-09-22T16:19:02.309682+00:00,1.5,0.48,10.0,BRONX,2.0,210.0
10 BRONX,GENERAL,1,2026-09-20,2026-09-22T16:19:02.309682+00:00,1.0,0.18,10.0,BRONX,2.0,210.0
10 BRONX,Illegal Dumping,3,2026-09-20,2026-09-22T16:19:02.309682+00:00,3.0,0.75,10.0,BRONX,2.0,210.0
10 BRONX,Illegal Parking,34,2026-09-20,2026-09-22T16:19:02.309682+00:00,37.0,0.78,10.0,BRONX,2.0,210.0
10 BRONX,Lead,2,2026-09-20,2026-09-22T16:19:02.309682+00:00,1.5,0.58,10.0,BRONX,2.0,210.0
10 BRONX,Litter Basket Request,1,2026-09-20,2026-09-22T16:19:02.309682+00:00,1.0,0.31,10.0,BRONX,2.0,210.0
10 BRONX,Missed Collection,5,2026-09-20,2026-09-22T16:19:02.309682+00:00,4.5,0.89,10.0,BRONX,2.0,210.0
10 BRONX,Noise,1,2026-09-20,2026-09-22T16:19:02.309682+00:00,1.0,0.09,10.0,BRONX,2.0,210.0
10 BRONX,Noise - Commercial,6,2026-09-20,2026-09-22T16:19:02.309682+00:00,3.5,0.29,10.0,BRONX,2.0,210.0
10 BRONX,Noise - Residential,15,2026-09-20,2026-09-22T16:19:02.309682+00:00,16.0,0.26,10.0,BRONX,2.0,210.0
10 BRONX,Noise - Street/Sidewalk,7,2026-09-20,2026-09-22T16:19:02.309682+00:00,6.5,0.27,10.0,BRONX,2.0,210.0
10 BRONX,Noise - Vehicle,2,2026-09-20,2026-09-22T16:19:02.309682+00:00,2.5,0.43,10.0,BRONX,2.0,210.0
10 BRONX,Obstruction,2,2026-09-20,2026-09-22T16:19:02.309682+00:00,2.0,0.82,10.0,BRONX,2.0,210.0
10 BRONX,PLUMBING,5,2026-09-20,2026-09-22T16:19:02.309682+00:00,4.5,0.7,10.0,BRONX,2.0,210.0
10 BRONX,Panhandling,1,2026-09-20,2026-09-22T16:19:02.309682+00:00,1.0,0.19,10.0,BRONX,2.0,210.0
10 BRONX,SAFETY,1,2026-09-20,2026-09-22T16:19:02.309682+00:00,1.0,0.27,10.0,BRONX,2.0,210.0
10 BRONX,Sidewalk Condition,1,2026-09-20,2026-09-22T16:19:02.309682+00:00,2.0,0.75,10.0,BRONX,2.0,210.0
10 BRONX,Street Light Condition,3,2026-09-20,2026-09-22T16:19:02.309682+00:00,5.5,1.0,10.0,BRONX,2.0,210.0
10 BRONX,UNSANITARY CONDITION,8,2026-09-20,2026-09-22T16:19:02.309682+00:00,7.5,0.71,10.0,BRONX,2.0,210.0
10 BRONX,Unsanitary Animal Pvt Property,1,2026-09-20,2026-09-22T16:19:02.309682+00:00,1.0,0.56,10.0,BRONX,2.0,210.0
10 BRONX,Water Maintenance,1,2026-09-20,2026-09-22T16:19:02.309682+00:00,2.5,0.58,10.0,BRONX,2.0,210.0
10 BROOKLYN,Abandoned Vehicle,1,2026-09-20,2026-09-22T16:19:02.309682+00:00,3.5,0.65,10.0,BROOKLYN,3.0,310.0
10 BROOKLYN,Animal-Abuse,1,2026-09-20,2026-09-22T16:19:02.309682+00:00,1.0,0.35,10.0,BROOKLYN,3.0,310.0
10 BROOKLYN,Bike Rack,1,2026-09-20,2026-09-22T16:19:02.309682+00:00,1.0,1.0,10.0,BROOKLYN,3.0,310.0
10 BROOKLYN,Blocked Driveway,15,2026-09-20,2026-09-22T16:19:02.309682+00:00,11.0,0.72,10.0,BROOKLYN,3.0,310.0
10 BROOKLYN,Damaged Tree,3,2026-09-20,2026-09-22T16:19:02.309682+00:00,2.0,0.62,10.0,BROOKLYN,3.0,310.0
10 BROOKLYN,Dead Animal,1,2026-09-20,2026-09-22T16:19:02.309682+00:00,1.0,0.23,10.0,BROOKLYN,3.0,310.0
10 BROOKLYN,Dead/Dying Tree,2,2026-09-20,2026-09-22T16:19:02.309682+00:00,1.5,0.8,10.0,BROOKLYN,3.0,310.0
10 BROOKLYN,Food Establishment,2,2026-09-20,2026-09-22T16:19:02.309682+00:00,1.5,0.48,10.0,BROOKLYN,3.0,310.0
10 BROOKLYN,HEAT/HOT WATER,1,2026-09-20,2026-09-22T16:19:02.309682+00:00,1.0,0.12,10.0,BROOKLYN,3.0,310.0
10 BROOKLYN,Illegal Parking,48,2026-09-20,2026-09-22T16:19:02.309682+00:00,56.5,0.92,10.0,BROOKLYN,3.0,310.0
10 BROOKLYN,Lead,1,2026-09-20,2026-09-22T16:19:02.309682+00:00,1.0,0.22,10.0,BROOKLYN,3.0,310.0
10 BROOKLYN,Maintenance or Facility,2,2026-09-20,2026-09-22T16:19:02.309682+00:00,6.5,0.98,10.0,BROOKLYN,3.0,310.0
10 BROOKLYN,Missed Collection,4,2026-09-20,2026-09-22T16:19:02.309682+00:00,3.0,0.74,10.0,BROOKLYN,3.0,310.0
10 BROOKLYN,Mobile Food Vendor,1,2026-09-20,2026-09-22T16:19:02.309682+00:00,1.0,0.5,10.0,BROOKLYN,3.0,310.0
10 BROOKLYN,Noise,4,2026-09-20,2026-09-22T16:19:02.309682+00:00,3.5,0.59,10.0,BROOKLYN,3.0,310.0
10 BROOKLYN,Noise - Commercial,2,2026-09-20,2026-09-22T16:19:02.309682+00:00,2.0,0.12,10.0,BROOKLYN,3.0,310.0
10 BROOKLYN,Noise - Park,1,2026-09-20,2026-09-22T16:19:02.309682+00:00,2.5,0.5,10.0,BROOKLYN,3.0,310.0
10 BROOKLYN,Noise - Residential,9,2026-09-20,2026-09-22T16:19:02.309682+00:00,13.5,0.17,10.0,BROOKLYN,3.0,310.0
10 BROOKLYN,Noise - Street/Sidewalk,2,2026-09-20,2026-09-22T16:19:02.309682+00:00,3.5,0.11,10.0,BROOKLYN,3.0,310.0
10 BROOKLYN,PAINT/PLASTER,3,2026-09-20,2026-09-22T16:19:02.309682+00:00,2.0,0.39,10.0,BROOKLYN,3.0,310.0
10 BROOKLYN,Residential Disposal Complaint,2,2026-09-20,2026-09-22T16:19:02.309682+00:00,1.5,0.56,10.0,BROOKLYN,3.0,310.0
10 BROOKLYN,Root/Sewer/Sidewalk Condition,1,2026-09-20,2026-09-22T16:19:02.309682+00:00,1.5,0.5,10.0,BROOKLYN,3.0,310.0
10 BROOKLYN,Street Condition,1,2026-09-20,2026-09-22T16:19:02.309682+00:00,1.0,0.07,10.0,BROOKLYN,3.0,310.0
10 BROOKLYN,Traffic Signal Condition,3,2026-09-20,2026-09-22T16:19:02.309682+00:00,3.0,0.81,10.0,BROOKLYN,3.0,310.0
10 BROOKLYN,UNSANITARY CONDITION,3,2026-09-20,2026-09-22T16:19:02.309682+00:00,3.0,0.35,10.0,BROOKLYN,3.0,310.0
10 BROOKLYN,Water Maintenance,1,2026-09-20,2026-09-22T16:19:02.309682+00:00,2.5,0.58,10.0,BROOKLYN,3.0,310.0
10 MANHATTAN,Animal-Abuse,2,2026-09-20,2026-09-22T16:19:02.309682+00:00,1.5,0.78,10.0,MANHATTAN,1.0,110.0
10 MANHATTAN,Blocked Driveway,2,2026-09-20,2026-09-22T16:19:02.309682+00:00,1.5,0.1,10.0,MANHATTAN,1.0,110.0
10 MANHATTAN,Commercial Disposal Complaint,1,2026-09-20,2026-09-22T16:19:02.309682+00:00,1.0,0.38,10.0,MANHATTAN,1.0,110.0
10 MANHATTAN,Curb Condition,1,2026-09-20,2026-09-22T16:19:02.309682+00:00,1.0,0.35,10.0,MANHATTAN,1.0,110.0
10 MANHATTAN,DOOR/WINDOW,4,2026-09-20,2026-09-22T16:19:02.309682+00:00,6.0,0.98,10.0,MANHATTAN,1.0,110.0
10 MANHATTAN,Dirty Condition,4,2026-09-20,2026-09-22T16:19:02.309682+00:00,8.0,0.93,10.0,MANHATTAN,1.0,110.0
10 MANHATTAN,Drug Activity,1,2026-09-20,2026-09-22T16:19:02.309682+00:00,1.0,0.27,10.0,MANHATTAN,1.0,110.0
10 MANHATTAN,ELECTRIC,2,2026-09-20,2026-09-22T16:19:02.309682+00:00,2.0,0.64,10.0,MANHATTAN,1.0,110.0
10 MANHATTAN,Encampment,2,2026-09-20,2026-09-22T16:19:02.309682+00:00,4.5,0.74,10.0,MANHATTAN,1.0,110.0
10 MANHATTAN,FLOORING/STAIRS,1,2026-09-20,2026-09-22T16:19:02.309682+00:00,2.5,0.65,10.0,MANHATTAN,1.0,110.0
10 MANHATTAN,Food Establishment,1,2026-09-20,2026-09-22T16:19:02.309682+00:00,1.5,0.48,10.0,MANHATTAN,1.0,110.0
10 MANHATTAN,For Hire Vehicle Complaint,1,2026-09-20,2026-09-22T16:19:02.309682+00:00,1.0,0.3,10.0,MANHATTAN,1.0,110.0
10 MANHATTAN,GENERAL,10,2026-09-20,2026-09-22T16:19:02.309682+00:00,9.5,0.97,10.0,MANHATTAN,1.0,110.0
10 MANHATTAN,HEAT/HOT WATER,7,2026-09-20,2026-09-22T16:19:02.309682+00:00,11.5,1.0,10.0,MANHATTAN,1.0,110.0
10 MANHATTAN,Homeless Person Assistance,3,2026-09-20,2026-09-22T16:19:02.309682+00:00,3.0,0.68,10.0,MANHATTAN,1.0,110.0
10 MANHATTAN,Illegal Animal Sold,1,2026-09-20,2026-09-22T16:19:02.309682+00:00,1.0,0.75,10.0,MANHATTAN,1.0,110.0
10 MANHATTAN,Illegal Dumping,3,2026-09-20,2026-09-22T16:19:02.309682+00:00,2.5,0.64,10.0,MANHATTAN,1.0,110.0
10 MANHATTAN,Illegal Fireworks,1,2026-09-20,2026-09-22T16:19:02.309682+00:00,1.0,0.25,10.0,MANHATTAN,1.0,110.0
10 MANHATTAN,Illegal Parking,16,2026-09-20,2026-09-22T16:19:02.309682+00:00,14.5,0.26,10.0,MANHATTAN,1.0,110.0
10 MANHATTAN,Lead,1,2026-09-20,2026-09-22T16:19:02.309682+00:00,1.5,0.58,10.0,MANHATTAN,1.0,110.0
10 MANHATTAN,Litter Basket Request,1,2026-09-20,2026-09-22T16:19:02.309682+00:00,1.0,0.31,10.0,MANHATTAN,1.0,110.0
10 MANHATTAN,Maintenance or Facility,1,2026-09-20,2026-09-22T16:19:02.309682+00:00,4.0,0.91,10.0,MANHATTAN,1.0,110.0
10 MANHATTAN,Mobile Food Vendor,1,2026-09-20,2026-09-22T16:19:02.309682+00:00,1.0,0.5,10.0,MANHATTAN,1.0,110.0
10 MANHATTAN,Noise,1,2026-09-20,2026-09-22T16:19:02.309682+00:00,1.5,0.25,10.0,MANHATTAN,1.0,110.0
10 MANHATTAN,Noise - Commercial,8,2026-09-20,2026-09-22T16:19:02.309682+00:00,10.0,0.72,10.0,MANHATTAN,1.0,110.0
10 MANHATTAN,Noise - Residential,35,2026-09-20,2026-09-22T16:19:02.309682+00:00,32.0,0.55,10.0,MANHATTAN,1.0,110.0
10 MANHATTAN,Noise - Street/Sidewalk,28,2026-09-20,2026-09-22T16:19:02.309682+00:00,32.0,0.84,10.0,MANHATTAN,1.0,110.0
10 MANHATTAN,Noise - Vehicle,4,2026-09-20,2026-09-22T16:19:02.309682+00:00,4.5,0.72,10.0,MANHATTAN,1.0,110.0
10 MANHATTAN,Non-Emergency Police Matter,1,2026-09-20,2026-09-22T16:19:02.309682+00:00,2.0,0.6,10.0,MANHATTAN,1.0,110.0
10 MANHATTAN,PAINT/PLASTER,6,2026-09-20,2026-09-22T16:19:02.309682+00:00,4.5,0.77,10.0,MANHATTAN,1.0,110.0
10 MANHATTAN,PLUMBING,9,2026-09-20,2026-09-22T16:19:02.309682+00:00,6.0,0.86,10.0,MANHATTAN,1.0,110.0
10 MANHATTAN,Panhandling,1,2026-09-20,2026-09-22T16:19:02.309682+00:00,1.5,0.5,10.0,MANHATTAN,1.0,110.0
10 MANHATTAN,Rodent,6,2026-09-20,2026-09-22T16:19:02.309682+00:00,4.0,0.95,10.0,MANHATTAN,1.0,110.0
10 MANHATTAN,SAFETY,2,2026-09-20,2026-09-22T16:19:02.309682+00:00,2.5,0.83,10.0,MANHATTAN,1.0,110.0
10 MANHATTAN,Sidewalk Condition,1,2026-09-20,2026-09-22T16:19:02.309682+00:00,2.0,0.75,10.0,MANHATTAN,1.0,110.0
10 MANHATTAN,Street Condition,3,2026-09-20,2026-09-22T16:19:02.309682+00:00,2.0,0.31,10.0,MANHATTAN,1.0,110.0
10 MANHATTAN,UNSANITARY CONDITION,9,2026-09-20,2026-09-22T16:19:02.309682+00:00,9.5,0.84,10.0,MANHATTAN,1.0,110.0
10 MANHATTAN,Unsanitary Animal Pvt Property,1,2026-09-20,2026-09-22T16:19:02.309682+00:00,1.0,0.56,10.0,MANHATTAN,1.0,110.0
10 MANHATTAN,Vendor Enforcement,1,2026-09-20,2026-09-22T16:19:02.309682+00:00,1.5,0.43,10.0,MANHATTAN,1.0,110.0
10 MANHATTAN,WATER LEAK,4,2026-09-20,2026-09-22T16:19:02.309682+00:00,5.0,0.94,10.0,MANHATTAN,1.0,110.0
10 MANHATTAN,Water Quality,1,2026-09-20,2026-09-22T16:19:02.309682+00:00,1.0,0.75,10.0,MANHATTAN,1.0,110.0
10 QUEENS,Abandoned Vehicle,11,2026-09-20,2026-09-22T16:19:02.309682+00:00,9.5,0.91,10.0,QUEENS,4.0,410.0
10 QUEENS,Blocked Driveway,32,2026-09-20,2026-09-22T16:19:02.309682+00:00,28.0,0.97,10.0,QUEENS,4.0,410.0
10 QUEENS,Building/Use,1,2026-09-20,2026-09-22T16:19:02.309682+00:00,1.0,0.3,10.0,QUEENS,4.0,410.0
10 QUEENS,Consumer Complaint,1,2026-09-20,2026-09-22T16:19:02.309682+00:00,1.0,0.2,10.0,QUEENS,4.0,410.0
10 QUEENS,Curb Condition,1,2026-09-20,2026-09-22T16:19:02.309682+00:00,1.0,0.35,10.0,QUEENS,4.0,410.0
10 QUEENS,Dead Animal,1,2026-09-20,2026-09-22T16:19:02.309682+00:00,1.0,0.23,10.0,QUEENS,4.0,410.0
10 QUEENS,Derelict Vehicles,1,2026-09-20,2026-09-22T16:19:02.309682+00:00,1.5,0.6,10.0,QUEENS,4.0,410.0
10 QUEENS,Dirty Condition,3,2026-09-20,2026-09-22T16:19:02.309682+00:00,2.5,0.39,10.0,QUEENS,4.0,410.0
10 QUEENS,Electrical,1,2026-09-20,2026-09-22T16:19:02.309682+00:00,1.0,0.75,10.0,QUEENS,4.0,410.0
10 QUEENS,Encampment,1,2026-09-20,2026-09-22T16:19:02.309682+00:00,1.5,0.19,10.0,QUEENS,4.0,410.0
10 QUEENS,Green Infrastructure,1,2026-09-20,2026-09-22T16:19:02.309682+00:00,1.0,1.0,10.0,QUEENS,4.0,410.0
10 QUEENS,Illegal Dumping,3,2026-09-20,2026-09-22T16:19:02.309682+00:00,4.5,0.93,10.0,QUEENS,4.0,410.0
10 QUEENS,Illegal Parking,40,2026-09-20,2026-09-22T16:19:02.309682+00:00,46.0,0.85,10.0,QUEENS,4.0,410.0
10 QUEENS,Illegal Posting,1,2026-09-20,2026-09-22T16:19:02.309682+00:00,1.0,0.42,10.0,QUEENS,4.0,410.0
10 QUEENS,Lead,1,2026-09-20,2026-09-22T16:19:02.309682+00:00,1.0,0.22,10.0,QUEENS,4.0,410.0
10 QUEENS,Missed Collection,3,2026-09-20,2026-09-22T16:19:02.309682+00:00,2.5,0.55,10.0,QUEENS,4.0,410.0
10 QUEENS,Noise,1,2026-09-20,2026-09-22T16:19:02.309682+00:00,1.0,0.09,10.0,QUEENS,4.0,410.0
10 QUEENS,Noise - Commercial,17,2026-09-20,2026-09-22T16:19:02.309682+00:00,13.0,0.78,10.0,QUEENS,4.0,410.0
10 QUEENS,Noise - Residential,75,2026-09-20,2026-09-22T16:19:02.309682+00:00,64.0,0.9,10.0,QUEENS,4.0,410.0
10 QUEENS,Noise - Street/Sidewalk,12,2026-09-20,2026-09-22T16:19:02.309682+00:00,29.5,0.83,10.0,QUEENS,4.0,410.0
10 QUEENS,Noise - Vehicle,11,2026-09-20,2026-09-22T16:19:02.309682+00:00,16.0,0.94,10.0,QUEENS,4.0,410.0
10 QUEENS,Non-Emergency Police Matter,1,2026-09-20,2026-09-22T16:19:02.309682+00:00,1.0,0.12,10.0,QUEENS,4.0,410.0
10 QUEENS,Obstruction,1,2026-09-20,2026-09-22T16:19:02.309682+00:00,1.0,0.15,10.0,QUEENS,4.0,410.0
10 QUEENS,Overgrown Tree/Branches,1,2026-09-20,2026-09-22T16:19:02.309682+00:00,1.0,0.18,10.0,QUEENS,4.0,410.0
10 QUEENS,Plumbing,1,2026-09-20,2026-09-22T16:19:02.309682+00:00,1.0,0.5,10.0,QUEENS,4.0,410.0
10 QUEENS,Residential Disposal Complaint,2,2026-09-20,2026-09-22T16:19:02.309682+00:00,1.5,0.56,10.0,QUEENS,4.0,410.0
10 QUEENS,Root/Sewer/Sidewalk Condition,4,2026-09-20,2026-09-22T16:19:02.309682+00:00,2.5,1.0,10.0,QUEENS,4.0,410.0
10 QUEENS,SAFETY,1,2026-09-20,2026-09-22T16:19:02.309682+00:00,1.0,0.27,10.0,QUEENS,4.0,410.0
10 QUEENS,Sewer Maintenance,3,2026-09-20,2026-09-22T16:19:02.309682+00:00,2.5,0.89,10.0,QUEENS,4.0,410.0
10 QUEENS,Street Condition,18,2026-09-20,2026-09-22T16:19:02.309682+00:00,12.5,1.0,10.0,QUEENS,4.0,410.0
10 QUEENS,Street Light Condition,1,2026-09-20,2026-09-22T16:19:02.309682+00:00,1.5,0.35,10.0,QUEENS,4.0,410.0
10 QUEENS,Traffic,1,2026-09-20,2026-09-22T16:19:02.309682+00:00,1.0,0.25,10.0,QUEENS,4.0,410.0
10 QUEENS,Traffic Signal Condition,1,2026-09-20,2026-09-22T16:19:02.309682+00:00,2.5,0.69,10.0,QUEENS,4.0,410.0
10 QUEENS,UNSANITARY CONDITION,4,2026-09-20,2026-09-22T16:19:02.309682+00:00,3.0,0.35,10.0,QUEENS,4.0,410.0
10 QUEENS,Water Conservation,1,2026-09-20,2026-09-22T16:19:02.309682+00:00,1.0,0.5,10.0,QUEENS,4.0,410.0
10 QUEENS,Water Maintenance,2,2026-09-20,2026-09-22T16:19:02.309682+00:00,1.5,0.28,10.0,QUEENS,4.0,410.0
11 BRONX,APPLIANCE,1,2026-09-20,2026-09-22T16:19:02.309682+00:00,2.0,0.76,11.0,BRONX,2.0,211.0
11 BRONX,Abandoned Vehicle,2,2026-09-20,2026-09-22T16:19:02.309682+00:00,1.5,0.27,11.0,BRONX,2.0,211.0
11 BRONX,Blocked Driveway,9,2026-09-20,2026-09-22T16:19:02.309682+00:00,10.5,0.7,11.0,BRONX,2.0,211.0
11 BRONX,Building/Use,1,2026-09-20,2026-09-22T16:19:02.309682+00:00,1.5,0.65,11.0,BRONX,2.0,211.0
11 BRONX,Consumer Complaint,1,2026-09-20,2026-09-22T16:19:02.309682+00:00,1.0,0.2,11.0,BRONX,2.0,211.0
11 BRONX,DOOR/WINDOW,3,2026-09-20,2026-09-22T16:19:02.309682+00:00,2.0,0.45,11.0,BRONX,2.0,211.0
11 BRONX,Dead Animal,2,2026-09-20,2026-09-22T16:19:02.309682+00:00,1.5,0.55,11.0,BRONX,2.0,211.0
11 BRONX,Elevator,1,2026-09-20,2026-09-22T16:19:02.309682+00:00,1.0,0.28,11.0,BRONX,2.0,211.0
11 BRONX,GENERAL,1,2026-09-20,2026-09-22T16:19:02.309682+00:00,1.5,0.47,11.0,BRONX,2.0,211.0
11 BRONX,Graffiti,1,2026-09-20,2026-09-22T16:19:02.309682+00:00,1.0,0.18,11.0,BRONX,2.0,211.0
11 BRONX,HEAT/HOT WATER,1,2026-09-20,2026-09-22T16:19:02.309682+00:00,2.5,0.49,11.0,BRONX,2.0,211.0
11 BRONX,Illegal Dumping,1,2026-09-20,2026-09-22T16:19:02.309682+00:00,2.5,0.64,11.0,BRONX,2.0,211.0
11 BRONX,Illegal Parking,30,2026-09-20,2026-09-22T16:19:02.309682+00:00,28.0,0.57,11.0,BRONX,2.0,211.0
11 BRONX,Noise - Commercial,1,2026-09-20,2026-09-22T16:19:02.309682+00:00,3.0,0.26,11.0,BRONX,2.0,211.0
11 BRONX,Noise - Residential,35,2026-09-20,2026-09-22T16:19:02.309682+00:00,32.0,0.55,11.0,BRONX,2.0,211.0
11 BRONX,Noise - Street/Sidewalk,9,2026-09-20,2026-09-22T16:19:02.309682+00:00,8.5,0.33,11.0,BRONX,2.0,211.0
11 BRONX,Obstruction,1,2026-09-20,2026-09-22T16:19:02.309682+00:00,1.5,0.5,11.0,BRONX,2.0,211.0
11 BRONX,PAINT/PLASTER,3,2026-09-20,2026-09-22T16:19:02.309682+00:00,3.5,0.68,11.0,BRONX,2.0,211.0
11 BRONX,Rodent,1,2026-09-20,2026-09-22T16:19:02.309682+00:00,4.0,0.95,11.0,BRONX,2.0,211.0
11 BRONX,Root/Sewer/Sidewalk Condition,2,2026-09-20,2026-09-22T16:19:02.309682+00:00,1.5,0.5,11.0,BRONX,2.0,211.0
11 BRONX,Sidewalk Condition,1,2026-09-20,2026-09-22T16:19:02.309682+00:00,2.0,0.75,11.0,BRONX,2.0,211.0
11 BRONX,Traffic Signal Condition,1,2026-09-20,2026-09-22T16:19:02.309682+00:00,1.0,0.1,11.0,BRONX,2.0,211.0
11 BRONX,UNSANITARY CONDITION,3,2026-09-20,2026-09-22T16:19:02.309682+00:00,2.0,0.17,11.0,BRONX,2.0,211.0
11 BRONX,WATER LEAK,1,2026-09-20,2026-09-22T16:19:02.309682+00:00,1.5,0.29,11.0,BRONX,2.0,211.0
11 BROOKLYN,APPLIANCE,1,2026-09-20,2026-09-22T16:19:02.309682+00:00,1.0,0.13,11.0,BROOKLYN,3.0,311.0
11 BROOKLYN,Abandoned Bike,1,2026-09-20,2026-09-22T16:19:02.309682+00:00,1.0,0.5,11.0,BROOKLYN,3.0,311.0
11 BROOKLYN,Abandoned Vehicle,1,2026-09-20,2026-09-22T16:19:02.309682+00:00,1.5,0.27,11.0,BROOKLYN,3.0,311.0
11 BROOKLYN,Blocked Driveway,30,2026-09-20,2026-09-22T16:19:02.309682+00:00,26.0,0.94,11.0,BROOKLYN,3.0,311.0
11 BROOKLYN,Consumer Complaint,1,2026-09-20,2026-09-22T16:19:02.309682+00:00,1.0,0.2,11.0,BROOKLYN,3.0,311.0
11 BROOKLYN,DOOR/WINDOW,1,2026-09-20,2026-09-22T16:19:02.309682+00:00,1.0,0.05,11.0,BROOKLYN,3.0,311.0
11 BROOKLYN,Damaged Tree,1,2026-09-20,2026-09-22T16:19:02.309682+00:00,1.5,0.45,11.0,BROOKLYN,3.0,311.0
11 BROOKLYN,Dirty Condition,1,2026-09-20,2026-09-22T16:19:02.309682+00:00,1.0,0.03,11.0,BROOKLYN,3.0,311.0
11 BROOKLYN,Drinking,2,2026-09-20,2026-09-22T16:19:02.309682+00:00,1.5,0.73,11.0,BROOKLYN,3.0,311.0
11 BROOKLYN,Dumpster Complaint,1,2026-09-20,2026-09-22T16:19:02.309682+00:00,1.0,0.6,11.0,BROOKLYN,3.0,311.0
11 BROOKLYN,Elevator,1,2026-09-20,2026-09-22T16:19:02.309682+00:00,1.0,0.28,11.0,BROOKLYN,3.0,311.0
11 BROOKLYN,For Hire Vehicle Complaint,1,2026-09-20,2026-09-22T16:19:02.309682+00:00,1.0,0.3,11.0,BROOKLYN,3.0,311.0
11 BROOKLYN,GENERAL,1,2026-09-20,2026-09-22T16:19:02.309682+00:00,2.0,0.69,11.0,BROOKLYN,3.0,311.0
11 BROOKLYN,Illegal Dumping,1,2026-09-20,2026-09-22T16:19:02.309682+00:00,1.0,0.08,11.0,BROOKLYN,3.0,311.0
11 BROOKLYN,Illegal Parking,99,2026-09-20,2026-09-22T16:19:02.309682+00:00,94.5,1.0,11.0,BROOKLYN,3.0,311.0
11 BROOKLYN,Lead,1,2026-09-20,2026-09-22T16:19:02.309682+00:00,1.5,0.58,11.0,BROOKLYN,3.0,311.0
11 BROOKLYN,Maintenance or Facility,1,2026-09-20,2026-09-22T16:19:02.309682+00:00,1.0,0.14,11.0,BROOKLYN,3.0,311.0
11 BROOKLYN,Missed Collection,3,2026-09-20,2026-09-22T16:19:02.309682+00:00,3.0,0.74,11.0,BROOKLYN,3.0,311.0
11 BROOKLYN,Noise,2,2026-09-20,2026-09-22T16:19:02.309682+00:00,2.5,0.49,11.0,BROOKLYN,3.0,311.0
11 BROOKLYN,Noise - Commercial,3,2026-09-20,2026-09-22T16:19:02.309682+00:00,2.5,0.19,11.0,BROOKLYN,3.0,311.0
11 BROOKLYN,Noise - Residential,49,2026-09-20,2026-09-22T16:19:02.309682+00:00,52.5,0.84,11.0,BROOKLYN,3.0,311.0
11 BROOKLYN,Noise - Street/Sidewalk,4,2026-09-20,2026-09-22T16:19:02.309682+00:00,5.5,0.21,11.0,BROOKLYN,3.0,311.0
11 BROOKLYN,Noise - Vehicle,1,2026-09-20,2026-09-22T16:19:02.309682+00:00,2.0,0.29,11.0,BROOKLYN,3.0,311.0
11 BROOKLYN,Non-Emergency Police Matter,2,2026-09-20,2026-09-22T16:19:02.309682+00:00,2.0,0.6,11.0,BROOKLYN,3.0,311.0
11 BROOKLYN,Obstruction,1,2026-09-20,2026-09-22T16:19:02.309682+00:00,1.0,0.15,11.0,BROOKLYN,3.0,311.0
11 BROOKLYN,PAINT/PLASTER,2,2026-09-20,2026-09-22T16:19:02.309682+00:00,2.0,0.39,11.0,BROOKLYN,3.0,311.0
11 BROOKLYN,PLUMBING,1,2026-09-20,2026-09-22T16:19:02.309682+00:00,1.0,0.07,11.0,BROOKLYN,3.0,311.0
11 BROOKLYN,Rodent,3,2026-09-20,2026-09-22T16:19:02.309682+00:00,2.5,0.79,11.0,BROOKLYN,3.0,311.0
11 BROOKLYN,Root/Sewer/Sidewalk Condition,2,2026-09-20,2026-09-22T16:19:02.309682+00:00,1.5,0.5,11.0,BROOKLYN,3.0,311.0
11 BROOKLYN,SAFETY,2,2026-09-20,2026-09-22T16:19:02.309682+00:00,3.5,1.0,11.0,BROOKLYN,3.0,311.0
11 BROOKLYN,Sidewalk Condition,1,2026-09-20,2026-09-22T16:19:02.309682+00:00,2.0,0.75,11.0,BROOKLYN,3.0,311.0
11 BROOKLYN,Special Projects Inspection Team (SPIT),1,2026-09-20,2026-09-22T16:19:02.309682+00:00,1.0,0.31,11.0,BROOKLYN,3.0,311.0
11 BROOKLYN,Street Condition,3,2026-09-20,2026-09-22T16:19:02.309682+00:00,3.5,0.66,11.0,BROOKLYN,3.0,311.0
11 BROOKLYN,Street Light Condition,3,2026-09-20,2026-09-22T16:19:02.309682+00:00,2.0,0.58,11.0,BROOKLYN,3.0,311.0
11 BROOKLYN,Street Sign - Missing,1,2026-09-20,2026-09-22T16:19:02.309682+00:00,1.0,0.6,11.0,BROOKLYN,3.0,311.0
11 BROOKLYN,Traffic,1,2026-09-20,2026-09-22T16:19:02.309682+00:00,1.0,0.25,11.0,BROOKLYN,3.0,311.0
11 BROOKLYN,Traffic Signal Condition,1,2026-09-20,2026-09-22T16:19:02.309682+00:00,2.5,0.69,11.0,BROOKLYN,3.0,311.0
11 BROOKLYN,UNSANITARY CONDITION,2,2026-09-20,2026-09-22T16:19:02.309682+00:00,6.0,0.62,11.0,BROOKLYN,3.0,311.0
11 BROOKLYN,Unsanitary Animal Pvt Property,1,2026-09-20,2026-09-22T16:19:02.309682+00:00,1.0,0.56,11.0,BROOKLYN,3.0,311.0
11 BROOKLYN,WATER LEAK,1,2026-09-20,2026-09-22T16:19:02.309682+00:00,1.5,0.29,11.0,BROOKLYN,3.0,311.0
11 BROOKLYN,Water Maintenance,1,2026-09-20,2026-09-22T16:19:02.309682+00:00,2.5,0.58,11.0,BROOKLYN,3.0,311.0
11 MANHATTAN,Blocked Driveway,1,2026-09-20,2026-09-22T16:19:02.309682+00:00,3.5,0.25,11.0,MANHATTAN,1.0,111.0
11 MANHATTAN,DOOR/WINDOW,6,2026-09-20,2026-09-22T16:19:02.309682+00:00,3.5,0.75,11.0,MANHATTAN,1.0,111.0
11 MANHATTAN,Dirty Condition,3,2026-09-20,2026-09-22T16:19:02.309682+00:00,2.5,0.39,11.0,MANHATTAN,1.0,111.0
11 MANHATTAN,Drug Activity,1,2026-09-20,2026-09-22T16:19:02.309682+00:00,1.0,0.27,11.0,MANHATTAN,1.0,111.0
11 MANHATTAN,Dumpster Complaint,1,2026-09-20,2026-09-22T16:19:02.309682+00:00,1.0,0.6,11.0,MANHATTAN,1.0,111.0
11 MANHATTAN,Encampment,1,2026-09-20,2026-09-22T16:19:02.309682+00:00,2.0,0.37,11.0,MANHATTAN,1.0,111.0
11 MANHATTAN,Food Establishment,2,2026-09-20,2026-09-22T16:19:02.309682+00:00,1.5,0.48,11.0,MANHATTAN,1.0,111.0
11 MANHATTAN,For Hire Vehicle Complaint,1,2026-09-20,2026-09-22T16:19:02.309682+00:00,1.0,0.3,11.0,MANHATTAN,1.0,111.0
11 MANHATTAN,GENERAL,2,2026-09-20,2026-09-22T16:19:02.309682+00:00,2.0,0.69,11.0,MANHATTAN,1.0,111.0
11 MANHATTAN,HEAT/HOT WATER,1,2026-09-20,2026-09-22T16:19:02.309682+00:00,7.0,0.91,11.0,MANHATTAN,1.0,111.0
11 MANHATTAN,Illegal Dumping,2,2026-09-20,2026-09-22T16:19:02.309682+00:00,1.5,0.31,11.0,MANHATTAN,1.0,111.0
11 MANHATTAN,Illegal Parking,8,2026-09-20,2026-09-22T16:19:02.309682+00:00,10.5,0.15,11.0,MANHATTAN,1.0,111.0
11 MANHATTAN,Indoor Air Quality,1,2026-09-20,2026-09-22T16:19:02.309682+00:00,1.0,0.28,11.0,MANHATTAN,1.0,111.0
11 MANHATTAN,Lead,2,2026-09-20,2026-09-22T16:19:02.309682+00:00,2.5,0.92,11.0,MANHATTAN,1.0,111.0
11 MANHATTAN,Maintenance or Facility,1,2026-09-20,2026-09-22T16:19:02.309682+00:00,1.5,0.34,11.0,MANHATTAN,1.0,111.0
11 MANHATTAN,Noise,2,2026-09-20,2026-09-22T16:19:02.309682+00:00,2.0,0.39,11.0,MANHATTAN,1.0,111.0
11 MANHATTAN,Noise - Commercial,3,2026-09-20,2026-09-22T16:19:02.309682+00:00,4.0,0.35,11.0,MANHATTAN,1.0,111.0
11 MANHATTAN,Noise - Residential,28,2026-09-20,2026-09-22T16:19:02.309682+00:00,30.0,0.48,11.0,MANHATTAN,1.0,111.0
11 MANHATTAN,Noise - Street/Sidewalk,13,2026-09-20,2026-09-22T16:19:02.309682+00:00,25.5,0.81,11.0,MANHATTAN,1.0,111.0
11 MANHATTAN,Noise - Vehicle,1,2026-09-20,2026-09-22T16:19:02.309682+00:00,1.0,0.06,11.0,MANHATTAN,1.0,111.0
11 MANHATTAN,Non-Emergency Police Matter,2,2026-09-20,2026-09-22T16:19:02.309682+00:00,1.5,0.37,11.0,MANHATTAN,1.0,111.0
11 MANHATTAN,Obstruction,1,2026-09-20,2026-09-22T16:19:02.309682+00:00,1.5,0.5,11.0,MANHATTAN,1.0,111.0
11 MANHATTAN,PAINT/PLASTER,2,2026-09-20,2026-09-22T16:19:02.309682+00:00,1.5,0.19,11.0,MANHATTAN,1.0,111.0
11 MANHATTAN,PLUMBING,3,2026-09-20,2026-09-22T16:19:02.309682+00:00,3.0,0.49,11.0,MANHATTAN,1.0,111.0
11 MANHATTAN,Pet Sale,1,2026-09-20,2026-09-22T16:19:02.309682+00:00,1.0,0.75,11.0,MANHATTAN,1.0,111.0
11 MANHATTAN,Rodent,3,2026-09-20,2026-09-22T16:19:02.309682+00:00,5.5,1.0,11.0,MANHATTAN,1.0,111.0
11 MANHATTAN,Sidewalk Condition,2,2026-09-20,2026-09-22T16:19:02.309682+00:00,1.5,0.43,11.0,MANHATTAN,1.0,111.0
11 MANHATTAN,Smoking or Vaping,1,2026-09-20,2026-09-22T16:19:02.309682+00:00,1.5,0.56,11.0,MANHATTAN,1.0,111.0
11 MANHATTAN,Street Condition,5,2026-09-20,2026-09-22T16:19:02.309682+00:00,4.0,0.76,11.0,MANHATTAN,1.0,111.0
11 MANHATTAN,Traffic Signal Condition,4,2026-09-20,2026-09-22T16:19:02.309682+00:00,2.5,0.69,11.0,MANHATTAN,1.0,111.0
11 MANHATTAN,UNSANITARY CONDITION,6,2026-09-20,2026-09-22T16:19:02.309682+00:00,6.5,0.66,11.0,MANHATTAN,1.0,111.0
11 MANHATTAN,Vendor Enforcement,2,2026-09-20,2026-09-22T16:19:02.309682+00:00,1.5,0.43,11.0,MANHATTAN,1.0,111.0
11 MANHATTAN,Waste Water Treatment Plant,1,2026-09-20,2026-09-22T16:19:02.309682+00:00,1.0,0.75,11.0,MANHATTAN,1.0,111.0
11 MANHATTAN,Water Maintenance,1,2026-09-20,2026-09-22T16:19:02.309682+00:00,1.0,0.09,11.0,MANHATTAN,1.0,111.0
11 QUEENS,Abandoned Vehicle,3,2026-09-20,2026-09-22T16:19:02.309682+00:00,2.5,0.47,11.0,QUEENS,4.0,411.0
11 QUEENS,Blocked Driveway,2,2026-09-20,2026-09-22T16:19:02.309682+00:00,2.5,0.17,11.0,QUEENS,4.0,411.0
11 QUEENS,Building/Use,1,2026-09-20,2026-09-22T16:19:02.309682+00:00,1.0,0.3,11.0,QUEENS,4.0,411.0
11 QUEENS,Bus Stop Shelter Complaint,1,2026-09-20,2026-09-22T16:19:02.309682+00:00,1.0,0.4,11.0,QUEENS,4.0,411.0
11 QUEENS,Curb Condition,1,2026-09-20,2026-09-22T16:19:02.309682+00:00,1.0,0.35,11.0,QUEENS,4.0,411.0
11 QUEENS,Damaged Tree,2,2026-09-20,2026-09-22T16:19:02.309682+00:00,2.5,0.78,11.0,QUEENS,4.0,411.0
11 QUEENS,Dead Animal,1,2026-09-20,2026-09-22T16:19:02.309682+00:00,1.0,0.23,11.0,QUEENS,4.0,411.0
11 QUEENS,Dead/Dying Tree,1,2026-09-20,2026-09-22T16:19:02.309682+00:00,1.5,0.8,11.0,QUEENS,4.0,411.0
11 QUEENS,Dumpster Complaint,1,2026-09-20,2026-09-22T16:19:02.309682+00:00,1.0,0.6,11.0,QUEENS,4.0,411.0
11 QUEENS,General Construction/Plumbing,3,2026-09-20,2026-09-22T16:19:02.309682+00:00,3.5,0.96,11.0,QUEENS,4.0,411.0
11 QUEENS,Illegal Dumping,1,2026-09-20,2026-09-22T16:19:02.309682+00:00,1.5,0.31,11.0,QUEENS,4.0,411.0
11 QUEENS,Illegal Parking,18,2026-09-20,2026-09-22T16:19:02.309682+00:00,23.0,0.48,11.0,QUEENS,4.0,411.0
11 QUEENS,Lead,1,2026-09-20,2026-09-22T16:19:02.309682+00:00,1.5,0.58,11.0,QUEENS,4.0,411.0
11 QUEENS,Maintenance or Facility,3,2026-09-20,2026-09-22T16:19:02.309682+00:00,2.0,0.53,11.0,QUEENS,4.0,411.0
11 QUEENS,Noise - Residential,10,2026-09-20,2026-09-22T16:19:02.309682+00:00,8.5,0.1,11.0,QUEENS,4.0,411.0
11 QUEENS,Noise - Street/Sidewalk,1,2026-09-20,2026-09-22T16:19:02.309682+00:00,2.0,0.04,11.0,QUEENS,4.0,411.0
11 QUEENS,Noise - Vehicle,1,2026-09-20,2026-09-22T16:19:02.309682+00:00,1.0,0.06,11.0,QUEENS,4.0,411.0
11 QUEENS,Overgrown Tree/Branches,3,2026-09-20,2026-09-22T16:19:02.309682+00:00,2.0,0.68,11.0,QUEENS,4.0,411.0
11 QUEENS,Sewer Maintenance,3,2026-09-20,2026-09-22T16:19:02.309682+00:00,2.5,0.89,11.0,QUEENS,4.0,411.0
11 QUEENS,Street Condition,2,2026-09-20,2026-09-22T16:19:02.309682+00:00,3.5,0.66,11.0,QUEENS,4.0,411.0
11 QUEENS,Street Light Condition,2,2026-09-20,2026-09-22T16:19:02.309682+00:00,1.5,0.35,11.0,QUEENS,4.0,411.0
11 QUEENS,Water Maintenance,1,2026-09-20,2026-09-22T16:19:02.309682+00:00,2.5,0.58,11.0,QUEENS,4.0,411.0
12 BRONX,APPLIANCE,1,2026-09-20,2026-09-22T16:19:02.309682+00:00,1.0,0.13,12.0,BRONX,2.0,212.0
12 BRONX,Abandoned Vehicle,2,2026-09-20,2026-09-22T16:19:02.309682+00:00,3.0,0.55,12.0,BRONX,2.0,212.0
12 BRONX,Blocked Driveway,19,2026-09-20,2026-09-22T16:19:02.309682+00:00,23.5,0.91,12.0,BRONX,2.0,212.0
12 BRONX,Building/Use,1,2026-09-20,2026-09-22T16:19:02.309682+00:00,1.0,0.3,12.0,BRONX,2.0,212.0
12 BRONX,DOOR/WINDOW,5,2026-09-20,2026-09-22T16:19:02.309682+00:00,3.5,0.75,12.0,BRONX,2.0,212.0
12 BRONX,Day Care,1,2026-09-20,2026-09-22T16:19:02.309682+00:00,1.0,1.0,12.0,BRONX,2.0,212.0
12 BRONX,Dead Animal,1,2026-09-20,2026-09-22T16:19:02.309682+00:00,1.0,0.23,12.0,BRONX,2.0,212.0
12 BRONX,Dirty Condition,2,2026-09-20,2026-09-22T16:19:02.309682+00:00,3.5,0.6,12.0,BRONX,2.0,212.0
12 BRONX,Food Establishment,2,2026-09-20,2026-09-22T16:19:02.309682+00:00,1.5,0.48,12.0,BRONX,2.0,212.0
12 BRONX,GENERAL,1,2026-09-20,2026-09-22T16:19:02.309682+00:00,1.0,0.18,12.0,BRONX,2.0,212.0
12 BRONX,HEAT/HOT WATER,3,2026-09-20,2026-09-22T16:19:02.309682+00:00,2.5,0.49,12.0,BRONX,2.0,212.0
12 BRONX,Homeless Person Assistance,2,2026-09-20,2026-09-22T16:19:02.309682+00:00,1.5,0.36,12.0,BRONX,2.0,212.0
12 BRONX,Illegal Dumping,3,2026-09-20,2026-09-22T16:19:02.309682+00:00,3.5,0.84,12.0,BRONX,2.0,212.0
12 BRONX,Illegal Parking,38,2026-09-20,2026-09-22T16:19:02.309682+00:00,36.5,0.76,12.0,BRONX,2.0,212.0
12 BRONX,Indoor Air Quality,2,2026-09-20,2026-09-22T16:19:02.309682+00:00,1.5,0.69,12.0,BRONX,2.0,212.0
12 BRONX,Noise,1,2026-09-20,2026-09-22T16:19:02.309682+00:00,2.0,0.39,12.0,BRONX,2.0,212.0
12 BRONX,Noise - Commercial,1,2026-09-20,2026-09-22T16:19:02.309682+00:00,1.0,0.03,12.0,BRONX,2.0,212.0
12 BRONX,Noise - Residential,38,2026-09-20,2026-09-22T16:19:02.309682+00:00,35.0,0.63,12.0,BRONX,2.0,212.0
12 BRONX,Noise - Street/Sidewalk,8,2026-09-20,2026-09-22T16:19:02.309682+00:00,11.0,0.43,12.0,BRONX,2.0,212.0
12 BRONX,Noise - Vehicle,1,2026-09-20,2026-09-22T16:19:02.309682+00:00,3.0,0.58,12.0,BRONX,2.0,212.0
12 BRONX,Obstruction,1,2026-09-20,2026-09-22T16:19:02.309682+00:00,1.0,0.15,12.0,BRONX,2.0,212.0
12 BRONX,PAINT/PLASTER,5,2026-09-20,2026-09-22T16:19:02.309682+00:00,5.0,0.82,12.0,BRONX,2.0,212.0
12 BRONX,PLUMBING,4,2026-09-20,2026-09-22T16:19:02.309682+00:00,3.5,0.58,12.0,BRONX,2.0,212.0
12 BRONX,Residential Disposal Complaint,1,2026-09-20,2026-09-22T16:19:02.309682+00:00,2.5,0.85,12.0,BRONX,2.0,212.0
12 BRONX,Rodent,3,2026-09-20,2026-09-22T16:19:02.309682+00:00,2.0,0.63,12.0,BRONX,2.0,212.0
12 BRONX,Street Condition,3,2026-09-20,2026-09-22T16:19:02.309682+00:00,4.5,0.84,12.0,BRONX,2.0,212.0
12 BRONX,Traffic Signal Condition,1,2026-09-20,2026-09-22T16:19:02.309682+00:00,1.0,0.1,12.0,BRONX,2.0,212.0
12 BRONX,UNSANITARY CONDITION,7,2026-09-20,2026-09-22T16:19:02.309682+00:00,9.5,0.84,12.0,BRONX,2.0,212.0
12 BRONX,WATER LEAK,3,2026-09-20,2026-09-22T16:19:02.309682+00:00,4.0,0.79,12.0,BRONX,2.0,212.0
12 BROOKLYN,Abandoned Vehicle,1,2026-09-20,2026-09-22T16:19:02.309682+00:00,1.0,0.09,12.0,BROOKLYN,3.0,312.0
12 BROOKLYN,Blocked Driveway,9,2026-09-20,2026-09-22T16:19:02.309682+00:00,8.5,0.56,12.0,BROOKLYN,3.0,312.0
12 BROOKLYN,Damaged Tree,2,2026-09-20,2026-09-22T16:19:02.309682+00:00,3.0,0.86,12.0,BROOKLYN,3.0,312.0
12 BROOKLYN,Dirty Condition,4,2026-09-20,2026-09-22T16:19:02.309682+00:00,3.0,0.5,12.0,BROOKLYN,3.0,312.0
12 BROOKLYN,Drinking,2,2026-09-20,2026-09-22T16:19:02.309682+00:00,1.5,0.73,12.0,BROOKLYN,3.0,312.0
12 BROOKLYN,ELECTRIC,1,2026-09-20,2026-09-22T16:19:02.309682+00:00,1.0,0.2,12.0,BROOKLYN,3.0,312.0
12 BROOKLYN,Emergency Response Team (ERT),1,2026-09-20,2026-09-22T16:19:02.309682+00:00,1.0,0.33,12.0,BROOKLYN,3.0,312.0
12 BROOKLYN,FLOORING/STAIRS,1,2026-09-20,2026-09-22T16:19:02.309682+00:00,1.0,0.12,12.0,BROOKLYN,3.0,312.0
12 BROOKLYN,Food Establishment,1,2026-09-20,2026-09-22T16:19:02.309682+00:00,1.0,0.19,12.0,BROOKLYN,3.0,312.0
12 BROOKLYN,Food Poisoning,1,2026-09-20,2026-09-22T16:19:02.309682+00:00,1.0,0.5,12.0,BROOKLYN,3.0,312.0
12 BROOKLYN,For Hire Vehicle Complaint,1,2026-09-20,2026-09-22T16:19:02.309682+00:00,1.0,0.3,12.0,BROOKLYN,3.0,312.0
12 BROOKLYN,GENERAL,1,2026-09-20,2026-09-22T16:19:02.309682+00:00,1.0,0.18,12.0,BROOKLYN,3.0,312.0
12 BROOKLYN,General Construction/Plumbing,4,2026-09-20,2026-09-22T16:19:02.309682+00:00,3.0,0.88,12.0,BROOKLYN,3.0,312.0
12 BROOKLYN,Illegal Dumping,4,2026-09-20,2026-09-22T16:19:02.309682+00:00,4.5,0.93,12.0,BROOKLYN,3.0,312.0
12 BROOKLYN,Illegal Parking,33,2026-09-20,2026-09-22T16:19:02.309682+00:00,29.0,0.61,12.0,BROOKLYN,3.0,312.0
12 BROOKLYN,Lead,1,2026-09-20,2026-09-22T16:19:02.309682+00:00,1.0,0.22,12.0,BROOKLYN,3.0,312.0
12 BROOKLYN,Maintenance or Facility,1,2026-09-20,2026-09-22T16:19:02.309682+00:00,1.0,0.14,12.0,BROOKLYN,3.0,312.0
12 BROOKLYN,Missed Collection,11,2026-09-20,2026-09-22T16:19:02.309682+00:00,6.5,0.97,12.0,BROOKLYN,3.0,312.0
12 BROOKLYN,Noise,4,2026-09-20,2026-09-22T16:19:02.309682+00:00,2.5,0.49,12.0,BROOKLYN,3.0,312.0
12 BROOKLYN,Noise - Park,4,2026-09-20,2026-09-22T16:19:02.309682+00:00,3.0,0.62,12.0,BROOKLYN,3.0,312.0
12 BROOKLYN,Noise - Residential,11,2026-09-20,2026-09-22T16:19:02.309682+00:00,13.0,0.16,12.0,BROOKLYN,3.0,312.0
12 BROOKLYN,Noise - Street/Sidewalk,6,2026-09-20,2026-09-22T16:19:02.309682+00:00,11.0,0.43,12.0,BROOKLYN,3.0,312.0
12 BROOKLYN,Noise - Vehicle,1,2026-09-20,2026-09-22T16:19:02.309682+00:00,1.0,0.06,12.0,BROOKLYN,3.0,312.0
12 BROOKLYN,Overgrown Tree/Branches,1,2026-09-20,2026-09-22T16:19:02.309682+00:00,1.5,0.45,12.0,BROOKLYN,3.0,312.0
12 BROOKLYN,PAINT/PLASTER,2,2026-09-20,2026-09-22T16:19:02.309682+00:00,1.5,0.19,12.0,BROOKLYN,3.0,312.0
12 BROOKLYN,PLUMBING,1,2026-09-20,2026-09-22T16:19:02.309682+00:00,1.0,0.07,12.0,BROOKLYN,3.0,312.0
12 BROOKLYN,Real Time Enforcement,1,2026-09-20,2026-09-22T16:19:02.309682+00:00,1.0,0.5,12.0,BROOKLYN,3.0,312.0
12 BROOKLYN,Rodent,1,2026-09-20,2026-09-22T16:19:02.309682+00:00,1.0,0.18,12.0,BROOKLYN,3.0,312.0
12 BROOKLYN,Root/Sewer/Sidewalk Condition,2,2026-09-20,2026-09-22T16:19:02.309682+00:00,2.0,0.83,12.0,BROOKLYN,3.0,312.0
12 BROOKLYN,Sewer Maintenance,2,2026-09-20,2026-09-22T16:19:02.309682+00:00,1.5,0.47,12.0,BROOKLYN,3.0,312.0
12 BROOKLYN,Sidewalk Condition,1,2026-09-20,2026-09-22T16:19:02.309682+00:00,1.5,0.43,12.0,BROOKLYN,3.0,312.0
12 BROOKLYN,Street Condition,1,2026-09-20,2026-09-22T16:19:02.309682+00:00,1.0,0.07,12.0,BROOKLYN,3.0,312.0
12 BROOKLYN,Street Light Condition,1,2026-09-20,2026-09-22T16:19:02.309682+00:00,1.0,0.12,12.0,BROOKLYN,3.0,312.0
12 BROOKLYN,Traffic Signal Condition,1,2026-09-20,2026-09-22T16:19:02.309682+00:00,1.5,0.29,12.0,BROOKLYN,3.0,312.0
12 BROOKLYN,UNSANITARY CONDITION,8,2026-09-20,2026-09-22T16:19:02.309682+00:00,5.0,0.56,12.0,BROOKLYN,3.0,312.0
12 BROOKLYN,Vendor Enforcement,1,2026-09-20,2026-09-22T16:19:02.309682+00:00,1.5,0.43,12.0,BROOKLYN,3.0,312.0
12 BROOKLYN,WATER LEAK,2,2026-09-20,2026-09-22T16:19:02.309682+00:00,1.5,0.29,12.0,BROOKLYN,3.0,312.0
12 BROOKLYN,Water Maintenance,1,2026-09-20,2026-09-22T16:19:02.309682+00:00,5.5,0.99,12.0,BROOKLYN,3.0,312.0
12 MANHATTAN,APPLIANCE,1,2026-09-20,2026-09-22T16:19:02.309682+00:00,1.0,0.13,12.0,MANHATTAN,1.0,112.0
12 MANHATTAN,Abandoned Vehicle,2,2026-09-20,2026-09-22T16:19:02.309682+00:00,2.0,0.41,12.0,MANHATTAN,1.0,112.0
12 MANHATTAN,Air Quality,1,2026-09-20,2026-09-22T16:19:02.309682+00:00,1.0,0.2,12.0,MANHATTAN,1.0,112.0
12 MANHATTAN,Animal in a Park,1,2026-09-20,2026-09-22T16:19:02.309682+00:00,1.5,0.85,12.0,MANHATTAN,1.0,112.0
12 MANHATTAN,Animal-Abuse,1,2026-09-20,2026-09-22T16:19:02.309682+00:00,1.0,0.35,12.0,MANHATTAN,1.0,112.0
12 MANHATTAN,Blocked Driveway,1,2026-09-20,2026-09-22T16:19:02.309682+00:00,1.5,0.1,12.0,MANHATTAN,1.0,112.0
12 MANHATTAN,Bus Stop Shelter Complaint,2,2026-09-20,2026-09-22T16:19:02.309682+00:00,2.0,1.0,12.0,MANHATTAN,1.0,112.0
12 MANHATTAN,Commercial Disposal Complaint,2,2026-09-20,2026-09-22T16:19:02.309682+00:00,2.0,1.0,12.0,MANHATTAN,1.0,112.0
12 MANHATTAN,DOOR/WINDOW,6,2026-09-20,2026-09-22T16:19:02.309682+00:00,4.5,0.88,12.0,MANHATTAN,1.0,112.0
12 MANHATTAN,Dirty Condition,14,2026-09-20,2026-09-22T16:19:02.309682+00:00,8.0,0.93,12.0,MANHATTAN,1.0,112.0
12 MANHATTAN,Drug Activity,1,2026-09-20,2026-09-22T16:19:02.309682+00:00,1.0,0.27,12.0,MANHATTAN,1.0,112.0
12 MANHATTAN,ELECTRIC,3,2026-09-20,2026-09-22T16:19:02.309682+00:00,3.5,0.84,12.0,MANHATTAN,1.0,112.0
12 MANHATTAN,ELEVATOR,1,2026-09-20,2026-09-22T16:19:02.309682+00:00,1.0,0.25,12.0,MANHATTAN,1.0,112.0
12 MANHATTAN,Elevator,1,2026-09-20,2026-09-22T16:19:02.309682+00:00,1.5,0.65,12.0,MANHATTAN,1.0,112.0
12 MANHATTAN,Encampment,3,2026-09-20,2026-09-22T16:19:02.309682+00:00,2.5,0.51,12.0,MANHATTAN,1.0,112.0
12 MANHATTAN,FLOORING/STAIRS,3,2026-09-20,2026-09-22T16:19:02.309682+00:00,3.0,0.82,12.0,MANHATTAN,1.0,112.0
12 MANHATTAN,Food Establishment,3,2026-09-20,2026-09-22T16:19:02.309682+00:00,2.5,0.98,12.0,MANHATTAN,1.0,112.0
12 MANHATTAN,For Hire Vehicle Complaint,1,2026-09-20,2026-09-22T16:19:02.309682+00:00,1.0,0.3,12.0,MANHATTAN,1.0,112.0
12 MANHATTAN,GENERAL,1,2026-09-20,2026-09-22T16:19:02.309682+00:00,1.0,0.18,12.0,MANHATTAN,1.0,112.0
12 MANHATTAN,General Construction/Plumbing,1,2026-09-20,2026-09-22T16:19:02.309682+00:00,1.5,0.48,12.0,MANHATTAN,1.0,112.0
12 MANHATTAN,HEAT/HOT WATER,4,2026-09-20,2026-09-22T16:19:02.309682+00:00,4.0,0.69,12.0,MANHATTAN,1.0,112.0
12 MANHATTAN,Homeless Person Assistance,2,2026-09-20,2026-09-22T16:19:02.309682+00:00,1.5,0.36,12.0,MANHATTAN,1.0,112.0
12 MANHATTAN,Illegal Dumping,1,2026-09-20,2026-09-22T16:19:02.309682+00:00,1.5,0.31,12.0,MANHATTAN,1.0,112.0
12 MANHATTAN,Illegal Parking,13,2026-09-20,2026-09-22T16:19:02.309682+00:00,32.5,0.67,12.0,MANHATTAN,1.0,112.0
12 MANHATTAN,Lead,1,2026-09-20,2026-09-22T16:19:02.309682+00:00,2.0,0.81,12.0,MANHATTAN,1.0,112.0
12 MANHATTAN,Litter Basket Request,2,2026-09-20,2026-09-22T16:19:02.309682+00:00,1.5,0.69,12.0,MANHATTAN,1.0,112.0
12 MANHATTAN,Maintenance or Facility,3,2026-09-20,2026-09-22T16:19:02.309682+00:00,3.5,0.86,12.0,MANHATTAN,1.0,112.0
12 MANHATTAN,Noise - Commercial,12,2026-09-20,2026-09-22T16:19:02.309682+00:00,14.5,0.8,12.0,MANHATTAN,1.0,112.0
12 MANHATTAN,Noise - Park,10,2026-09-20,2026-09-22T16:19:02.309682+00:00,16.0,1.0,12.0,MANHATTAN,1.0,112.0
12 MANHATTAN,Noise - Residential,58,2026-09-20,2026-09-22T16:19:02.309682+00:00,75.5,0.98,12.0,MANHATTAN,1.0,112.0
12 MANHATTAN,Noise - Street/Sidewalk,72,2026-09-20,2026-09-22T16:19:02.309682+00:00,109.5,1.0,12.0,MANHATTAN,1.0,112.0
12 MANHATTAN,Noise - Vehicle,12,2026-09-20,2026-09-22T16:19:02.309682+00:00,12.0,0.92,12.0,MANHATTAN,1.0,112.0
12 MANHATTAN,Non-Emergency Police Matter,1,2026-09-20,2026-09-22T16:19:02.309682+00:00,1.0,0.12,12.0,MANHATTAN,1.0,112.0
12 MANHATTAN,Obstruction,1,2026-09-20,2026-09-22T16:19:02.309682+00:00,2.0,0.82,12.0,MANHATTAN,1.0,112.0
12 MANHATTAN,PAINT/PLASTER,7,2026-09-20,2026-09-22T16:19:02.309682+00:00,9.0,1.0,12.0,MANHATTAN,1.0,112.0
12 MANHATTAN,PLUMBING,7,2026-09-20,2026-09-22T16:19:02.309682+00:00,6.5,0.93,12.0,MANHATTAN,1.0,112.0
12 MANHATTAN,Residential Disposal Complaint,1,2026-09-20,2026-09-22T16:19:02.309682+00:00,1.0,0.2,12.0,MANHATTAN,1.0,112.0
12 MANHATTAN,Rodent,1,2026-09-20,2026-09-22T16:19:02.309682+00:00,1.0,0.18,12.0,MANHATTAN,1.0,112.0
12 MANHATTAN,SAFETY,3,2026-09-20,2026-09-22T16:19:02.309682+00:00,3.0,0.93,12.0,MANHATTAN,1.0,112.0
12 MANHATTAN,Sewer Maintenance,4,2026-09-20,2026-09-22T16:19:02.309682+00:00,3.0,1.0,12.0,MANHATTAN,1.0,112.0
12 MANHATTAN,Sidewalk Condition,1,2026-09-20,2026-09-22T16:19:02.309682+00:00,1.5,0.43,12.0,MANHATTAN,1.0,112.0
12 MANHATTAN,Smoking or Vaping,1,2026-09-20,2026-09-22T16:19:02.309682+00:00,1.0,0.22,12.0,MANHATTAN,1.0,112.0
12 MANHATTAN,Street Condition,2,2026-09-20,2026-09-22T16:19:02.309682+00:00,2.0,0.31,12.0,MANHATTAN,1.0,112.0
12 MANHATTAN,Street Light Condition,2,2026-09-20,2026-09-22T16:19:02.309682+00:00,2.0,0.58,12.0,MANHATTAN,1.0,112.0
12 MANHATTAN,Traffic,1,2026-09-20,2026-09-22T16:19:02.309682+00:00,1.5,0.64,12.0,MANHATTAN,1.0,112.0
12 MANHATTAN,UNSANITARY CONDITION,11,2026-09-20,2026-09-22T16:19:02.309682+00:00,12.5,0.97,12.0,MANHATTAN,1.0,112.0
12 MANHATTAN,Violation of Park Rules,1,2026-09-20,2026-09-22T16:19:02.309682+00:00,1.0,0.33,12.0,MANHATTAN,1.0,112.0
12 MANHATTAN,WATER LEAK,6,2026-09-20,2026-09-22T16:19:02.309682+00:00,5.5,0.97,12.0,MANHATTAN,1.0,112.0
12 MANHATTAN,Water Maintenance,6,2026-09-20,2026-09-22T16:19:02.309682+00:00,5.5,0.99,12.0,MANHATTAN,1.0,112.0
12 QUEENS,APPLIANCE,3,2026-09-20,2026-09-22T16:19:02.309682+00:00,3.5,0.93,12.0,QUEENS,4.0,412.0
12 QUEENS,Abandoned Vehicle,7,2026-09-20,2026-09-22T16:19:02.309682+00:00,10.5,0.95,12.0,QUEENS,4.0,412.0
12 QUEENS,Animal in a Park,1,2026-09-20,2026-09-22T16:19:02.309682+00:00,1.0,0.4,12.0,QUEENS,4.0,412.0
12 QUEENS,Animal-Abuse,1,2026-09-20,2026-09-22T16:19:02.309682+00:00,1.5,0.78,12.0,QUEENS,4.0,412.0
12 QUEENS,Blocked Driveway,21,2026-09-20,2026-09-22T16:19:02.309682+00:00,22.0,0.88,12.0,QUEENS,4.0,412.0
12 QUEENS,Building/Use,3,2026-09-20,2026-09-22T16:19:02.309682+00:00,2.5,0.92,12.0,QUEENS,4.0,412.0
12 QUEENS,DOOR/WINDOW,5,2026-09-20,2026-09-22T16:19:02.309682+00:00,6.0,0.98,12.0,QUEENS,4.0,412.0
12 QUEENS,Damaged Tree,2,2026-09-20,2026-09-22T16:19:02.309682+00:00,2.0,0.62,12.0,QUEENS,4.0,412.0
12 QUEENS,Dead Animal,2,2026-09-20,2026-09-22T16:19:02.309682+00:00,2.5,0.8,12.0,QUEENS,4.0,412.0
12 QUEENS,Dead/Dying Tree,1,2026-09-20,2026-09-22T16:19:02.309682+00:00,1.5,0.8,12.0,QUEENS,4.0,412.0
12 QUEENS,Dirty Condition,2,2026-09-20,2026-09-22T16:19:02.309682+00:00,2.5,0.39,12.0,QUEENS,4.0,412.0
12 QUEENS,Drug Activity,1,2026-09-20,2026-09-22T16:19:02.309682+00:00,1.0,0.27,12.0,QUEENS,4.0,412.0
12 QUEENS,ELECTRIC,1,2026-09-20,2026-09-22T16:19:02.309682+00:00,1.0,0.2,12.0,QUEENS,4.0,412.0
12 QUEENS,Electrical,1,2026-09-20,2026-09-22T16:19:02.309682+00:00,1.0,0.75,12.0,QUEENS,4.0,412.0
12 QUEENS,Encampment,1,2026-09-20,2026-09-22T16:19:02.309682+00:00,2.0,0.37,12.0,QUEENS,4.0,412.0
12 QUEENS,FLOORING/STAIRS,2,2026-09-20,2026-09-22T16:19:02.309682+00:00,4.0,0.95,12.0,QUEENS,4.0,412.0
12 QUEENS,Food Establishment,1,2026-09-20,2026-09-22T16:19:02.309682+00:00,1.0,0.19,12.0,QUEENS,4.0,412.0
12 QUEENS,For Hire Vehicle Complaint,1,2026-09-20,2026-09-22T16:19:02.309682+00:00,1.5,0.67,12.0,QUEENS,4.0,412.0
12 QUEENS,For Hire Vehicle Report,1,2026-09-20,2026-09-22T16:19:02.309682+00:00,1.0,0.75,12.0,QUEENS,4.0,412.0
12 QUEENS,GENERAL,2,2026-09-20,2026-09-22T16:19:02.309682+00:00,2.5,0.82,12.0,QUEENS,4.0,412.0
12 QUEENS,General Construction/Plumbing,1,2026-09-20,2026-09-22T16:19:02.309682+00:00,3.0,0.88,12.0,QUEENS,4.0,412.0
12 QUEENS,Green Taxi Complaint,1,2026-09-20,2026-09-22T16:19:02.309682+00:00,1.0,1.0,12.0,QUEENS,4.0,412.0
12 QUEENS,HEAT/HOT WATER,4,2026-09-20,2026-09-22T16:19:02.309682+00:00,3.5,0.63,12.0,QUEENS,4.0,412.0
12 QUEENS,Homeless Person Assistance,2,2026-09-20,2026-09-22T16:19:02.309682+00:00,2.0,0.55,12.0,QUEENS,4.0,412.0
12 QUEENS,Illegal Dumping,1,2026-09-20,2026-09-22T16:19:02.309682+00:00,4.5,0.93,12.0,QUEENS,4.0,412.0
12 QUEENS,Illegal Fireworks,2,2026-09-20,2026-09-22T16:19:02.309682+00:00,1.5,0.75,12.0,QUEENS,4.0,412.0
12 QUEENS,Illegal Parking,48,2026-09-20,2026-09-22T16:19:02.309682+00:00,46.5,0.87,12.0,QUEENS,4.0,412.0
12 QUEENS,Missed Collection,3,2026-09-20,2026-09-22T16:19:02.309682+00:00,2.5,0.55,12.0,QUEENS,4.0,412.0
12 QUEENS,Noise,1,2026-09-20,2026-09-22T16:19:02.309682+00:00,1.0,0.09,12.0,QUEENS,4.0,412.0
12 QUEENS,Noise - Commercial,2,2026-09-20,2026-09-22T16:19:02.309682+00:00,4.5,0.42,12.0,QUEENS,4.0,412.0
12 QUEENS,Noise - Residential,68,2026-09-20,2026-09-22T16:19:02.309682+00:00,67.5,0.97,12.0,QUEENS,4.0,412.0
12 QUEENS,Noise - Street/Sidewalk,14,2026-09-20,2026-09-22T16:19:02.309682+00:00,18.5,0.68,12.0,QUEENS,4.0,412.0
12 QUEENS,Noise - Vehicle,2,2026-09-20,2026-09-22T16:19:02.309682+00:00,2.5,0.43,12.0,QUEENS,4.0,412.0
12 QUEENS,Non-Emergency Police Matter,2,2026-09-20,2026-09-22T16:19:02.309682+00:00,4.0,0.87,12.0,QUEENS,4.0,412.0
12 QUEENS,Obstruction,4,2026-09-20,2026-09-22T16:19:02.309682+00:00,3.0,0.97,12.0,QUEENS,4.0,412.0
12 QUEENS,Overgrown Tree/Branches,2,2026-09-20,2026-09-22T16:19:02.309682+00:00,2.5,0.89,12.0,QUEENS,4.0,412.0
12 QUEENS,PAINT/PLASTER,1,2026-09-20,2026-09-22T16:19:02.309682+00:00,1.5,0.19,12.0,QUEENS,4.0,412.0
12 QUEENS,PLUMBING,5,2026-09-20,2026-09-22T16:19:02.309682+00:00,5.5,0.78,12.0,QUEENS,4.0,412.0
12 QUEENS,Panhandling,1,2026-09-20,2026-09-22T16:19:02.309682+00:00,1.0,0.19,12.0,QUEENS,4.0,412.0
12 QUEENS,Plumbing,1,2026-09-20,2026-09-22T16:19:02.309682+00:00,1.0,0.5,12.0,QUEENS,4.0,412.0
12 QUEENS,Residential Disposal Complaint,2,2026-09-20,2026-09-22T16:19:02.309682+00:00,1.5,0.56,12.0,QUEENS,4.0,412.0
12 QUEENS,Rodent,1,2026-09-20,2026-09-22T16:19:02.309682+00:00,2.0,0.63,12.0,QUEENS,4.0,412.0
12 QUEENS,Sewer Maintenance,4,2026-09-20,2026-09-22T16:19:02.309682+00:00,2.5,0.89,12.0,QUEENS,4.0,412.0
12 QUEENS,Sidewalk Condition,1,2026-09-20,2026-09-22T16:19:02.309682+00:00,1.0,0.15,12.0,QUEENS,4.0,412.0
12 QUEENS,Smoking or Vaping,1,2026-09-20,2026-09-22T16:19:02.309682+00:00,1.0,0.22,12.0,QUEENS,4.0,412.0
12 QUEENS,Street Condition,9,2026-09-20,2026-09-22T16:19:02.309682+00:00,7.0,0.96,12.0,QUEENS,4.0,412.0
12 QUEENS,Street Light Condition,1,2026-09-20,2026-09-22T16:19:02.309682+00:00,1.5,0.35,12.0,QUEENS,4.0,412.0
12 QUEENS,Street Sign - Damaged,1,2026-09-20,2026-09-22T16:19:02.309682+00:00,1.0,0.43,12.0,QUEENS,4.0,412.0
12 QUEENS,Traffic,1,2026-09-20,2026-09-22T16:19:02.309682+00:00,4.5,1.0,12.0,QUEENS,4.0,412.0
12 QUEENS,Traffic Signal Condition,5,2026-09-20,2026-09-22T16:19:02.309682+00:00,4.0,0.93,12.0,QUEENS,4.0,412.0
12 QUEENS,UNSANITARY CONDITION,12,2026-09-20,2026-09-22T16:19:02.309682+00:00,12.5,0.97,12.0,QUEENS,4.0,412.0
12 QUEENS,Water Maintenance,1,2026-09-20,2026-09-22T16:19:02.309682+00:00,1.5,0.28,12.0,QUEENS,4.0,412.0
13 BROOKLYN,Blocked Driveway,5,2026-09-20,2026-09-22T16:19:02.309682+00:00,6.0,0.45,13.0,BROOKLYN,3.0,313.0
13 BROOKLYN,Building/Use,1,2026-09-20,2026-09-22T16:19:02.309682+00:00,1.0,0.3,13.0,BROOKLYN,3.0,313.0
13 BROOKLYN,DOOR/WINDOW,1,2026-09-20,2026-09-22T16:19:02.309682+00:00,1.0,0.05,13.0,BROOKLYN,3.0,313.0
13 BROOKLYN,Encampment,1,2026-09-20,2026-09-22T16:19:02.309682+00:00,2.0,0.37,13.0,BROOKLYN,3.0,313.0
13 BROOKLYN,Food Poisoning,1,2026-09-20,2026-09-22T16:19:02.309682+00:00,1.0,0.5,13.0,BROOKLYN,3.0,313.0
13 BROOKLYN,For Hire Vehicle Complaint,1,2026-09-20,2026-09-22T16:19:02.309682+00:00,1.0,0.3,13.0,BROOKLYN,3.0,313.0
13 BROOKLYN,Graffiti,2,2026-09-20,2026-09-22T16:19:02.309682+00:00,2.0,0.64,13.0,BROOKLYN,3.0,313.0
13 BROOKLYN,Illegal Dumping,2,2026-09-20,2026-09-22T16:19:02.309682+00:00,1.5,0.31,13.0,BROOKLYN,3.0,313.0
13 BROOKLYN,Illegal Parking,17,2026-09-20,2026-09-22T16:19:02.309682+00:00,14.5,0.26,13.0,BROOKLYN,3.0,313.0
13 BROOKLYN,Indoor Air Quality,1,2026-09-20,2026-09-22T16:19:02.309682+00:00,1.0,0.28,13.0,BROOKLYN,3.0,313.0
13 BROOKLYN,Indoor Sewage,1,2026-09-20,2026-09-22T16:19:02.309682+00:00,1.0,1.0,13.0,BROOKLYN,3.0,313.0
13 BROOKLYN,Industrial Waste,1,2026-09-20,2026-09-22T16:19:02.309682+00:00,1.0,0.62,13.0,BROOKLYN,3.0,313.0
13 BROOKLYN,Noise,3,2026-09-20,2026-09-22T16:19:02.309682+00:00,3.0,0.55,13.0,BROOKLYN,3.0,313.0
13 BROOKLYN,Noise - Residential,12,2026-09-20,2026-09-22T16:19:02.309682+00:00,19.0,0.3,13.0,BROOKLYN,3.0,313.0
13 BROOKLYN,Noise - Street/Sidewalk,2,2026-09-20,2026-09-22T16:19:02.309682+00:00,10.0,0.37,13.0,BROOKLYN,3.0,313.0
13 BROOKLYN,PLUMBING,1,2026-09-20,2026-09-22T16:19:02.309682+00:00,1.0,0.07,13.0,BROOKLYN,3.0,313.0
13 BROOKLYN,Rodent,1,2026-09-20,2026-09-22T16:19:02.309682+00:00,2.0,0.63,13.0,BROOKLYN,3.0,313.0
13 BROOKLYN,Special Projects Inspection Team (SPIT),1,2026-09-20,2026-09-22T16:19:02.309682+00:00,1.0,0.31,13.0,BROOKLYN,3.0,313.0
13 BROOKLYN,Street Condition,1,2026-09-20,2026-09-22T16:19:02.309682+00:00,1.0,0.07,13.0,BROOKLYN,3.0,313.0
13 BROOKLYN,UNSANITARY CONDITION,1,2026-09-20,2026-09-22T16:19:02.309682+00:00,2.0,0.17,13.0,BROOKLYN,3.0,313.0
13 BROOKLYN,WATER LEAK,1,2026-09-20,2026-09-22T16:19:02.309682+00:00,1.0,0.1,13.0,BROOKLYN,3.0,313.0
13 BROOKLYN,Water Maintenance,2,2026-09-20,2026-09-22T16:19:02.309682+00:00,1.5,0.28,13.0,BROOKLYN,3.0,313.0
13 QUEENS,APPLIANCE,1,2026-09-20,2026-09-22T16:19:02.309682+00:00,1.0,0.13,13.0,QUEENS,4.0,413.0
13 QUEENS,Abandoned Vehicle,8,2026-09-20,2026-09-22T16:19:02.309682+00:00,7.0,0.85,13.0,QUEENS,4.0,413.0
13 QUEENS,Blocked Driveway,11,2026-09-20,2026-09-22T16:19:02.309682+00:00,8.5,0.56,13.0,QUEENS,4.0,413.0
13 QUEENS,Cannabis Retailer,1,2026-09-20,2026-09-22T16:19:02.309682+00:00,1.0,0.5,13.0,QUEENS,4.0,413.0
13 QUEENS,Consumer Complaint,1,2026-09-20,2026-09-22T16:19:02.309682+00:00,2.0,0.77,13.0,QUEENS,4.0,413.0
13 QUEENS,Curb Condition,1,2026-09-20,2026-09-22T16:19:02.309682+00:00,1.0,0.35,13.0,QUEENS,4.0,413.0
13 QUEENS,Dead Animal,1,2026-09-20,2026-09-22T16:19:02.309682+00:00,1.5,0.55,13.0,QUEENS,4.0,413.0
13 QUEENS,Dead/Dying Tree,1,2026-09-20,2026-09-22T16:19:02.309682+00:00,1.0,0.3,13.0,QUEENS,4.0,413.0
13 QUEENS,Dirty Condition,3,2026-09-20,2026-09-22T16:19:02.309682+00:00,2.0,0.27,13.0,QUEENS,4.0,413.0
13 QUEENS,Food Establishment,1,2026-09-20,2026-09-22T16:19:02.309682+00:00,1.0,0.19,13.0,QUEENS,4.0,413.0
13 QUEENS,For Hire Vehicle Complaint,1,2026-09-20,2026-09-22T16:19:02.309682+00:00,1.0,0.3,13.0,QUEENS,4.0,413.0
13 QUEENS,Graffiti,2,2026-09-20,2026-09-22T16:19:02.309682+00:00,1.5,0.43,13.0,QUEENS,4.0,413.0
13 QUEENS,Homeless Person Assistance,1,2026-09-20,2026-09-22T16:19:02.309682+00:00,1.5,0.36,13.0,QUEENS,4.0,413.0
13 QUEENS,Illegal Dumping,2,2026-09-20,2026-09-22T16:19:02.309682+00:00,3.5,0.84,13.0,QUEENS,4.0,413.0
13 QUEENS,Illegal Parking,24,2026-09-20,2026-09-22T16:19:02.309682+00:00,26.0,0.54,13.0,QUEENS,4.0,413.0
13 QUEENS,Illegal Tree Damage,1,2026-09-20,2026-09-22T16:19:02.309682+00:00,1.5,0.92,13.0,QUEENS,4.0,413.0
13 QUEENS,Lead,2,2026-09-20,2026-09-22T16:19:02.309682+00:00,1.5,0.58,13.0,QUEENS,4.0,413.0
13 QUEENS,Litter Basket Complaint,1,2026-09-20,2026-09-22T16:19:02.309682+00:00,1.0,0.75,13.0,QUEENS,4.0,413.0
13 QUEENS,Missed Collection,3,2026-09-20,2026-09-22T16:19:02.309682+00:00,2.5,0.55,13.0,QUEENS,4.0,413.0
13 QUEENS,Noise - Commercial,2,2026-09-20,2026-09-22T16:19:02.309682+00:00,3.0,0.26,13.0,QUEENS,4.0,413.0
13 QUEENS,Noise - Residential,28,2026-09-20,2026-09-22T16:19:02.309682+00:00,33.5,0.58,13.0,QUEENS,4.0,413.0
13 QUEENS,Noise - Street/Sidewalk,5,2026-09-20,2026-09-22T16:19:02.309682+00:00,6.5,0.27,13.0,QUEENS,4.0,413.0
13 QUEENS,Noise - Vehicle,1,2026-09-20,2026-09-22T16:19:02.309682+00:00,2.0,0.29,13.0,QUEENS,4.0,413.0
13 QUEENS,Obstruction,2,2026-09-20,2026-09-22T16:19:02.309682+00:00,1.5,0.5,13.0,QUEENS,4.0,413.0
13 QUEENS,Overgrown Tree/Branches,3,2026-09-20,2026-09-22T16:19:02.309682+00:00,2.0,0.68,13.0,QUEENS,4.0,413.0
13 QUEENS,Residential Disposal Complaint,4,2026-09-20,2026-09-22T16:19:02.309682+00:00,2.5,0.85,13.0,QUEENS,4.0,413.0
13 QUEENS,SAFETY,1,2026-09-20,2026-09-22T16:19:02.309682+00:00,1.0,0.27,13.0,QUEENS,4.0,413.0
13 QUEENS,Sewer Maintenance,1,2026-09-20,2026-09-22T16:19:02.309682+00:00,2.0,0.69,13.0,QUEENS,4.0,413.0
13 QUEENS,Street Condition,7,2026-09-20,2026-09-22T16:19:02.309682+00:00,6.5,0.94,13.0,QUEENS,4.0,413.0
13 QUEENS,Street Light Condition,1,2026-09-20,2026-09-22T16:19:02.309682+00:00,2.5,0.73,13.0,QUEENS,4.0,413.0
13 QUEENS,UNSANITARY CONDITION,1,2026-09-20,2026-09-22T16:19:02.309682+00:00,1.5,0.1,13.0,QUEENS,4.0,413.0
13 QUEENS,Water Maintenance,1,2026-09-20,2026-09-22T16:19:02.309682+00:00,1.5,0.28,13.0,QUEENS,4.0,413.0
14 BROOKLYN,APPLIANCE,1,2026-09-20,2026-09-22T16:19:02.309682+00:00,1.5,0.44,14.0,BROOKLYN,3.0,314.0
14 BROOKLYN,Abandoned Vehicle,2,2026-09-20,2026-09-22T16:19:02.309682+00:00,1.5,0.27,14.0,BROOKLYN,3.0,314.0
14 BROOKLYN,Air Quality,2,2026-09-20,2026-09-22T16:19:02.309682+00:00,1.5,0.65,14.0,BROOKLYN,3.0,314.0
14 BROOKLYN,Animal-Abuse,1,2026-09-20,2026-09-22T16:19:02.309682+00:00,1.0,0.35,14.0,BROOKLYN,3.0,314.0
14 BROOKLYN,Blocked Driveway,13,2026-09-20,2026-09-22T16:19:02.309682+00:00,9.0,0.62,14.0,BROOKLYN,3.0,314.0
14 BROOKLYN,Building/Use,1,2026-09-20,2026-09-22T16:19:02.309682+00:00,1.0,0.3,14.0,BROOKLYN,3.0,314.0
14 BROOKLYN,DOOR/WINDOW,4,2026-09-20,2026-09-22T16:19:02.309682+00:00,3.0,0.66,14.0,BROOKLYN,3.0,314.0
14 BROOKLYN,Damaged Tree,5,2026-09-20,2026-09-22T16:19:02.309682+00:00,3.5,0.91,14.0,BROOKLYN,3.0,314.0
14 BROOKLYN,Dead Animal,2,2026-09-20,2026-09-22T16:19:02.309682+00:00,1.5,0.55,14.0,BROOKLYN,3.0,314.0
14 BROOKLYN,Dirty Condition,8,2026-09-20,2026-09-22T16:19:02.309682+00:00,6.0,0.85,14.0,BROOKLYN,3.0,314.0
14 BROOKLYN,ELEVATOR,5,2026-09-20,2026-09-22T16:19:02.309682+00:00,3.0,1.0,14.0,BROOKLYN,3.0,314.0
14 BROOKLYN,Elevator,2,2026-09-20,2026-09-22T16:19:02.309682+00:00,2.0,0.88,14.0,BROOKLYN,3.0,314.0
14 BROOKLYN,FLOORING/STAIRS,1,2026-09-20,2026-09-22T16:19:02.309682+00:00,1.0,0.12,14.0,BROOKLYN,3.0,314.0
14 BROOKLYN,Food Establishment,1,2026-09-20,2026-09-22T16:19:02.309682+00:00,1.0,0.19,14.0,BROOKLYN,3.0,314.0
14 BROOKLYN,For Hire Vehicle Complaint,1,2026-09-20,2026-09-22T16:19:02.309682+00:00,1.5,0.67,14.0,BROOKLYN,3.0,314.0
14 BROOKLYN,GENERAL,8,2026-09-20,2026-09-22T16:19:02.309682+00:00,4.5,0.93,14.0,BROOKLYN,3.0,314.0
14 BROOKLYN,General Construction/Plumbing,3,2026-09-20,2026-09-22T16:19:02.309682+00:00,2.0,0.66,14.0,BROOKLYN,3.0,314.0
14 BROOKLYN,HEAT/HOT WATER,7,2026-09-20,2026-09-22T16:19:02.309682+00:00,6.0,0.87,14.0,BROOKLYN,3.0,314.0
14 BROOKLYN,Illegal Dumping,1,2026-09-20,2026-09-22T16:19:02.309682+00:00,1.5,0.31,14.0,BROOKLYN,3.0,314.0
14 BROOKLYN,Illegal Parking,37,2026-09-20,2026-09-22T16:19:02.309682+00:00,29.0,0.61,14.0,BROOKLYN,3.0,314.0
14 BROOKLYN,Lead,1,2026-09-20,2026-09-22T16:19:02.309682+00:00,1.0,0.22,14.0,BROOKLYN,3.0,314.0
14 BROOKLYN,Missed Collection,4,2026-09-20,2026-09-22T16:19:02.309682+00:00,4.0,0.84,14.0,BROOKLYN,3.0,314.0
14 BROOKLYN,Noise - Commercial,12,2026-09-20,2026-09-22T16:19:02.309682+00:00,15.5,0.82,14.0,BROOKLYN,3.0,314.0
14 BROOKLYN,Noise - Residential,35,2026-09-20,2026-09-22T16:19:02.309682+00:00,34.0,0.61,14.0,BROOKLYN,3.0,314.0
14 BROOKLYN,Noise - Street/Sidewalk,5,2026-09-20,2026-09-22T16:19:02.309682+00:00,13.5,0.51,14.0,BROOKLYN,3.0,314.0
14 BROOKLYN,Noise - Vehicle,2,2026-09-20,2026-09-22T16:19:02.309682+00:00,2.5,0.43,14.0,BROOKLYN,3.0,314.0
14 BROOKLYN,Non-Emergency Police Matter,1,2026-09-20,2026-09-22T16:19:02.309682+00:00,1.5,0.37,14.0,BROOKLYN,3.0,314.0
14 BROOKLYN,PAINT/PLASTER,5,2026-09-20,2026-09-22T16:19:02.309682+00:00,4.0,0.74,14.0,BROOKLYN,3.0,314.0
14 BROOKLYN,PLUMBING,9,2026-09-20,2026-09-22T16:19:02.309682+00:00,6.0,0.86,14.0,BROOKLYN,3.0,314.0
14 BROOKLYN,Real Time Enforcement,2,2026-09-20,2026-09-22T16:19:02.309682+00:00,2.0,1.0,14.0,BROOKLYN,3.0,314.0
14 BROOKLYN,Residential Disposal Complaint,1,2026-09-20,2026-09-22T16:19:02.309682+00:00,1.5,0.56,14.0,BROOKLYN,3.0,314.0
14 BROOKLYN,Rodent,4,2026-09-20,2026-09-22T16:19:02.309682+00:00,3.5,0.89,14.0,BROOKLYN,3.0,314.0
14 BROOKLYN,SAFETY,1,2026-09-20,2026-09-22T16:19:02.309682+00:00,1.0,0.27,14.0,BROOKLYN,3.0,314.0
14 BROOKLYN,Sewer Maintenance,3,2026-09-20,2026-09-22T16:19:02.309682+00:00,2.0,0.69,14.0,BROOKLYN,3.0,314.0
14 BROOKLYN,Sidewalk Condition,1,2026-09-20,2026-09-22T16:19:02.309682+00:00,2.5,0.93,14.0,BROOKLYN,3.0,314.0
14 BROOKLYN,Smoking or Vaping,1,2026-09-20,2026-09-22T16:19:02.309682+00:00,2.5,0.94,14.0,BROOKLYN,3.0,314.0
14 BROOKLYN,Special Projects Inspection Team (SPIT),1,2026-09-20,2026-09-22T16:19:02.309682+00:00,1.0,0.31,14.0,BROOKLYN,3.0,314.0
14 BROOKLYN,Street Light Condition,1,2026-09-20,2026-09-22T16:19:02.309682+00:00,1.0,0.12,14.0,BROOKLYN,3.0,314.0
14 BROOKLYN,Street Sign - Damaged,1,2026-09-20,2026-09-22T16:19:02.309682+00:00,1.0,0.43,14.0,BROOKLYN,3.0,314.0
14 BROOKLYN,Traffic,1,2026-09-20,2026-09-22T16:19:02.309682+00:00,1.0,0.25,14.0,BROOKLYN,3.0,314.0
14 BROOKLYN,Traffic Signal Condition,2,2026-09-20,2026-09-22T16:19:02.309682+00:00,1.5,0.29,14.0,BROOKLYN,3.0,314.0
14 BROOKLYN,UNSANITARY CONDITION,34,2026-09-20,2026-09-22T16:19:02.309682+00:00,21.0,1.0,14.0,BROOKLYN,3.0,314.0
14 BROOKLYN,WATER LEAK,7,2026-09-20,2026-09-22T16:19:02.309682+00:00,4.0,0.79,14.0,BROOKLYN,3.0,314.0
14 BROOKLYN,Water Maintenance,2,2026-09-20,2026-09-22T16:19:02.309682+00:00,2.0,0.45,14.0,BROOKLYN,3.0,314.0
14 BROOKLYN,Water Quality,1,2026-09-20,2026-09-22T16:19:02.309682+00:00,1.0,0.75,14.0,BROOKLYN,3.0,314.0
14 QUEENS,APPLIANCE,1,2026-09-20,2026-09-22T16:19:02.309682+00:00,1.5,0.44,14.0,QUEENS,4.0,414.0
14 QUEENS,Animal in a Park,1,2026-09-20,2026-09-22T16:19:02.309682+00:00,1.5,0.85,14.0,QUEENS,4.0,414.0
14 QUEENS,Animal-Abuse,1,2026-09-20,2026-09-22T16:19:02.309682+00:00,1.0,0.35,14.0,QUEENS,4.0,414.0
14 QUEENS,Blocked Driveway,4,2026-09-20,2026-09-22T16:19:02.309682+00:00,5.0,0.37,14.0,QUEENS,4.0,414.0
14 QUEENS,HEAT/HOT WATER,1,2026-09-20,2026-09-22T16:19:02.309682+00:00,1.5,0.27,14.0,QUEENS,4.0,414.0
14 QUEENS,Illegal Dumping,1,2026-09-20,2026-09-22T16:19:02.309682+00:00,1.0,0.08,14.0,QUEENS,4.0,414.0
14 QUEENS,Illegal Parking,19,2026-09-20,2026-09-22T16:19:02.309682+00:00,22.0,0.43,14.0,QUEENS,4.0,414.0
14 QUEENS,Missed Collection,1,2026-09-20,2026-09-22T16:19:02.309682+00:00,1.5,0.24,14.0,QUEENS,4.0,414.0
14 QUEENS,Noise - Residential,19,2026-09-20,2026-09-22T16:19:02.309682+00:00,21.0,0.35,14.0,QUEENS,4.0,414.0
14 QUEENS,Noise - Street/Sidewalk,5,2026-09-20,2026-09-22T16:19:02.309682+00:00,6.5,0.27,14.0,QUEENS,4.0,414.0
14 QUEENS,Obstruction,2,2026-09-20,2026-09-22T16:19:02.309682+00:00,1.5,0.5,14.0,QUEENS,4.0,414.0
14 QUEENS,PAINT/PLASTER,1,2026-09-20,2026-09-22T16:19:02.309682+00:00,1.5,0.19,14.0,QUEENS,4.0,414.0
14 QUEENS,Residential Disposal Complaint,1,2026-09-20,2026-09-22T16:19:02.309682+00:00,1.0,0.2,14.0,QUEENS,4.0,414.0
14 QUEENS,Street Condition,6,2026-09-20,2026-09-22T16:19:02.309682+00:00,3.5,0.66,14.0,QUEENS,4.0,414.0
14 QUEENS,UNSANITARY CONDITION,4,2026-09-20,2026-09-22T16:19:02.309682+00:00,3.5,0.43,14.0,QUEENS,4.0,414.0
14 QUEENS,Unsanitary Animal Pvt Property,1,2026-09-20,2026-09-22T16:19:02.309682+00:00,1.0,0.56,14.0,QUEENS,4.0,414.0
14 QUEENS,Water Maintenance,1,2026-09-20,2026-09-22T16:19:02.309682+00:00,1.0,0.09,14.0,QUEENS,4.0,414.0
15 BROOKLYN,APPLIANCE,1,2026-09-20,2026-09-22T16:19:02.309682+00:00,1.0,0.13,15.0,BROOKLYN,3.0,315.0
15 BROOKLYN,Abandoned Vehicle,8,2026-09-20,2026-09-22T16:19:02.309682+00:00,6.0,0.78,15.0,BROOKLYN,3.0,315.0
15 BROOKLYN,Blocked Driveway,16,2026-09-20,2026-09-22T16:19:02.309682+00:00,14.5,0.79,15.0,BROOKLYN,3.0,315.0
15 BROOKLYN,Bus Stop Shelter Complaint,2,2026-09-20,2026-09-22T16:19:02.309682+00:00,1.5,0.8,15.0,BROOKLYN,3.0,315.0
15 BROOKLYN,Consumer Complaint,3,2026-09-20,2026-09-22T16:19:02.309682+00:00,2.5,0.89,15.0,BROOKLYN,3.0,315.0
15 BROOKLYN,Derelict Vehicles,1,2026-09-20,2026-09-22T16:19:02.309682+00:00,1.0,0.2,15.0,BROOKLYN,3.0,315.0
15 BROOKLYN,Dirty Condition,2,2026-09-20,2026-09-22T16:19:02.309682+00:00,4.0,0.7,15.0,BROOKLYN,3.0,315.0
15 BROOKLYN,Emergency Response Team (ERT),1,2026-09-20,2026-09-22T16:19:02.309682+00:00,1.0,0.33,15.0,BROOKLYN,3.0,315.0
15 BROOKLYN,Encampment,6,2026-09-20,2026-09-22T16:19:02.309682+00:00,3.5,0.67,15.0,BROOKLYN,3.0,315.0
15 BROOKLYN,Food Poisoning,1,2026-09-20,2026-09-22T16:19:02.309682+00:00,1.0,0.5,15.0,BROOKLYN,3.0,315.0
15 BROOKLYN,GENERAL,1,2026-09-20,2026-09-22T16:19:02.309682+00:00,1.0,0.18,15.0,BROOKLYN,3.0,315.0
15 BROOKLYN,General Construction/Plumbing,4,2026-09-20,2026-09-22T16:19:02.309682+00:00,4.5,1.0,15.0,BROOKLYN,3.0,315.0
15 BROOKLYN,Illegal Dumping,1,2026-09-20,2026-09-22T16:19:02.309682+00:00,4.0,0.89,15.0,BROOKLYN,3.0,315.0
15 BROOKLYN,Illegal Parking,45,2026-09-20,2026-09-22T16:19:02.309682+00:00,46.0,0.85,15.0,BROOKLYN,3.0,315.0
15 BROOKLYN,Indoor Air Quality,1,2026-09-20,2026-09-22T16:19:02.309682+00:00,1.0,0.28,15.0,BROOKLYN,3.0,315.0
15 BROOKLYN,Investigations and Discipline (IAD),1,2026-09-20,2026-09-22T16:19:02.309682+00:00,1.0,0.75,15.0,BROOKLYN,3.0,315.0
15 BROOKLYN,Lead,1,2026-09-20,2026-09-22T16:19:02.309682+00:00,1.5,0.58,15.0,BROOKLYN,3.0,315.0
15 BROOKLYN,Missed Collection,2,2026-09-20,2026-09-22T16:19:02.309682+00:00,1.5,0.24,15.0,BROOKLYN,3.0,315.0
15 BROOKLYN,Noise,1,2026-09-20,2026-09-22T16:19:02.309682+00:00,1.5,0.25,15.0,BROOKLYN,3.0,315.0
15 BROOKLYN,Noise - Commercial,1,2026-09-20,2026-09-22T16:19:02.309682+00:00,1.0,0.03,15.0,BROOKLYN,3.0,315.0
15 BROOKLYN,Noise - Residential,20,2026-09-20,2026-09-22T16:19:02.309682+00:00,21.5,0.37,15.0,BROOKLYN,3.0,315.0
15 BROOKLYN,Noise - Street/Sidewalk,7,2026-09-20,2026-09-22T16:19:02.309682+00:00,5.0,0.17,15.0,BROOKLYN,3.0,315.0
15 BROOKLYN,Noise - Vehicle,3,2026-09-20,2026-09-22T16:19:02.309682+00:00,2.0,0.29,15.0,BROOKLYN,3.0,315.0
15 BROOKLYN,Non-Emergency Police Matter,1,2026-09-20,2026-09-22T16:19:02.309682+00:00,2.0,0.6,15.0,BROOKLYN,3.0,315.0
15 BROOKLYN,Obstruction,3,2026-09-20,2026-09-22T16:19:02.309682+00:00,3.5,1.0,15.0,BROOKLYN,3.0,315.0
15 BROOKLYN,Overgrown Tree/Branches,3,2026-09-20,2026-09-22T16:19:02.309682+00:00,2.5,0.89,15.0,BROOKLYN,3.0,315.0
15 BROOKLYN,PAINT/PLASTER,1,2026-09-20,2026-09-22T16:19:02.309682+00:00,2.0,0.39,15.0,BROOKLYN,3.0,315.0
15 BROOKLYN,PLUMBING,1,2026-09-20,2026-09-22T16:19:02.309682+00:00,1.0,0.07,15.0,BROOKLYN,3.0,315.0
15 BROOKLYN,Real Time Enforcement,1,2026-09-20,2026-09-22T16:19:02.309682+00:00,1.0,0.5,15.0,BROOKLYN,3.0,315.0
15 BROOKLYN,Root/Sewer/Sidewalk Condition,2,2026-09-20,2026-09-22T16:19:02.309682+00:00,1.5,0.5,15.0,BROOKLYN,3.0,315.0
15 BROOKLYN,Sewer Maintenance,1,2026-09-20,2026-09-22T16:19:02.309682+00:00,1.0,0.18,15.0,BROOKLYN,3.0,315.0
15 BROOKLYN,Sidewalk Condition,2,2026-09-20,2026-09-22T16:19:02.309682+00:00,3.0,0.97,15.0,BROOKLYN,3.0,315.0
15 BROOKLYN,Street Condition,4,2026-09-20,2026-09-22T16:19:02.309682+00:00,3.0,0.52,15.0,BROOKLYN,3.0,315.0
15 BROOKLYN,Street Light Condition,1,2026-09-20,2026-09-22T16:19:02.309682+00:00,2.0,0.58,15.0,BROOKLYN,3.0,315.0
15 BROOKLYN,Traffic,2,2026-09-20,2026-09-22T16:19:02.309682+00:00,2.5,0.93,15.0,BROOKLYN,3.0,315.0
15 BROOKLYN,Traffic Signal Condition,2,2026-09-20,2026-09-22T16:19:02.309682+00:00,2.0,0.5,15.0,BROOKLYN,3.0,315.0
15 BROOKLYN,UNSANITARY CONDITION,6,2026-09-20,2026-09-22T16:19:02.309682+00:00,3.5,0.43,15.0,BROOKLYN,3.0,315.0
15 BROOKLYN,WATER LEAK,1,2026-09-20,2026-09-22T16:19:02.309682+00:00,1.5,0.29,15.0,BROOKLYN,3.0,315.0
15 BROOKLYN,Water Maintenance,1,2026-09-20,2026-09-22T16:19:02.309682+00:00,2.5,0.58,15.0,BROOKLYN,3.0,315.0
16 BROOKLYN,APPLIANCE,1,2026-09-20,2026-09-22T16:19:02.309682+00:00,1.5,0.44,16.0,BROOKLYN,3.0,316.0
16 BROOKLYN,Abandoned Vehicle,1,2026-09-20,2026-09-22T16:19:02.309682+00:00,1.0,0.09,16.0,BROOKLYN,3.0,316.0
16 BROOKLYN,Air Quality,1,2026-09-20,2026-09-22T16:19:02.309682+00:00,1.5,0.65,16.0,BROOKLYN,3.0,316.0
16 BROOKLYN,Blocked Driveway,4,2026-09-20,2026-09-22T16:19:02.309682+00:00,6.5,0.48,16.0,BROOKLYN,3.0,316.0
16 BROOKLYN,Cannabis Retailer,1,2026-09-20,2026-09-22T16:19:02.309682+00:00,1.0,0.5,16.0,BROOKLYN,3.0,316.0
16 BROOKLYN,Consumer Complaint,1,2026-09-20,2026-09-22T16:19:02.309682+00:00,2.0,0.77,16.0,BROOKLYN,3.0,316.0
16 BROOKLYN,DOOR/WINDOW,1,2026-09-20,2026-09-22T16:19:02.309682+00:00,2.5,0.56,16.0,BROOKLYN,3.0,316.0
16 BROOKLYN,Dead/Dying Tree,1,2026-09-20,2026-09-22T16:19:02.309682+00:00,1.0,0.3,16.0,BROOKLYN,3.0,316.0
16 BROOKLYN,Derelict Vehicles,1,2026-09-20,2026-09-22T16:19:02.309682+00:00,1.5,0.6,16.0,BROOKLYN,3.0,316.0
16 BROOKLYN,Elevator,1,2026-09-20,2026-09-22T16:19:02.309682+00:00,1.0,0.28,16.0,BROOKLYN,3.0,316.0
16 BROOKLYN,Illegal Parking,3,2026-09-20,2026-09-22T16:19:02.309682+00:00,4.5,0.06,16.0,BROOKLYN,3.0,316.0
16 BROOKLYN,Maintenance or Facility,1,2026-09-20,2026-09-22T16:19:02.309682+00:00,1.0,0.14,16.0,BROOKLYN,3.0,316.0
16 BROOKLYN,Missed Collection,1,2026-09-20,2026-09-22T16:19:02.309682+00:00,1.0,0.08,16.0,BROOKLYN,3.0,316.0
16 BROOKLYN,Noise,1,2026-09-20,2026-09-22T16:19:02.309682+00:00,1.0,0.09,16.0,BROOKLYN,3.0,316.0
16 BROOKLYN,Noise - Commercial,4,2026-09-20,2026-09-22T16:19:02.309682+00:00,6.0,0.57,16.0,BROOKLYN,3.0,316.0
16 BROOKLYN,Noise - Residential,11,2026-09-20,2026-09-22T16:19:02.309682+00:00,12.0,0.14,16.0,BROOKLYN,3.0,316.0
16 BROOKLYN,Noise - Street/Sidewalk,8,2026-09-20,2026-09-22T16:19:02.309682+00:00,10.0,0.37,16.0,BROOKLYN,3.0,316.0
16 BROOKLYN,Noise - Vehicle,1,2026-09-20,2026-09-22T16:19:02.309682+00:00,1.5,0.18,16.0,BROOKLYN,3.0,316.0
16 BROOKLYN,Obstruction,1,2026-09-20,2026-09-22T16:19:02.309682+00:00,1.5,0.5,16.0,BROOKLYN,3.0,316.0
16 BROOKLYN,PAINT/PLASTER,1,2026-09-20,2026-09-22T16:19:02.309682+00:00,3.0,0.6,16.0,BROOKLYN,3.0,316.0
16 BROOKLYN,PLUMBING,3,2026-09-20,2026-09-22T16:19:02.309682+00:00,2.5,0.39,16.0,BROOKLYN,3.0,316.0
16 BROOKLYN,Residential Disposal Complaint,1,2026-09-20,2026-09-22T16:19:02.309682+00:00,1.0,0.2,16.0,BROOKLYN,3.0,316.0
16 BROOKLYN,SAFETY,1,2026-09-20,2026-09-22T16:19:02.309682+00:00,1.0,0.27,16.0,BROOKLYN,3.0,316.0
16 BROOKLYN,Sewer Maintenance,1,2026-09-20,2026-09-22T16:19:02.309682+00:00,1.0,0.18,16.0,BROOKLYN,3.0,316.0
16 BROOKLYN,Smoking or Vaping,1,2026-09-20,2026-09-22T16:19:02.309682+00:00,1.5,0.56,16.0,BROOKLYN,3.0,316.0
16 BROOKLYN,Street Condition,2,2026-09-20,2026-09-22T16:19:02.309682+00:00,2.5,0.41,16.0,BROOKLYN,3.0,316.0
16 BROOKLYN,Street Light Condition,2,2026-09-20,2026-09-22T16:19:02.309682+00:00,1.5,0.35,16.0,BROOKLYN,3.0,316.0
16 BROOKLYN,Traffic Signal Condition,1,2026-09-20,2026-09-22T16:19:02.309682+00:00,3.5,0.88,16.0,BROOKLYN,3.0,316.0
16 BROOKLYN,UNSANITARY CONDITION,1,2026-09-20,2026-09-22T16:19:02.309682+00:00,3.0,0.35,16.0,BROOKLYN,3.0,316.0
16 BROOKLYN,WATER LEAK,2,2026-09-20,2026-09-22T16:19:02.309682+00:00,1.5,0.29,16.0,BROOKLYN,3.0,316.0
16 BROOKLYN,Water Maintenance,2,2026-09-20,2026-09-22T16:19:02.309682+00:00,1.5,0.28,16.0,BROOKLYN,3.0,316.0
17 BROOKLYN,Abandoned Vehicle,2,2026-09-20,2026-09-22T16:19:02.309682+00:00,3.5,0.65,17.0,BROOKLYN,3.0,317.0
17 BROOKLYN,Blocked Driveway,8,2026-09-20,2026-09-22T16:19:02.309682+00:00,9.0,0.62,17.0,BROOKLYN,3.0,317.0
17 BROOKLYN,Building/Use,2,2026-09-20,2026-09-22T16:19:02.309682+00:00,2.0,0.8,17.0,BROOKLYN,3.0,317.0
17 BROOKLYN,Construction Lead Dust,1,2026-09-20,2026-09-22T16:19:02.309682+00:00,1.0,0.67,17.0,BROOKLYN,3.0,317.0
17 BROOKLYN,Consumer Complaint,1,2026-09-20,2026-09-22T16:19:02.309682+00:00,1.0,0.2,17.0,BROOKLYN,3.0,317.0
17 BROOKLYN,DOOR/WINDOW,2,2026-09-20,2026-09-22T16:19:02.309682+00:00,2.5,0.56,17.0,BROOKLYN,3.0,317.0
17 BROOKLYN,Damaged Tree,1,2026-09-20,2026-09-22T16:19:02.309682+00:00,1.0,0.19,17.0,BROOKLYN,3.0,317.0
17 BROOKLYN,ELECTRIC,4,2026-09-20,2026-09-22T16:19:02.309682+00:00,5.5,0.96,17.0,BROOKLYN,3.0,317.0
17 BROOKLYN,Elevator,2,2026-09-20,2026-09-22T16:19:02.309682+00:00,1.5,0.65,17.0,BROOKLYN,3.0,317.0
17 BROOKLYN,Emergency Response Team (ERT),1,2026-09-20,2026-09-22T16:19:02.309682+00:00,1.0,0.33,17.0,BROOKLYN,3.0,317.0
17 BROOKLYN,FLOORING/STAIRS,3,2026-09-20,2026-09-22T16:19:02.309682+00:00,3.5,0.9,17.0,BROOKLYN,3.0,317.0
17 BROOKLYN,GENERAL,5,2026-09-20,2026-09-22T16:19:02.309682+00:00,4.5,0.93,17.0,BROOKLYN,3.0,317.0
17 BROOKLYN,HEAT/HOT WATER,2,2026-09-20,2026-09-22T16:19:02.309682+00:00,2.0,0.38,17.0,BROOKLYN,3.0,317.0
17 BROOKLYN,Homeless Person Assistance,1,2026-09-20,2026-09-22T16:19:02.309682+00:00,1.0,0.12,17.0,BROOKLYN,3.0,317.0
17 BROOKLYN,Illegal Dumping,1,2026-09-20,2026-09-22T16:19:02.309682+00:00,1.5,0.31,17.0,BROOKLYN,3.0,317.0
17 BROOKLYN,Illegal Parking,24,2026-09-20,2026-09-22T16:19:02.309682+00:00,27.5,0.56,17.0,BROOKLYN,3.0,317.0
17 BROOKLYN,Missed Collection,1,2026-09-20,2026-09-22T16:19:02.309682+00:00,1.0,0.08,17.0,BROOKLYN,3.0,317.0
17 BROOKLYN,Noise,2,2026-09-20,2026-09-22T16:19:02.309682+00:00,2.0,0.39,17.0,BROOKLYN,3.0,317.0
17 BROOKLYN,Noise - Residential,31,2026-09-20,2026-09-22T16:19:02.309682+00:00,38.5,0.68,17.0,BROOKLYN,3.0,317.0
17 BROOKLYN,Noise - Street/Sidewalk,10,2026-09-20,2026-09-22T16:19:02.309682+00:00,20.0,0.71,17.0,BROOKLYN,3.0,317.0
17 BROOKLYN,Noise - Vehicle,2,2026-09-20,2026-09-22T16:19:02.309682+00:00,3.0,0.58,17.0,BROOKLYN,3.0,317.0
17 BROOKLYN,Obstruction,1,2026-09-20,2026-09-22T16:19:02.309682+00:00,1.5,0.5,17.0,BROOKLYN,3.0,317.0
17 BROOKLYN,Overgrown Tree/Branches,1,2026-09-20,2026-09-22T16:19:02.309682+00:00,1.5,0.45,17.0,BROOKLYN,3.0,317.0
17 BROOKLYN,PAINT/PLASTER,7,2026-09-20,2026-09-22T16:19:02.309682+00:00,7.5,0.95,17.0,BROOKLYN,3.0,317.0
17 BROOKLYN,PLUMBING,6,2026-09-20,2026-09-22T16:19:02.309682+00:00,6.0,0.86,17.0,BROOKLYN,3.0,317.0
17 BROOKLYN,SAFETY,1,2026-09-20,2026-09-22T16:19:02.309682+00:00,1.0,0.27,17.0,BROOKLYN,3.0,317.0
17 BROOKLYN,Sewer Maintenance,4,2026-09-20,2026-09-22T16:19:02.309682+00:00,2.5,0.89,17.0,BROOKLYN,3.0,317.0
17 BROOKLYN,Street Condition,1,2026-09-20,2026-09-22T16:19:02.309682+00:00,1.5,0.18,17.0,BROOKLYN,3.0,317.0
17 BROOKLYN,Street Light Condition,1,2026-09-20,2026-09-22T16:19:02.309682+00:00,2.0,0.58,17.0,BROOKLYN,3.0,317.0
17 BROOKLYN,UNSANITARY CONDITION,11,2026-09-20,2026-09-22T16:19:02.309682+00:00,10.0,0.88,17.0,BROOKLYN,3.0,317.0
17 BROOKLYN,Unsanitary Animal Pvt Property,1,2026-09-20,2026-09-22T16:19:02.309682+00:00,1.0,0.56,17.0,BROOKLYN,3.0,317.0
17 BROOKLYN,WATER LEAK,7,2026-09-20,2026-09-22T16:19:02.309682+00:00,4.0,0.79,17.0,BROOKLYN,3.0,317.0
18 BROOKLYN,APPLIANCE,1,2026-09-20,2026-09-22T16:19:02.309682+00:00,1.5,0.44,18.0,BROOKLYN,3.0,318.0
18 BROOKLYN,Abandoned Vehicle,5,2026-09-20,2026-09-22T16:19:02.309682+00:00,6.0,0.78,18.0,BROOKLYN,3.0,318.0
18 BROOKLYN,Blocked Driveway,22,2026-09-20,2026-09-22T16:19:02.309682+00:00,16.5,0.82,18.0,BROOKLYN,3.0,318.0
18 BROOKLYN,Building/Use,1,2026-09-20,2026-09-22T16:19:02.309682+00:00,1.0,0.3,18.0,BROOKLYN,3.0,318.0
18 BROOKLYN,DOOR/WINDOW,3,2026-09-20,2026-09-22T16:19:02.309682+00:00,2.0,0.45,18.0,BROOKLYN,3.0,318.0
18 BROOKLYN,Damaged Tree,3,2026-09-20,2026-09-22T16:19:02.309682+00:00,2.0,0.62,18.0,BROOKLYN,3.0,318.0
18 BROOKLYN,ELECTRIC,2,2026-09-20,2026-09-22T16:19:02.309682+00:00,2.5,0.72,18.0,BROOKLYN,3.0,318.0
18 BROOKLYN,GENERAL,1,2026-09-20,2026-09-22T16:19:02.309682+00:00,1.0,0.18,18.0,BROOKLYN,3.0,318.0
18 BROOKLYN,Illegal Dumping,2,2026-09-20,2026-09-22T16:19:02.309682+00:00,1.5,0.31,18.0,BROOKLYN,3.0,318.0
18 BROOKLYN,Illegal Parking,25,2026-09-20,2026-09-22T16:19:02.309682+00:00,28.5,0.59,18.0,BROOKLYN,3.0,318.0
18 BROOKLYN,Lead,1,2026-09-20,2026-09-22T16:19:02.309682+00:00,1.0,0.22,18.0,BROOKLYN,3.0,318.0
18 BROOKLYN,Lot Condition,2,2026-09-20,2026-09-22T16:19:02.309682+00:00,2.0,1.0,18.0,BROOKLYN,3.0,318.0
18 BROOKLYN,Missed Collection,7,2026-09-20,2026-09-22T16:19:02.309682+00:00,6.0,0.95,18.0,BROOKLYN,3.0,318.0
18 BROOKLYN,Noise,2,2026-09-20,2026-09-22T16:19:02.309682+00:00,1.5,0.25,18.0,BROOKLYN,3.0,318.0
18 BROOKLYN,Noise - Commercial,2,2026-09-20,2026-09-22T16:19:02.309682+00:00,2.0,0.12,18.0,BROOKLYN,3.0,318.0
18 BROOKLYN,Noise - Residential,37,2026-09-20,2026-09-22T16:19:02.309682+00:00,49.5,0.82,18.0,BROOKLYN,3.0,318.0
18 BROOKLYN,Noise - Street/Sidewalk,7,2026-09-20,2026-09-22T16:19:02.309682+00:00,8.0,0.31,18.0,BROOKLYN,3.0,318.0
18 BROOKLYN,Non-Emergency Police Matter,1,2026-09-20,2026-09-22T16:19:02.309682+00:00,1.5,0.37,18.0,BROOKLYN,3.0,318.0
18 BROOKLYN,OUTSIDE BUILDING,1,2026-09-20,2026-09-22T16:19:02.309682+00:00,1.0,1.0,18.0,BROOKLYN,3.0,318.0
18 BROOKLYN,Obstruction,3,2026-09-20,2026-09-22T16:19:02.309682+00:00,2.5,0.94,18.0,BROOKLYN,3.0,318.0
18 BROOKLYN,PLUMBING,1,2026-09-20,2026-09-22T16:19:02.309682+00:00,2.0,0.27,18.0,BROOKLYN,3.0,318.0
18 BROOKLYN,Root/Sewer/Sidewalk Condition,2,2026-09-20,2026-09-22T16:19:02.309682+00:00,2.0,0.83,18.0,BROOKLYN,3.0,318.0
18 BROOKLYN,Sewer Maintenance,1,2026-09-20,2026-09-22T16:19:02.309682+00:00,2.0,0.69,18.0,BROOKLYN,3.0,318.0
18 BROOKLYN,Sidewalk Condition,2,2026-09-20,2026-09-22T16:19:02.309682+00:00,2.0,0.75,18.0,BROOKLYN,3.0,318.0
18 BROOKLYN,Street Light Condition,2,2026-09-20,2026-09-22T16:19:02.309682+00:00,2.0,0.58,18.0,BROOKLYN,3.0,318.0
18 BROOKLYN,Street Sign - Damaged,2,2026-09-20,2026-09-22T16:19:02.309682+00:00,2.0,0.93,18.0,BROOKLYN,3.0,318.0
18 BROOKLYN,UNSANITARY CONDITION,5,2026-09-20,2026-09-22T16:19:02.309682+00:00,3.0,0.35,18.0,BROOKLYN,3.0,318.0
18 BROOKLYN,Water Maintenance,2,2026-09-20,2026-09-22T16:19:02.309682+00:00,1.5,0.28,18.0,BROOKLYN,3.0,318.0
55 BROOKLYN,Animal in a Park,1,2026-09-20,2026-09-22T16:19:02.309682+00:00,1.0,0.4,55.0,BROOKLYN,3.0,355.0
55 BROOKLYN,Illegal Parking,3,2026-09-20,2026-09-22T16:19:02.309682+00:00,4.5,0.06,55.0,BROOKLYN,3.0,355.0
55 BROOKLYN,Noise - Park,1,2026-09-20,2026-09-22T16:19:02.309682+00:00,1.5,0.19,55.0,BROOKLYN,3.0,355.0
64 MANHATTAN,Animal-Abuse,1,2026-09-20,2026-09-22T16:19:02.309682+00:00,1.0,0.35,64.0,MANHATTAN,1.0,164.0
64 MANHATTAN,Homeless Person Assistance,2,2026-09-20,2026-09-22T16:19:02.309682+00:00,1.5,0.36,64.0,MANHATTAN,1.0,164.0
64 MANHATTAN,Maintenance or Facility,2,2026-09-20,2026-09-22T16:19:02.309682+00:00,3.0,0.8,64.0,MANHATTAN,1.0,164.0
64 MANHATTAN,Noise - Helicopter,1,2026-09-20,2026-09-22T16:19:02.309682+00:00,1.0,0.33,64.0,MANHATTAN,1.0,164.0
64 MANHATTAN,Violation of Park Rules,1,2026-09-20,2026-09-22T16:19:02.309682+00:00,2.0,0.67,64.0,MANHATTAN,1.0,164.0
80 QUEENS,For Hire Vehicle Complaint,1,2026-09-20,2026-09-22T16:19:02.309682+00:00,1.0,0.3,80.0,QUEENS,4.0,480.0
80 QUEENS,For Hire Vehicle Report,1,2026-09-20,2026-09-22T16:19:02.309682+00:00,1.0,0.75,80.0,QUEENS,4.0,480.0
80 QUEENS,Taxi Complaint,3,2026-09-20,2026-09-22T16:19:02.309682+00:00,3.0,0.8,80.0,QUEENS,4.0,480.0
80 QUEENS,Taxi Report,1,2026-09-20,2026-09-22T16:19:02.309682+00:00,1.0,0.62,80.0,QUEENS,4.0,480.0
81 QUEENS,Animal in a Park,1,2026-09-20,2026-09-22T16:19:02.309682+00:00,1.0,0.4,81.0,QUEENS,4.0,481.0
81 QUEENS,Noise - Park,13,2026-09-20,2026-09-22T16:19:02.309682+00:00,9.0,0.88,81.0,QUEENS,4.0,481.0
81 QUEENS,Noise - Street/Sidewalk,2,2026-09-20,2026-09-22T16:19:02.309682+00:00,2.0,0.04,81.0,QUEENS,4.0,481.0
81 QUEENS,Noise - Vehicle,1,2026-09-20,2026-09-22T16:19:02.309682+00:00,1.0,0.06,81.0,QUEENS,4.0,481.0
83 QUEENS,For Hire Vehicle Complaint,2,2026-09-20,2026-09-22T16:19:02.309682+00:00,3.0,0.85,83.0,QUEENS,4.0,483.0
83 QUEENS,Lost Property,2,2026-09-20,2026-09-22T16:19:02.309682+00:00,2.0,0.44,83.0,QUEENS,4.0,483.0
83 QUEENS,Taxi Complaint,14,2026-09-20,2026-09-22T16:19:02.309682+00:00,11.0,1.0,83.0,QUEENS,4.0,483.0
83 QUEENS,Taxi Report,1,2026-09-20,2026-09-22T16:19:02.309682+00:00,1.0,0.62,83.0,QUEENS,4.0,483.0
95 STATEN ISLAND,Abandoned Vehicle,1,2026-09-20,2026-09-22T16:19:02.309682+00:00,1.0,0.09,95.0,STATEN ISLAND,5.0,595.0
95 STATEN ISLAND,Noise - Commercial,18,2026-09-20,2026-09-22T16:19:02.309682+00:00,18.0,0.9,95.0,STATEN ISLAND,5.0,595.0
95 STATEN ISLAND,Noise - Residential,2,2026-09-20,2026-09-22T16:19:02.309682+00:00,2.0,0.02,95.0,STATEN ISLAND,5.0,595.0
95 STATEN ISLAND,Noise - Street/Sidewalk,2,2026-09-20,2026-09-22T16:19:02.309682+00:00,2.0,0.04,95.0,STATEN ISLAND,5.0,595.0
Unspecified BRONX,Broken Parking Meter,1,2026-09-20,2026-09-22T16:19:02.309682+00:00,1.0,0.5,,BRONX,2.0,
Unspecified BRONX,Highway Condition,2,2026-09-20,2026-09-22T16:19:02.309682+00:00,2.0,0.5,,BRONX,2.0,
Unspecified BRONX,Illegal Parking,1,2026-09-20,2026-09-22T16:19:02.309682+00:00,1.0,0.02,,BRONX,2.0,
Unspecified BRONX,Noise - Residential,3,2026-09-20,2026-09-22T16:19:02.309682+00:00,4.0,0.06,,BRONX,2.0,
Unspecified BRONX,Noise - Street/Sidewalk,5,2026-09-20,2026-09-22T16:19:02.309682+00:00,5.0,0.17,,BRONX,2.0,
Unspecified BRONX,Noise - Vehicle,2,2026-09-20,2026-09-22T16:19:02.309682+00:00,2.0,0.29,,BRONX,2.0,
Unspecified BRONX,Panhandling,9,2026-09-20,2026-09-22T16:19:02.309682+00:00,7.0,0.94,,BRONX,2.0,
Unspecified BROOKLYN,Bridge Condition,1,2026-09-20,2026-09-22T16:19:02.309682+00:00,1.0,0.75,,BROOKLYN,3.0,
Unspecified BROOKLYN,Building/Use,1,2026-09-20,2026-09-22T16:19:02.309682+00:00,1.0,0.3,,BROOKLYN,3.0,
Unspecified BROOKLYN,Damaged Tree,1,2026-09-20,2026-09-22T16:19:02.309682+00:00,1.0,0.19,,BROOKLYN,3.0,
Unspecified BROOKLYN,Encampment,5,2026-09-20,2026-09-22T16:19:02.309682+00:00,3.5,0.67,,BROOKLYN,3.0,
Unspecified BROOKLYN,Homeless Person Assistance,5,2026-09-20,2026-09-22T16:19:02.309682+00:00,3.5,0.75,,BROOKLYN,3.0,
Unspecified BROOKLYN,Illegal Parking,4,2026-09-20,2026-09-22T16:19:02.309682+00:00,5.5,0.08,,BROOKLYN,3.0,
Unspecified BROOKLYN,Noise - Residential,2,2026-09-20,2026-09-22T16:19:02.309682+00:00,3.0,0.03,,BROOKLYN,3.0,
Unspecified BROOKLYN,Noise - Vehicle,2,2026-09-20,2026-09-22T16:19:02.309682+00:00,1.5,0.18,,BROOKLYN,3.0,
Unspecified BROOKLYN,Overgrown Tree/Branches,1,2026-09-20,2026-09-22T16:19:02.309682+00:00,1.0,0.18,,BROOKLYN,3.0,
Unspecified BROOKLYN,Panhandling,3,2026-09-20,2026-09-22T16:19:02.309682+00:00,4.0,0.88,,BROOKLYN,3.0,
Unspecified BROOKLYN,Sidewalk Condition,1,2026-09-20,2026-09-22T16:19:02.309682+00:00,1.0,0.15,,BROOKLYN,3.0,
Unspecified BROOKLYN,Traffic,1,2026-09-20,2026-09-22T16:19:02.309682+00:00,1.5,0.64,,BROOKLYN,3.0,
Unspecified BROOKLYN,Traffic Signal Condition,2,2026-09-20,2026-09-22T16:19:02.309682+00:00,2.0,0.5,,BROOKLYN,3.0,
Unspecified MANHATTAN,Broken Parking Meter,1,2026-09-20,2026-09-22T16:19:02.309682+00:00,2.5,1.0,,MANHATTAN,1.0,
Unspecified MANHATTAN,Dirty Condition,1,2026-09-20,2026-09-22T16:19:02.309682+00:00,1.0,0.03,,MANHATTAN,1.0,
Unspecified MANHATTAN,Elevator,1,2026-09-20,2026-09-22T16:19:02.309682+00:00,1.0,0.28,,MANHATTAN,1.0,
Unspecified MANHATTAN,Encampment,6,2026-09-20,2026-09-22T16:19:02.309682+00:00,5.5,0.8,,MANHATTAN,1.0,
Unspecified MANHATTAN,Food Poisoning,1,2026-09-20,2026-09-22T16:19:02.309682+00:00,1.0,0.5,,MANHATTAN,1.0,
Unspecified MANHATTAN,Highway Condition,2,2026-09-20,2026-09-22T16:19:02.309682+00:00,2.0,0.5,,MANHATTAN,1.0,
Unspecified MANHATTAN,Homeless Person Assistance,1,2026-09-20,2026-09-22T16:19:02.309682+00:00,1.5,0.36,,MANHATTAN,1.0,
Unspecified MANHATTAN,Noise,2,2026-09-20,2026-09-22T16:19:02.309682+00:00,1.5,0.25,,MANHATTAN,1.0,
Unspecified MANHATTAN,Noise - Street/Sidewalk,5,2026-09-20,2026-09-22T16:19:02.309682+00:00,5.0,0.17,,MANHATTAN,1.0,
Unspecified MANHATTAN,Noise - Vehicle,2,2026-09-20,2026-09-22T16:19:02.309682+00:00,2.5,0.43,,MANHATTAN,1.0,
Unspecified MANHATTAN,Panhandling,7,2026-09-20,2026-09-22T16:19:02.309682+00:00,8.0,1.0,,MANHATTAN,1.0,
Unspecified MANHATTAN,Street Condition,3,2026-09-20,2026-09-22T16:19:02.309682+00:00,4.0,0.76,,MANHATTAN,1.0,
Unspecified MANHATTAN,Traffic Signal Condition,1,2026-09-20,2026-09-22T16:19:02.309682+00:00,2.0,0.5,,MANHATTAN,1.0,
Unspecified QUEENS,Bridge Condition,1,2026-09-20,2026-09-22T16:19:02.309682+00:00,1.0,0.75,,QUEENS,4.0,
Unspecified QUEENS,Encampment,4,2026-09-20,2026-09-22T16:19:02.309682+00:00,3.0,0.61,,QUEENS,4.0,
Unspecified QUEENS,Graffiti,2,2026-09-20,2026-09-22T16:19:02.309682+00:00,2.5,0.82,,QUEENS,4.0,
Unspecified QUEENS,Highway Condition,1,2026-09-20,2026-09-22T16:19:02.309682+00:00,3.5,1.0,,QUEENS,4.0,
Unspecified QUEENS,Homeless Person Assistance,1,2026-09-20,2026-09-22T16:19:02.309682+00:00,2.0,0.55,,QUEENS,4.0,
Unspecified QUEENS,Illegal Parking,4,2026-09-20,2026-09-22T16:19:02.309682+00:00,4.0,0.03,,QUEENS,4.0,
Unspecified QUEENS,Noise - Residential,3,2026-09-20,2026-09-22T16:19:02.309682+00:00,4.0,0.06,,QUEENS,4.0,
Unspecified QUEENS,Noise - Street/Sidewalk,2,2026-09-20,2026-09-22T16:19:02.309682+00:00,2.0,0.04,,QUEENS,4.0,
Unspecified QUEENS,Noise - Vehicle,1,2026-09-20,2026-09-22T16:19:02.309682+00:00,1.5,0.18,,QUEENS,4.0,
Unspecified QUEENS,Sewer Maintenance,1,2026-09-20,2026-09-22T16:19:02.309682+00:00,1.0,0.18,,QUEENS,4.0,
Unspecified QUEENS,Street Light Condition,1,2026-09-20,2026-09-22T16:19:02.309682+00:00,1.0,0.12,,QUEENS,4.0,
Unspecified STATEN ISLAND,Noise,1,2026-09-20,2026-09-22T16:19:02.309682+00:00,1.0,0.09,,STATEN ISLAND,5.0,
