community_board,complaint_type,count,date,ingested_at
02 BROOKLYN,Illegal Parking,193,2026-09-13T00:00:00.000,2026-09-16T21:27:18.235405+00:00
11 BROOKLYN,Illegal Parking,191,2026-09-13T00:00:00.000,2026-09-16T21:27:18.235405+00:00
12 MANHATTAN,Noise - Street/Sidewalk,162,2026-09-13T00:00:00.000,2026-09-16T21:27:18.235405+00:00
05 QUEENS,Illegal Parking,152,2026-09-13T00:00:00.000,2026-09-16T21:27:18.235405+00:00
09 QUEENS,Illegal Parking,141,2026-09-13T00:00:00.000,2026-09-16T21:27:18.235405+00:00
02 QUEENS,Illegal Parking,129,2026-09-13T00:00:00.000,2026-09-16T21:27:18.235405+00:00
05 BROOKLYN,Illegal Parking,125,2026-09-13T00:00:00.000,2026-09-16T21:27:18.235405+00:00
11 BROOKLYN,Noise - Residential,119,2026-09-13T00:00:00.000,2026-09-16T21:27:18.235405+00:00
01 BROOKLYN,Illegal Parking,113,2026-09-13T00:00:00.000,2026-09-16T21:27:18.235405+00:00
15 BROOKLYN,Illegal Parking,110,2026-09-13T00:00:00.000,2026-09-16T21:27:18.235405+00:00
10 BROOKLYN,Illegal Parking,109,2026-09-13T00:00:00.000,2026-09-16T21:27:18.235405+00:00
01 QUEENS,Illegal Parking,104,2026-09-13T00:00:00.000,2026-09-16T21:27:18.235405+00:00
10 QUEENS,Illegal Parking,97,2026-09-13T00:00:00.000,2026-09-16T21:27:18.235405+00:00
03 QUEENS,Illegal Parking,96,2026-09-13T00:00:00.000,2026-09-16T21:27:18.235405+00:00
07 QUEENS,Illegal Parking,95,2026-09-13T00:00:00.000,2026-09-16T21:27:18.235405+00:00
12 MANHATTAN,Illegal Parking,87,2026-09-13T00:00:00.000,2026-09-16T21:27:18.235405+00:00
10 QUEENS,Noise - Residential,86,2026-09-13T00:00:00.000,2026-09-16T21:27:18.235405+00:00
06 BROOKLYN,Illegal Parking,84,2026-09-13T00:00:00.000,2026-09-16T21:27:18.235405+00:00
03 BRONX,Noise - Street/Sidewalk,83,2026-09-13T00:00:00.000,2026-09-16T21:27:18.235405+00:00
12 BRONX,Illegal Parking,79,2026-09-13T00:00:00.000,2026-09-16T21:27:18.235405+00:00
05 BRONX,Noise - Street/Sidewalk,79,2026-09-13T00:00:00.000,2026-09-16T21:27:18.235405+00:00
09 QUEENS,Blocked Driveway,79,2026-09-13T00:00:00.000,2026-09-16T21:27:18.235405+00:00
05 BROOKLYN,Abandoned Vehicle,77,2026-09-13T00:00:00.000,2026-09-16T21:27:18.235405+00:00
12 QUEENS,Noise - Residential,77,2026-09-13T00:00:00.000,2026-09-16T21:27:18.235405+00:00
01 BROOKLYN,Noise - Residential,76,2026-09-13T00:00:00.000,2026-09-16T21:27:18.235405+00:00
09 BRONX,Illegal Parking,73,2026-09-13T00:00:00.000,2026-09-16T21:27:18.235405+00:00
12 BROOKLYN,Illegal Parking,72,2026-09-13T00:00:00.000,2026-09-16T21:27:18.235405+00:00
07 BRONX,Noise - Street/Sidewalk,72,2026-09-13T00:00:00.000,2026-09-16T21:27:18.235405+00:00
09 BRONX,Noise - Residential,69,2026-09-13T00:00:00.000,2026-09-16T21:27:18.235405+00:00
11 BRONX,Illegal Parking,67,2026-09-13T00:00:00.000,2026-09-16T21:27:18.235405+00:00
03 BRONX,Noise - Residential,66,2026-09-13T00:00:00.000,2026-09-16T21:27:18.235405+00:00
08 QUEENS,Noise - Vehicle,65,2026-09-13T00:00:00.000,2026-09-16T21:27:18.235405+00:00
04 BRONX,Noise - Street/Sidewalk,65,2026-09-13T00:00:00.000,2026-09-16T21:27:18.235405+00:00
09 QUEENS,Noise - Residential,65,2026-09-13T00:00:00.000,2026-09-16T21:27:18.235405+00:00
09 MANHATTAN,Noise - Street/Sidewalk,65,2026-09-13T00:00:00.000,2026-09-16T21:27:18.235405+00:00
05 BROOKLYN,Blocked Driveway,63,2026-09-13T00:00:00.000,2026-09-16T21:27:18.235405+00:00
14 BROOKLYN,Noise - Residential,63,2026-09-13T00:00:00.000,2026-09-16T21:27:18.235405+00:00
08 MANHATTAN,Illegal Parking,62,2026-09-13T00:00:00.000,2026-09-16T21:27:18.235405+00:00
05 BROOKLYN,Noise - Residential,62,2026-09-13T00:00:00.000,2026-09-16T21:27:18.235405+00:00
04 BRONX,Noise - Residential,62,2026-09-13T00:00:00.000,2026-09-16T21:27:18.235405+00:00
13 QUEENS,Illegal Parking,62,2026-09-13T00:00:00.000,2026-09-16T21:27:18.235405+00:00
10 BRONX,Illegal Parking,61,2026-09-13T00:00:00.000,2026-09-16T21:27:18.235405+00:00
08 QUEENS,Illegal Parking,59,2026-09-13T00:00:00.000,2026-09-16T21:27:18.235405+00:00
05 BRONX,Noise - Residential,59,2026-09-13T00:00:00.000,2026-09-16T21:27:18.235405+00:00
05 MANHATTAN,Encampment,57,2026-09-13T00:00:00.000,2026-09-16T21:27:18.235405+00:00
18 BROOKLYN,Illegal Parking,57,2026-09-13T00:00:00.000,2026-09-16T21:27:18.235405+00:00
12 QUEENS,Illegal Parking,56,2026-09-13T00:00:00.000,2026-09-16T21:27:18.235405+00:00
08 BRONX,Noise - Street/Sidewalk,55,2026-09-13T00:00:00.000,2026-09-16T21:27:18.235405+00:00
03 MANHATTAN,Noise - Street/Sidewalk,54,2026-09-13T00:00:00.000,2026-09-16T21:27:18.235405+00:00
04 BROOKLYN,Illegal Parking,54,2026-09-13T00:00:00.000,2026-09-16T21:27:18.235405+00:00
14 BROOKLYN,Illegal Parking,54,2026-09-13T00:00:00.000,2026-09-16T21:27:18.235405+00:00
10 MANHATTAN,Noise - Residential,53,2026-09-13T00:00:00.000,2026-09-16T21:27:18.235405+00:00
02 MANHATTAN,Illegal Parking,53,2026-09-13T00:00:00.000,2026-09-16T21:27:18.235405+00:00
04 QUEENS,Blocked Driveway,52,2026-09-13T00:00:00.000,2026-09-16T21:27:18.235405+00:00
11 BRONX,Noise - Residential,51,2026-09-13T00:00:00.000,2026-09-16T21:27:18.235405+00:00
10 MANHATTAN,Noise - Street/Sidewalk,51,2026-09-13T00:00:00.000,2026-09-16T21:27:18.235405+00:00
04 BROOKLYN,Noise - Residential,50,2026-09-13T00:00:00.000,2026-09-16T21:27:18.235405+00:00
08 QUEENS,Noise - Residential,50,2026-09-13T00:00:00.000,2026-09-16T21:27:18.235405+00:00
07 BRONX,Noise - Residential,50,2026-09-13T00:00:00.000,2026-09-16T21:27:18.235405+00:00
08 BROOKLYN,Noise - Residential,49,2026-09-13T00:00:00.000,2026-09-16T21:27:18.235405+00:00
05 BRONX,Illegal Parking,49,2026-09-13T00:00:00.000,2026-09-16T21:27:18.235405+00:00
12 MANHATTAN,Noise - Residential,49,2026-09-13T00:00:00.000,2026-09-16T21:27:18.235405+00:00
01 STATEN ISLAND,Illegal Parking,49,2026-09-13T00:00:00.000,2026-09-16T21:27:18.235405+00:00
09 BROOKLYN,Illegal Parking,48,2026-09-13T00:00:00.000,2026-09-16T21:27:18.235405+00:00
03 MANHATTAN,Noise - Commercial,48,2026-09-13T00:00:00.000,2026-09-16T21:27:18.235405+00:00
06 BRONX,UNSANITARY CONDITION,47,2026-09-13T00:00:00.000,2026-09-16T21:27:18.235405+00:00
11 MANHATTAN,Noise - Residential,47,2026-09-13T00:00:00.000,2026-09-16T21:27:18.235405+00:00
11 QUEENS,Illegal Parking,47,2026-09-13T00:00:00.000,2026-09-16T21:27:18.235405+00:00
08 BRONX,Illegal Parking,47,2026-09-13T00:00:00.000,2026-09-16T21:27:18.235405+00:00
12 MANHATTAN,UNSANITARY CONDITION,47,2026-09-13T00:00:00.000,2026-09-16T21:27:18.235405+00:00
03 BROOKLYN,Noise - Residential,47,2026-09-13T00:00:00.000,2026-09-16T21:27:18.235405+00:00
01 QUEENS,Noise - Residential,47,2026-09-13T00:00:00.000,2026-09-16T21:27:18.235405+00:00
02 BROOKLYN,Noise - Residential,46,2026-09-13T00:00:00.000,2026-09-16T21:27:18.235405+00:00
18 BROOKLYN,Noise - Residential,46,2026-09-13T00:00:00.000,2026-09-16T21:27:18.235405+00:00
03 BROOKLYN,Illegal Parking,46,2026-09-13T00:00:00.000,2026-09-16T21:27:18.235405+00:00
17 BROOKLYN,Blocked Driveway,46,2026-09-13T00:00:00.000,2026-09-16T21:27:18.235405+00:00
03 QUEENS,Blocked Driveway,46,2026-09-13T00:00:00.000,2026-09-16T21:27:18.235405+00:00
06 BRONX,Noise - Residential,45,2026-09-13T00:00:00.000,2026-09-16T21:27:18.235405+00:00
04 BRONX,UNSANITARY CONDITION,45,2026-09-13T00:00:00.000,2026-09-16T21:27:18.235405+00:00
03 MANHATTAN,Encampment,45,2026-09-13T00:00:00.000,2026-09-16T21:27:18.235405+00:00
01 QUEENS,Blocked Driveway,44,2026-09-13T00:00:00.000,2026-09-16T21:27:18.235405+00:00
01 STATEN ISLAND,Noise - Residential,44,2026-09-13T00:00:00.000,2026-09-16T21:27:18.235405+00:00
04 BRONX,Illegal Parking,44,2026-09-13T00:00:00.000,2026-09-16T21:27:18.235405+00:00
05 QUEENS,Blocked Driveway,43,2026-09-13T00:00:00.000,2026-09-16T21:27:18.235405+00:00
01 MANHATTAN,Illegal Parking,43,2026-09-13T00:00:00.000,2026-09-16T21:27:18.235405+00:00
07 BRONX,Illegal Parking,43,2026-09-13T00:00:00.000,2026-09-16T21:27:18.235405+00:00
01 QUEENS,Noise - Street/Sidewalk,43,2026-09-13T00:00:00.000,2026-09-16T21:27:18.235405+00:00
07 BROOKLYN,Illegal Parking,43,2026-09-13T00:00:00.000,2026-09-16T21:27:18.235405+00:00
07 QUEENS,Blocked Driveway,42,2026-09-13T00:00:00.000,2026-09-16T21:27:18.235405+00:00
09 BROOKLYN,Noise - Residential,42,2026-09-13T00:00:00.000,2026-09-16T21:27:18.235405+00:00
10 MANHATTAN,UNSANITARY CONDITION,41,2026-09-13T00:00:00.000,2026-09-16T21:27:18.235405+00:00
05 BRONX,UNSANITARY CONDITION,41,2026-09-13T00:00:00.000,2026-09-16T21:27:18.235405+00:00
05 MANHATTAN,Homeless Person Assistance,41,2026-09-13T00:00:00.000,2026-09-16T21:27:18.235405+00:00
04 BRONX,WATER LEAK,41,2026-09-13T00:00:00.000,2026-09-16T21:27:18.235405+00:00
04 MANHATTAN,Encampment,40,2026-09-13T00:00:00.000,2026-09-16T21:27:18.235405+00:00
13 QUEENS,Noise - Residential,40,2026-09-13T00:00:00.000,2026-09-16T21:27:18.235405+00:00
03 QUEENS,Noise - Residential,40,2026-09-13T00:00:00.000,2026-09-16T21:27:18.235405+00:00
13 BROOKLYN,Illegal Parking,40,2026-09-13T00:00:00.000,2026-09-16T21:27:18.235405+00:00
17 BROOKLYN,UNSANITARY CONDITION,39,2026-09-13T00:00:00.000,2026-09-16T21:27:18.235405+00:00
07 BROOKLYN,Noise - Commercial,39,2026-09-13T00:00:00.000,2026-09-16T21:27:18.235405+00:00
11 BROOKLYN,Blocked Driveway,39,2026-09-13T00:00:00.000,2026-09-16T21:27:18.235405+00:00
07 QUEENS,Noise - Residential,39,2026-09-13T00:00:00.000,2026-09-16T21:27:18.235405+00:00
03 MANHATTAN,Illegal Parking,39,2026-09-13T00:00:00.000,2026-09-16T21:27:18.235405+00:00
04 QUEENS,Noise - Residential,39,2026-09-13T00:00:00.000,2026-09-16T21:27:18.235405+00:00
12 BRONX,Noise - Residential,39,2026-09-13T00:00:00.000,2026-09-16T21:27:18.235405+00:00
04 QUEENS,Illegal Parking,38,2026-09-13T00:00:00.000,2026-09-16T21:27:18.235405+00:00
06 BRONX,Illegal Parking,38,2026-09-13T00:00:00.000,2026-09-16T21:27:18.235405+00:00
10 BROOKLYN,Blocked Driveway,38,2026-09-13T00:00:00.000,2026-09-16T21:27:18.235405+00:00
12 BRONX,Blocked Driveway,37,2026-09-13T00:00:00.000,2026-09-16T21:27:18.235405+00:00
06 BRONX,Noise - Street/Sidewalk,36,2026-09-13T00:00:00.000,2026-09-16T21:27:18.235405+00:00
10 QUEENS,Noise - Street/Sidewalk,36,2026-09-13T00:00:00.000,2026-09-16T21:27:18.235405+00:00
10 QUEENS,Blocked Driveway,36,2026-09-13T00:00:00.000,2026-09-16T21:27:18.235405+00:00
01 BRONX,Noise - Residential,36,2026-09-13T00:00:00.000,2026-09-16T21:27:18.235405+00:00
15 BROOKLYN,Blocked Driveway,35,2026-09-13T00:00:00.000,2026-09-16T21:27:18.235405+00:00
09 MANHATTAN,PAINT/PLASTER,35,2026-09-13T00:00:00.000,2026-09-16T21:27:18.235405+00:00
01 BROOKLYN,Noise - Street/Sidewalk,35,2026-09-13T00:00:00.000,2026-09-16T21:27:18.235405+00:00
05 QUEENS,Noise - Residential,35,2026-09-13T00:00:00.000,2026-09-16T21:27:18.235405+00:00
08 BROOKLYN,Noise - Street/Sidewalk,34,2026-09-13T00:00:00.000,2026-09-16T21:27:18.235405+00:00
01 BROOKLYN,Noise - Commercial,34,2026-09-13T00:00:00.000,2026-09-16T21:27:18.235405+00:00
12 BROOKLYN,Noise - Residential,34,2026-09-13T00:00:00.000,2026-09-16T21:27:18.235405+00:00
02 MANHATTAN,Encampment,33,2026-09-13T00:00:00.000,2026-09-16T21:27:18.235405+00:00
02 MANHATTAN,Noise - Street/Sidewalk,33,2026-09-13T00:00:00.000,2026-09-16T21:27:18.235405+00:00
01 MANHATTAN,Vendor Enforcement,33,2026-09-13T00:00:00.000,2026-09-16T21:27:18.235405+00:00
03 STATEN ISLAND,Illegal Parking,33,2026-09-13T00:00:00.000,2026-09-16T21:27:18.235405+00:00
14 QUEENS,Illegal Parking,33,2026-09-13T00:00:00.000,2026-09-16T21:27:18.235405+00:00
12 QUEENS,Blocked Driveway,33,2026-09-13T00:00:00.000,2026-09-16T21:27:18.235405+00:00
06 QUEENS,Illegal Parking,33,2026-09-13T00:00:00.000,2026-09-16T21:27:18.235405+00:00
02 QUEENS,Noise - Residential,32,2026-09-13T00:00:00.000,2026-09-16T21:27:18.235405+00:00
17 BROOKLYN,Noise - Residential,32,2026-09-13T00:00:00.000,2026-09-16T21:27:18.235405+00:00
05 BROOKLYN,UNSANITARY CONDITION,32,2026-09-13T00:00:00.000,2026-09-16T21:27:18.235405+00:00
03 MANHATTAN,Noise - Residential,32,2026-09-13T00:00:00.000,2026-09-16T21:27:18.235405+00:00
17 BROOKLYN,Illegal Parking,31,2026-09-13T00:00:00.000,2026-09-16T21:27:18.235405+00:00
14 BROOKLYN,UNSANITARY CONDITION,31,2026-09-13T00:00:00.000,2026-09-16T21:27:18.235405+00:00
09 MANHATTAN,UNSANITARY CONDITION,31,2026-09-13T00:00:00.000,2026-09-16T21:27:18.235405+00:00
11 MANHATTAN,Noise - Street/Sidewalk,31,2026-09-13T00:00:00.000,2026-09-16T21:27:18.235405+00:00
11 BRONX,Blocked Driveway,31,2026-09-13T00:00:00.000,2026-09-16T21:27:18.235405+00:00
01 QUEENS,GENERAL,30,2026-09-13T00:00:00.000,2026-09-16T21:27:18.235405+00:00
Unspecified BROOKLYN,Street Condition,30,2026-09-13T00:00:00.000,2026-09-16T21:27:18.235405+00:00
03 BROOKLYN,UNSANITARY CONDITION,30,2026-09-13T00:00:00.000,2026-09-16T21:27:18.235405+00:00
06 BROOKLYN,Water Maintenance,30,2026-09-13T00:00:00.000,2026-09-16T21:27:18.235405+00:00
09 BROOKLYN,Dirty Condition,30,2026-09-13T00:00:00.000,2026-09-16T21:27:18.235405+00:00
10 MANHATTAN,Illegal Parking,30,2026-09-13T00:00:00.000,2026-09-16T21:27:18.235405+00:00
02 QUEENS,Blocked Driveway,30,2026-09-13T00:00:00.000,2026-09-16T21:27:18.235405+00:00
07 BRONX,UNSANITARY CONDITION,30,2026-09-13T00:00:00.000,2026-09-16T21:27:18.235405+00:00
09 BRONX,UNSANITARY CONDITION,30,2026-09-13T00:00:00.000,2026-09-16T21:27:18.235405+00:00
01 STATEN ISLAND,Street Light Condition,29,2026-09-13T00:00:00.000,2026-09-16T21:27:18.235405+00:00
17 BROOKLYN,Noise - Street/Sidewalk,29,2026-09-13T00:00:00.000,2026-09-16T21:27:18.235405+00:00
04 BROOKLYN,Noise - Street/Sidewalk,29,2026-09-13T00:00:00.000,2026-09-16T21:27:18.235405+00:00
09 MANHATTAN,Illegal Parking,28,2026-09-13T00:00:00.000,2026-09-16T21:27:18.235405+00:00
07 MANHATTAN,Illegal Parking,28,2026-09-13T00:00:00.000,2026-09-16T21:27:18.235405+00:00
18 BROOKLYN,Blocked Driveway,28,2026-09-13T00:00:00.000,2026-09-16T21:27:18.235405+00:00
15 BROOKLYN,Noise - Residential,28,2026-09-13T00:00:00.000,2026-09-16T21:27:18.235405+00:00
08 BRONX,Noise - Residential,28,2026-09-13T00:00:00.000,2026-09-16T21:27:18.235405+00:00
04 QUEENS,Noise - Street/Sidewalk,27,2026-09-13T00:00:00.000,2026-09-16T21:27:18.235405+00:00
01 QUEENS,Noise - Commercial,27,2026-09-13T00:00:00.000,2026-09-16T21:27:18.235405+00:00
03 BRONX,UNSANITARY CONDITION,27,2026-09-13T00:00:00.000,2026-09-16T21:27:18.235405+00:00
10 QUEENS,Noise - Vehicle,27,2026-09-13T00:00:00.000,2026-09-16T21:27:18.235405+00:00
04 BRONX,PAINT/PLASTER,27,2026-09-13T00:00:00.000,2026-09-16T21:27:18.235405+00:00
13 BROOKLYN,Noise - Residential,26,2026-09-13T00:00:00.000,2026-09-16T21:27:18.235405+00:00
02 BROOKLYN,Noise - Street/Sidewalk,26,2026-09-13T00:00:00.000,2026-09-16T21:27:18.235405+00:00
12 BROOKLYN,Blocked Driveway,26,2026-09-13T00:00:00.000,2026-09-16T21:27:18.235405+00:00
04 MANHATTAN,Noise - Residential,26,2026-09-13T00:00:00.000,2026-09-16T21:27:18.235405+00:00
11 QUEENS,Street Condition,26,2026-09-13T00:00:00.000,2026-09-16T21:27:18.235405+00:00
10 BROOKLYN,Noise - Residential,25,2026-09-13T00:00:00.000,2026-09-16T21:27:18.235405+00:00
07 MANHATTAN,Encampment,25,2026-09-13T00:00:00.000,2026-09-16T21:27:18.235405+00:00
04 BROOKLYN,UNSANITARY CONDITION,25,2026-09-13T00:00:00.000,2026-09-16T21:27:18.235405+00:00
04 BROOKLYN,Blocked Driveway,25,2026-09-13T00:00:00.000,2026-09-16T21:27:18.235405+00:00
12 MANHATTAN,PAINT/PLASTER,25,2026-09-13T00:00:00.000,2026-09-16T21:27:18.235405+00:00
02 STATEN ISLAND,Noise - Residential,25,2026-09-13T00:00:00.000,2026-09-16T21:27:18.235405+00:00
09 BRONX,Noise - Street/Sidewalk,25,2026-09-13T00:00:00.000,2026-09-16T21:27:18.235405+00:00
12 QUEENS,Abandoned Vehicle,25,2026-09-13T00:00:00.000,2026-09-16T21:27:18.235405+00:00
09 MANHATTAN,Noise - Residential,25,2026-09-13T00:00:00.000,2026-09-16T21:27:18.235405+00:00
07 BROOKLYN,Blocked Driveway,25,2026-09-13T00:00:00.000,2026-09-16T21:27:18.235405+00:00
11 BRONX,Noise - Street/Sidewalk,25,2026-09-13T00:00:00.000,2026-09-16T21:27:18.235405+00:00
08 QUEENS,Blocked Driveway,25,2026-09-13T00:00:00.000,2026-09-16T21:27:18.235405+00:00
10 QUEENS,Street Condition,24,2026-09-13T00:00:00.000,2026-09-16T21:27:18.235405+00:00
01 BRONX,Noise - Street/Sidewalk,24,2026-09-13T00:00:00.000,2026-09-16T21:27:18.235405+00:00
10 QUEENS,Abandoned Vehicle,24,2026-09-13T00:00:00.000,2026-09-16T21:27:18.235405+00:00
11 MANHATTAN,Illegal Parking,24,2026-09-13T00:00:00.000,2026-09-16T21:27:18.235405+00:00
14 QUEENS,Noise - Residential,24,2026-09-13T00:00:00.000,2026-09-16T21:27:18.235405+00:00
14 BROOKLYN,Blocked Driveway,24,2026-09-13T00:00:00.000,2026-09-16T21:27:18.235405+00:00
02 BRONX,Noise - Street/Sidewalk,23,2026-09-13T00:00:00.000,2026-09-16T21:27:18.235405+00:00
02 STATEN ISLAND,Illegal Parking,23,2026-09-13T00:00:00.000,2026-09-16T21:27:18.235405+00:00
06 MANHATTAN,Encampment,23,2026-09-13T00:00:00.000,2026-09-16T21:27:18.235405+00:00
07 MANHATTAN,Noise - Residential,23,2026-09-13T00:00:00.000,2026-09-16T21:27:18.235405+00:00
01 BROOKLYN,Blocked Driveway,23,2026-09-13T00:00:00.000,2026-09-16T21:27:18.235405+00:00
10 MANHATTAN,HEAT/HOT WATER,23,2026-09-13T00:00:00.000,2026-09-16T21:27:18.235405+00:00
83 QUEENS,Taxi Complaint,23,2026-09-13T00:00:00.000,2026-09-16T21:27:18.235405+00:00
05 MANHATTAN,Illegal Parking,23,2026-09-13T00:00:00.000,2026-09-16T21:27:18.235405+00:00
12 MANHATTAN,PLUMBING,23,2026-09-13T00:00:00.000,2026-09-16T21:27:18.235405+00:00
06 BRONX,Blocked Driveway,23,2026-09-13T00:00:00.000,2026-09-16T21:27:18.235405+00:00
12 QUEENS,UNSANITARY CONDITION,22,2026-09-13T00:00:00.000,2026-09-16T21:27:18.235405+00:00
09 BRONX,Blocked Driveway,22,2026-09-13T00:00:00.000,2026-09-16T21:27:18.235405+00:00
16 BROOKLYN,Noise - Residential,22,2026-09-13T00:00:00.000,2026-09-16T21:27:18.235405+00:00
11 MANHATTAN,UNSANITARY CONDITION,22,2026-09-13T00:00:00.000,2026-09-16T21:27:18.235405+00:00
03 BRONX,Illegal Parking,22,2026-09-13T00:00:00.000,2026-09-16T21:27:18.235405+00:00
08 BROOKLYN,UNSANITARY CONDITION,21,2026-09-13T00:00:00.000,2026-09-16T21:27:18.235405+00:00
06 MANHATTAN,Homeless Person Assistance,21,2026-09-13T00:00:00.000,2026-09-16T21:27:18.235405+00:00
04 MANHATTAN,Illegal Parking,21,2026-09-13T00:00:00.000,2026-09-16T21:27:18.235405+00:00
05 BROOKLYN,Noise - Street/Sidewalk,21,2026-09-13T00:00:00.000,2026-09-16T21:27:18.235405+00:00
04 MANHATTAN,Homeless Person Assistance,21,2026-09-13T00:00:00.000,2026-09-16T21:27:18.235405+00:00
02 BRONX,Noise - Residential,21,2026-09-13T00:00:00.000,2026-09-16T21:27:18.235405+00:00
10 BRONX,Blocked Driveway,21,2026-09-13T00:00:00.000,2026-09-16T21:27:18.235405+00:00
12 BRONX,UNSANITARY CONDITION,21,2026-09-13T00:00:00.000,2026-09-16T21:27:18.235405+00:00
07 QUEENS,Abandoned Vehicle,21,2026-09-13T00:00:00.000,2026-09-16T21:27:18.235405+00:00
01 MANHATTAN,Noise,21,2026-09-13T00:00:00.000,2026-09-16T21:27:18.235405+00:00
01 BRONX,Illegal Parking,21,2026-09-13T00:00:00.000,2026-09-16T21:27:18.235405+00:00
12 QUEENS,Encampment,20,2026-09-13T00:00:00.000,2026-09-16T21:27:18.235405+00:00
16 BROOKLYN,Illegal Parking,20,2026-09-13T00:00:00.000,2026-09-16T21:27:18.235405+00:00
04 BRONX,DOOR/WINDOW,20,2026-09-13T00:00:00.000,2026-09-16T21:27:18.235405+00:00
05 BRONX,PAINT/PLASTER,20,2026-09-13T00:00:00.000,2026-09-16T21:27:18.235405+00:00
06 BROOKLYN,PLUMBING,20,2026-09-13T00:00:00.000,2026-09-16T21:27:18.235405+00:00
07 BRONX,PAINT/PLASTER,20,2026-09-13T00:00:00.000,2026-09-16T21:27:18.235405+00:00
05 BRONX,PLUMBING,19,2026-09-13T00:00:00.000,2026-09-16T21:27:18.235405+00:00
05 QUEENS,Abandoned Vehicle,19,2026-09-13T00:00:00.000,2026-09-16T21:27:18.235405+00:00
08 BROOKLYN,Illegal Parking,19,2026-09-13T00:00:00.000,2026-09-16T21:27:18.235405+00:00
08 MANHATTAN,Noise,19,2026-09-13T00:00:00.000,2026-09-16T21:27:18.235405+00:00
08 BROOKLYN,Noise - Commercial,19,2026-09-13T00:00:00.000,2026-09-16T21:27:18.235405+00:00
01 STATEN ISLAND,UNSANITARY CONDITION,19,2026-09-13T00:00:00.000,2026-09-16T21:27:18.235405+00:00
12 QUEENS,Street Condition,19,2026-09-13T00:00:00.000,2026-09-16T21:27:18.235405+00:00
12 QUEENS,Noise - Street/Sidewalk,19,2026-09-13T00:00:00.000,2026-09-16T21:27:18.235405+00:00
11 BRONX,UNSANITARY CONDITION,19,2026-09-13T00:00:00.000,2026-09-16T21:27:18.235405+00:00
06 BROOKLYN,Noise - Residential,19,2026-09-13T00:00:00.000,2026-09-16T21:27:18.235405+00:00
07 QUEENS,Noise - Street/Sidewalk,19,2026-09-13T00:00:00.000,2026-09-16T21:27:18.235405+00:00
12 QUEENS,Illegal Dumping,19,2026-09-13T00:00:00.000,2026-09-16T21:27:18.235405+00:00
12 MANHATTAN,Noise - Vehicle,19,2026-09-13T00:00:00.000,2026-09-16T21:27:18.235405+00:00
07 BRONX,PLUMBING,18,2026-09-13T00:00:00.000,2026-09-16T21:27:18.235405+00:00
06 BRONX,HEAT/HOT WATER,18,2026-09-13T00:00:00.000,2026-09-16T21:27:18.235405+00:00
09 BROOKLYN,UNSANITARY CONDITION,18,2026-09-13T00:00:00.000,2026-09-16T21:27:18.235405+00:00
06 BROOKLYN,Noise - Street/Sidewalk,18,2026-09-13T00:00:00.000,2026-09-16T21:27:18.235405+00:00
01 BROOKLYN,Noise,18,2026-09-13T00:00:00.000,2026-09-16T21:27:18.235405+00:00
17 BROOKLYN,Abandoned Vehicle,18,2026-09-13T00:00:00.000,2026-09-16T21:27:18.235405+00:00
01 STATEN ISLAND,Abandoned Vehicle,18,2026-09-13T00:00:00.000,2026-09-16T21:27:18.235405+00:00
08 MANHATTAN,Noise - Residential,18,2026-09-13T00:00:00.000,2026-09-16T21:27:18.235405+00:00
10 BROOKLYN,Street Condition,18,2026-09-13T00:00:00.000,2026-09-16T21:27:18.235405+00:00
01 BRONX,UNSANITARY CONDITION,18,2026-09-13T00:00:00.000,2026-09-16T21:27:18.235405+00:00
18 BROOKLYN,Abandoned Vehicle,18,2026-09-13T00:00:00.000,2026-09-16T21:27:18.235405+00:00
07 QUEENS,Street Condition,18,2026-09-13T00:00:00.000,2026-09-16T21:27:18.235405+00:00
10 BRONX,Noise - Residential,18,2026-09-13T00:00:00.000,2026-09-16T21:27:18.235405+00:00
05 MANHATTAN,Noise - Street/Sidewalk,18,2026-09-13T00:00:00.000,2026-09-16T21:27:18.235405+00:00
04 MANHATTAN,Noise - Street/Sidewalk,18,2026-09-13T00:00:00.000,2026-09-16T21:27:18.235405+00:00
03 BROOKLYN,Noise - Street/Sidewalk,18,2026-09-13T00:00:00.000,2026-09-16T21:27:18.235405+00:00
07 MANHATTAN,Noise,18,2026-09-13T00:00:00.000,2026-09-16T21:27:18.235405+00:00
12 MANHATTAN,WATER LEAK,18,2026-09-13T00:00:00.000,2026-09-16T21:27:18.235405+00:00
01 MANHATTAN,Encampment,17,2026-09-13T00:00:00.000,2026-09-16T21:27:18.235405+00:00
07 MANHATTAN,Dirty Condition,17,2026-09-13T00:00:00.000,2026-09-16T21:27:18.235405+00:00
12 MANHATTAN,DOOR/WINDOW,17,2026-09-13T00:00:00.000,2026-09-16T21:27:18.235405+00:00
06 QUEENS,Noise - Residential,17,2026-09-13T00:00:00.000,2026-09-16T21:27:18.235405+00:00
02 MANHATTAN,Noise - Residential,17,2026-09-13T00:00:00.000,2026-09-16T21:27:18.235405+00:00
01 MANHATTAN,Homeless Person Assistance,17,2026-09-13T00:00:00.000,2026-09-16T21:27:18.235405+00:00
06 BROOKLYN,Blocked Driveway,17,2026-09-13T00:00:00.000,2026-09-16T21:27:18.235405+00:00
09 MANHATTAN,WATER LEAK,17,2026-09-13T00:00:00.000,2026-09-16T21:27:18.235405+00:00
05 BRONX,Noise - Commercial,17,2026-09-13T00:00:00.000,2026-09-16T21:27:18.235405+00:00
05 BRONX,Blocked Driveway,17,2026-09-13T00:00:00.000,2026-09-16T21:27:18.235405+00:00
05 BROOKLYN,PLUMBING,17,2026-09-13T00:00:00.000,2026-09-16T21:27:18.235405+00:00
06 QUEENS,Street Condition,17,2026-09-13T00:00:00.000,2026-09-16T21:27:18.235405+00:00
07 MANHATTAN,Noise - Street/Sidewalk,17,2026-09-13T00:00:00.000,2026-09-16T21:27:18.235405+00:00
04 MANHATTAN,Noise - Commercial,17,2026-09-13T00:00:00.000,2026-09-16T21:27:18.235405+00:00
11 QUEENS,Noise - Residential,17,2026-09-13T00:00:00.000,2026-09-16T21:27:18.235405+00:00
03 BROOKLYN,Blocked Driveway,17,2026-09-13T00:00:00.000,2026-09-16T21:27:18.235405+00:00
01 STATEN ISLAND,Blocked Driveway,17,2026-09-13T00:00:00.000,2026-09-16T21:27:18.235405+00:00
10 MANHATTAN,PAINT/PLASTER,17,2026-09-13T00:00:00.000,2026-09-16T21:27:18.235405+00:00
07 BROOKLYN,Noise - Residential,17,2026-09-13T00:00:00.000,2026-09-16T21:27:18.235405+00:00
03 MANHATTAN,UNSANITARY CONDITION,16,2026-09-13T00:00:00.000,2026-09-16T21:27:18.235405+00:00
05 QUEENS,Street Condition,16,2026-09-13T00:00:00.000,2026-09-16T21:27:18.235405+00:00
07 BRONX,HEAT/HOT WATER,16,2026-09-13T00:00:00.000,2026-09-16T21:27:18.235405+00:00
15 BROOKLYN,Street Condition,16,2026-09-13T00:00:00.000,2026-09-16T21:27:18.235405+00:00
08 MANHATTAN,Traffic Signal Condition,16,2026-09-13T00:00:00.000,2026-09-16T21:27:18.235405+00:00
08 MANHATTAN,UNSANITARY CONDITION,16,2026-09-13T00:00:00.000,2026-09-16T21:27:18.235405+00:00
08 BROOKLYN,Noise - Helicopter,16,2026-09-13T00:00:00.000,2026-09-16T21:27:18.235405+00:00
02 BROOKLYN,Street Condition,16,2026-09-13T00:00:00.000,2026-09-16T21:27:18.235405+00:00
10 MANHATTAN,Encampment,16,2026-09-13T00:00:00.000,2026-09-16T21:27:18.235405+00:00
09 MANHATTAN,PLUMBING,16,2026-09-13T00:00:00.000,2026-09-16T21:27:18.235405+00:00
06 MANHATTAN,Noise - Residential,16,2026-09-13T00:00:00.000,2026-09-16T21:27:18.235405+00:00
07 BROOKLYN,Noise - Street/Sidewalk,16,2026-09-13T00:00:00.000,2026-09-16T21:27:18.235405+00:00
13 QUEENS,Traffic Signal Condition,16,2026-09-13T00:00:00.000,2026-09-16T21:27:18.235405+00:00
03 QUEENS,Noise - Street/Sidewalk,16,2026-09-13T00:00:00.000,2026-09-16T21:27:18.235405+00:00
02 BROOKLYN,Dirty Condition,16,2026-09-13T00:00:00.000,2026-09-16T21:27:18.235405+00:00
04 MANHATTAN,Dirty Condition,16,2026-09-13T00:00:00.000,2026-09-16T21:27:18.235405+00:00
01 BROOKLYN,Dirty Condition,16,2026-09-13T00:00:00.000,2026-09-16T21:27:18.235405+00:00
17 BROOKLYN,PLUMBING,16,2026-09-13T00:00:00.000,2026-09-16T21:27:18.235405+00:00
13 QUEENS,Abandoned Vehicle,16,2026-09-13T00:00:00.000,2026-09-16T21:27:18.235405+00:00
07 BRONX,WATER LEAK,15,2026-09-13T00:00:00.000,2026-09-16T21:27:18.235405+00:00
11 QUEENS,Blocked Driveway,15,2026-09-13T00:00:00.000,2026-09-16T21:27:18.235405+00:00
04 MANHATTAN,Noise,15,2026-09-13T00:00:00.000,2026-09-16T21:27:18.235405+00:00
02 BROOKLYN,Blocked Driveway,15,2026-09-13T00:00:00.000,2026-09-16T21:27:18.235405+00:00
11 QUEENS,Abandoned Vehicle,15,2026-09-13T00:00:00.000,2026-09-16T21:27:18.235405+00:00
02 MANHATTAN,Noise - Commercial,15,2026-09-13T00:00:00.000,2026-09-16T21:27:18.235405+00:00
05 BRONX,WATER LEAK,15,2026-09-13T00:00:00.000,2026-09-16T21:27:18.235405+00:00
15 BROOKLYN,Abandoned Vehicle,15,2026-09-13T00:00:00.000,2026-09-16T21:27:18.235405+00:00
12 BRONX,Noise - Street/Sidewalk,15,2026-09-13T00:00:00.000,2026-09-16T21:27:18.235405+00:00
10 BRONX,Abandoned Vehicle,15,2026-09-13T00:00:00.000,2026-09-16T21:27:18.235405+00:00
10 MANHATTAN,Dirty Condition,15,2026-09-13T00:00:00.000,2026-09-16T21:27:18.235405+00:00
10 MANHATTAN,WATER LEAK,15,2026-09-13T00:00:00.000,2026-09-16T21:27:18.235405+00:00
12 BROOKLYN,Noise - Street/Sidewalk,15,2026-09-13T00:00:00.000,2026-09-16T21:27:18.235405+00:00
04 BRONX,PLUMBING,15,2026-09-13T00:00:00.000,2026-09-16T21:27:18.235405+00:00
08 QUEENS,Street Condition,15,2026-09-13T00:00:00.000,2026-09-16T21:27:18.235405+00:00
12 MANHATTAN,HEAT/HOT WATER,15,2026-09-13T00:00:00.000,2026-09-16T21:27:18.235405+00:00
08 BRONX,Blocked Driveway,15,2026-09-13T00:00:00.000,2026-09-16T21:27:18.235405+00:00
07 QUEENS,Noise - Vehicle,15,2026-09-13T00:00:00.000,2026-09-16T21:27:18.235405+00:00
17 BROOKLYN,PAINT/PLASTER,15,2026-09-13T00:00:00.000,2026-09-16T21:27:18.235405+00:00
17 BROOKLYN,DOOR/WINDOW,15,2026-09-13T00:00:00.000,2026-09-16T21:27:18.235405+00:00
03 BROOKLYN,Damaged Tree,14,2026-09-13T00:00:00.000,2026-09-16T21:27:18.235405+00:00
14 QUEENS,Noise - Street/Sidewalk,14,2026-09-13T00:00:00.000,2026-09-16T21:27:18.235405+00:00
Unspecified MANHATTAN,Panhandling,14,2026-09-13T00:00:00.000,2026-09-16T21:27:18.235405+00:00
03 STATEN ISLAND,Street Condition,14,2026-09-13T00:00:00.000,2026-09-16T21:27:18.235405+00:00
15 BROOKLYN,Water Maintenance,14,2026-09-13T00:00:00.000,2026-09-16T21:27:18.235405+00:00
09 MANHATTAN,DOOR/WINDOW,14,2026-09-13T00:00:00.000,2026-09-16T21:27:18.235405+00:00
12 MANHATTAN,Noise - Commercial,14,2026-09-13T00:00:00.000,2026-09-16T21:27:18.235405+00:00
10 BRONX,Street Light Condition,14,2026-09-13T00:00:00.000,2026-09-16T21:27:18.235405+00:00
08 BROOKLYN,Dirty Condition,14,2026-09-13T00:00:00.000,2026-09-16T21:27:18.235405+00:00
02 STATEN ISLAND,Blocked Driveway,14,2026-09-13T00:00:00.000,2026-09-16T21:27:18.235405+00:00
12 QUEENS,PLUMBING,14,2026-09-13T00:00:00.000,2026-09-16T21:27:18.235405+00:00
08 BROOKLYN,PAINT/PLASTER,14,2026-09-13T00:00:00.000,2026-09-16T21:27:18.235405+00:00
02 BROOKLYN,Vendor Enforcement,14,2026-09-13T00:00:00.000,2026-09-16T21:27:18.235405+00:00
12 QUEENS,Damaged Tree,14,2026-09-13T00:00:00.000,2026-09-16T21:27:18.235405+00:00
06 BROOKLYN,UNSANITARY CONDITION,14,2026-09-13T00:00:00.000,2026-09-16T21:27:18.235405+00:00
10 BRONX,Noise - Street/Sidewalk,14,2026-09-13T00:00:00.000,2026-09-16T21:27:18.235405+00:00
14 BROOKLYN,Noise - Street/Sidewalk,14,2026-09-13T00:00:00.000,2026-09-16T21:27:18.235405+00:00
13 BROOKLYN,UNSANITARY CONDITION,14,2026-09-13T00:00:00.000,2026-09-16T21:27:18.235405+00:00
02 BRONX,PLUMBING,14,2026-09-13T00:00:00.000,2026-09-16T21:27:18.235405+00:00
17 BROOKLYN,WATER LEAK,14,2026-09-13T00:00:00.000,2026-09-16T21:27:18.235405+00:00
05 QUEENS,Damaged Tree,14,2026-09-13T00:00:00.000,2026-09-16T21:27:18.235405+00:00
04 BRONX,Blocked Driveway,14,2026-09-13T00:00:00.000,2026-09-16T21:27:18.235405+00:00
01 BRONX,PAINT/PLASTER,14,2026-09-13T00:00:00.000,2026-09-16T21:27:18.235405+00:00
11 BROOKLYN,Curb Condition,13,2026-09-13T00:00:00.000,2026-09-16T21:27:18.235405+00:00
09 QUEENS,Abandoned Vehicle,13,2026-09-13T00:00:00.000,2026-09-16T21:27:18.235405+00:00
01 BROOKLYN,Illegal Dumping,13,2026-09-13T00:00:00.000,2026-09-16T21:27:18.235405+00:00
07 BRONX,Blocked Driveway,13,2026-09-13T00:00:00.000,2026-09-16T21:27:18.235405+00:00
17 BROOKLYN,Damaged Tree,13,2026-09-13T00:00:00.000,2026-09-16T21:27:18.235405+00:00
03 QUEENS,Noise - Vehicle,13,2026-09-13T00:00:00.000,2026-09-16T21:27:18.235405+00:00
12 QUEENS,Dirty Condition,13,2026-09-13T00:00:00.000,2026-09-16T21:27:18.235405+00:00
08 BRONX,Water Maintenance,13,2026-09-13T00:00:00.000,2026-09-16T21:27:18.235405+00:00
16 BROOKLYN,UNSANITARY CONDITION,13,2026-09-13T00:00:00.000,2026-09-16T21:27:18.235405+00:00
02 MANHATTAN,Dirty Condition,13,2026-09-13T00:00:00.000,2026-09-16T21:27:18.235405+00:00
14 BROOKLYN,PLUMBING,13,2026-09-13T00:00:00.000,2026-09-16T21:27:18.235405+00:00
09 BRONX,Elevator,13,2026-09-13T00:00:00.000,2026-09-16T21:27:18.235405+00:00
13 BROOKLYN,Blocked Driveway,13,2026-09-13T00:00:00.000,2026-09-16T21:27:18.235405+00:00
11 BROOKLYN,Dirty Condition,13,2026-09-13T00:00:00.000,2026-09-16T21:27:18.235405+00:00
05 BRONX,Dirty Condition,13,2026-09-13T00:00:00.000,2026-09-16T21:27:18.235405+00:00
05 QUEENS,Dirty Condition,13,2026-09-13T00:00:00.000,2026-09-16T21:27:18.235405+00:00
02 BROOKLYN,Damaged Tree,13,2026-09-13T00:00:00.000,2026-09-16T21:27:18.235405+00:00
04 BROOKLYN,Noise,13,2026-09-13T00:00:00.000,2026-09-16T21:27:18.235405+00:00
02 BRONX,UNSANITARY CONDITION,13,2026-09-13T00:00:00.000,2026-09-16T21:27:18.235405+00:00
02 STATEN ISLAND,Street Light Condition,13,2026-09-13T00:00:00.000,2026-09-16T21:27:18.235405+00:00
11 MANHATTAN,HEAT/HOT WATER,13,2026-09-13T00:00:00.000,2026-09-16T21:27:18.235405+00:00
14 BROOKLYN,APPLIANCE,13,2026-09-13T00:00:00.000,2026-09-16T21:27:18.235405+00:00
08 BROOKLYN,PLUMBING,13,2026-09-13T00:00:00.000,2026-09-16T21:27:18.235405+00:00
11 QUEENS,Damaged Tree,13,2026-09-13T00:00:00.000,2026-09-16T21:27:18.235405+00:00
14 BROOKLYN,Damaged Tree,13,2026-09-13T00:00:00.000,2026-09-16T21:27:18.235405+00:00
05 MANHATTAN,Consumer Complaint,13,2026-09-13T00:00:00.000,2026-09-16T21:27:18.235405+00:00
06 BRONX,WATER LEAK,13,2026-09-13T00:00:00.000,2026-09-16T21:27:18.235405+00:00
Unspecified BRONX,Panhandling,13,2026-09-13T00:00:00.000,2026-09-16T21:27:18.235405+00:00
09 BRONX,PAINT/PLASTER,13,2026-09-13T00:00:00.000,2026-09-16T21:27:18.235405+00:00
05 MANHATTAN,Vendor Enforcement,13,2026-09-13T00:00:00.000,2026-09-16T21:27:18.235405+00:00
03 BROOKLYN,Street Condition,13,2026-09-13T00:00:00.000,2026-09-16T21:27:18.235405+00:00
08 BROOKLYN,Noise,13,2026-09-13T00:00:00.000,2026-09-16T21:27:18.235405+00:00
10 MANHATTAN,PLUMBING,13,2026-09-13T00:00:00.000,2026-09-16T21:27:18.235405+00:00
14 BROOKLYN,DOOR/WINDOW,12,2026-09-13T00:00:00.000,2026-09-16T21:27:18.235405+00:00
10 QUEENS,Obstruction,12,2026-09-13T00:00:00.000,2026-09-16T21:27:18.235405+00:00
10 QUEENS,Noise - Commercial,12,2026-09-13T00:00:00.000,2026-09-16T21:27:18.235405+00:00
05 BROOKLYN,Street Condition,12,2026-09-13T00:00:00.000,2026-09-16T21:27:18.235405+00:00
06 QUEENS,Blocked Driveway,12,2026-09-13T00:00:00.000,2026-09-16T21:27:18.235405+00:00
02 BRONX,Illegal Parking,12,2026-09-13T00:00:00.000,2026-09-16T21:27:18.235405+00:00
13 QUEENS,Dirty Condition,12,2026-09-13T00:00:00.000,2026-09-16T21:27:18.235405+00:00
Unspecified MANHATTAN,Encampment,12,2026-09-13T00:00:00.000,2026-09-16T21:27:18.235405+00:00
09 BROOKLYN,Blocked Driveway,12,2026-09-13T00:00:00.000,2026-09-16T21:27:18.235405+00:00
07 MANHATTAN,UNSANITARY CONDITION,12,2026-09-13T00:00:00.000,2026-09-16T21:27:18.235405+00:00
81 QUEENS,Noise - Park,12,2026-09-13T00:00:00.000,2026-09-16T21:27:18.235405+00:00
03 BROOKLYN,Illegal Dumping,12,2026-09-13T00:00:00.000,2026-09-16T21:27:18.235405+00:00
01 QUEENS,Water Maintenance,12,2026-09-13T00:00:00.000,2026-09-16T21:27:18.235405+00:00
14 BROOKLYN,GENERAL,12,2026-09-13T00:00:00.000,2026-09-16T21:27:18.235405+00:00
10 MANHATTAN,GENERAL,12,2026-09-13T00:00:00.000,2026-09-16T21:27:18.235405+00:00
14 BROOKLYN,PAINT/PLASTER,12,2026-09-13T00:00:00.000,2026-09-16T21:27:18.235405+00:00
15 BROOKLYN,Overgrown Tree/Branches,12,2026-09-13T00:00:00.000,2026-09-16T21:27:18.235405+00:00
08 BRONX,UNSANITARY CONDITION,12,2026-09-13T00:00:00.000,2026-09-16T21:27:18.235405+00:00
08 BRONX,PLUMBING,12,2026-09-13T00:00:00.000,2026-09-16T21:27:18.235405+00:00
05 QUEENS,UNSANITARY CONDITION,12,2026-09-13T00:00:00.000,2026-09-16T21:27:18.235405+00:00
02 QUEENS,Noise - Street/Sidewalk,12,2026-09-13T00:00:00.000,2026-09-16T21:27:18.235405+00:00
16 BROOKLYN,HEAT/HOT WATER,12,2026-09-13T00:00:00.000,2026-09-16T21:27:18.235405+00:00
08 QUEENS,UNSANITARY CONDITION,12,2026-09-13T00:00:00.000,2026-09-16T21:27:18.235405+00:00
08 BROOKLYN,WATER LEAK,12,2026-09-13T00:00:00.000,2026-09-16T21:27:18.235405+00:00
07 MANHATTAN,Maintenance or Facility,12,2026-09-13T00:00:00.000,2026-09-16T21:27:18.235405+00:00
05 BROOKLYN,HEAT/HOT WATER,12,2026-09-13T00:00:00.000,2026-09-16T21:27:18.235405+00:00
03 STATEN ISLAND,Street Light Condition,12,2026-09-13T00:00:00.000,2026-09-16T21:27:18.235405+00:00
04 BRONX,FLOORING/STAIRS,12,2026-09-13T00:00:00.000,2026-09-16T21:27:18.235405+00:00
12 BROOKLYN,Missed Collection,12,2026-09-13T00:00:00.000,2026-09-16T21:27:18.235405+00:00
01 BROOKLYN,Encampment,12,2026-09-13T00:00:00.000,2026-09-16T21:27:18.235405+00:00
12 MANHATTAN,FLOORING/STAIRS,12,2026-09-13T00:00:00.000,2026-09-16T21:27:18.235405+00:00
18 BROOKLYN,Traffic Signal Condition,12,2026-09-13T00:00:00.000,2026-09-16T21:27:18.235405+00:00
09 BROOKLYN,GENERAL,11,2026-09-13T00:00:00.000,2026-09-16T21:27:18.235405+00:00
18 BROOKLYN,Sewer Maintenance,11,2026-09-13T00:00:00.000,2026-09-16T21:27:18.235405+00:00
12 BROOKLYN,Street Condition,11,2026-09-13T00:00:00.000,2026-09-16T21:27:18.235405+00:00
12 MANHATTAN,ELECTRIC,11,2026-09-13T00:00:00.000,2026-09-16T21:27:18.235405+00:00
03 QUEENS,Water Maintenance,11,2026-09-13T00:00:00.000,2026-09-16T21:27:18.235405+00:00
09 MANHATTAN,Noise - Commercial,11,2026-09-13T00:00:00.000,2026-09-16T21:27:18.235405+00:00
03 STATEN ISLAND,Noise - Residential,11,2026-09-13T00:00:00.000,2026-09-16T21:27:18.235405+00:00
09 MANHATTAN,FLOORING/STAIRS,11,2026-09-13T00:00:00.000,2026-09-16T21:27:18.235405+00:00
06 BROOKLYN,Maintenance or Facility,11,2026-09-13T00:00:00.000,2026-09-16T21:27:18.235405+00:00
01 QUEENS,Noise - Vehicle,11,2026-09-13T00:00:00.000,2026-09-16T21:27:18.235405+00:00
05 BROOKLYN,PAINT/PLASTER,11,2026-09-13T00:00:00.000,2026-09-16T21:27:18.235405+00:00
06 MANHATTAN,Illegal Parking,11,2026-09-13T00:00:00.000,2026-09-16T21:27:18.235405+00:00
02 BROOKLYN,Noise,11,2026-09-13T00:00:00.000,2026-09-16T21:27:18.235405+00:00
05 QUEENS,Noise - Commercial,11,2026-09-13T00:00:00.000,2026-09-16T21:27:18.235405+00:00
05 QUEENS,Noise - Street/Sidewalk,11,2026-09-13T00:00:00.000,2026-09-16T21:27:18.235405+00:00
04 BRONX,Water Maintenance,11,2026-09-13T00:00:00.000,2026-09-16T21:27:18.235405+00:00
08 BROOKLYN,Water Maintenance,11,2026-09-13T00:00:00.000,2026-09-16T21:27:18.235405+00:00
10 BRONX,Street Condition,11,2026-09-13T00:00:00.000,2026-09-16T21:27:18.235405+00:00
08 BRONX,PAINT/PLASTER,11,2026-09-13T00:00:00.000,2026-09-16T21:27:18.235405+00:00
09 BRONX,Dirty Condition,11,2026-09-13T00:00:00.000,2026-09-16T21:27:18.235405+00:00
12 QUEENS,Water Maintenance,11,2026-09-13T00:00:00.000,2026-09-16T21:27:18.235405+00:00
13 QUEENS,Missed Collection,11,2026-09-13T00:00:00.000,2026-09-16T21:27:18.235405+00:00
11 BROOKLYN,UNSANITARY CONDITION,11,2026-09-13T00:00:00.000,2026-09-16T21:27:18.235405+00:00
11 MANHATTAN,PLUMBING,11,2026-09-13T00:00:00.000,2026-09-16T21:27:18.235405+00:00
04 BRONX,APPLIANCE,11,2026-09-13T00:00:00.000,2026-09-16T21:27:18.235405+00:00
Unspecified QUEENS,Highway Condition,11,2026-09-13T00:00:00.000,2026-09-16T21:27:18.235405+00:00
09 BROOKLYN,DOOR/WINDOW,11,2026-09-13T00:00:00.000,2026-09-16T21:27:18.235405+00:00
05 BRONX,APPLIANCE,11,2026-09-13T00:00:00.000,2026-09-16T21:27:18.235405+00:00
05 BROOKLYN,WATER LEAK,11,2026-09-13T00:00:00.000,2026-09-16T21:27:18.235405+00:00
07 BROOKLYN,Dirty Condition,11,2026-09-13T00:00:00.000,2026-09-16T21:27:18.235405+00:00
13 QUEENS,Blocked Driveway,11,2026-09-13T00:00:00.000,2026-09-16T21:27:18.235405+00:00
03 BROOKLYN,Rodent,11,2026-09-13T00:00:00.000,2026-09-16T21:27:18.235405+00:00
06 MANHATTAN,Noise,11,2026-09-13T00:00:00.000,2026-09-16T21:27:18.235405+00:00
10 MANHATTAN,Rodent,11,2026-09-13T00:00:00.000,2026-09-16T21:27:18.235405+00:00
05 BROOKLYN,Noise,11,2026-09-13T00:00:00.000,2026-09-16T21:27:18.235405+00:00
14 BROOKLYN,WATER LEAK,11,2026-09-13T00:00:00.000,2026-09-16T21:27:18.235405+00:00
04 BROOKLYN,Dirty Condition,11,2026-09-13T00:00:00.000,2026-09-16T21:27:18.235405+00:00
01 STATEN ISLAND,General Construction/Plumbing,11,2026-09-13T00:00:00.000,2026-09-16T21:27:18.235405+00:00
13 QUEENS,Illegal Dumping,11,2026-09-13T00:00:00.000,2026-09-16T21:27:18.235405+00:00
01 BROOKLYN,Traffic Signal Condition,10,2026-09-13T00:00:00.000,2026-09-16T21:27:18.235405+00:00
03 QUEENS,Street Condition,10,2026-09-13T00:00:00.000,2026-09-16T21:27:18.235405+00:00
06 BRONX,DOOR/WINDOW,10,2026-09-13T00:00:00.000,2026-09-16T21:27:18.235405+00:00
09 BROOKLYN,WATER LEAK,10,2026-09-13T00:00:00.000,2026-09-16T21:27:18.235405+00:00
03 STATEN ISLAND,Overgrown Tree/Branches,10,2026-09-13T00:00:00.000,2026-09-16T21:27:18.235405+00:00
12 MANHATTAN,Dirty Condition,10,2026-09-13T00:00:00.000,2026-09-16T21:27:18.235405+00:00
06 BROOKLYN,Illegal Dumping,10,2026-09-13T00:00:00.000,2026-09-16T21:27:18.235405+00:00
18 BROOKLYN,Street Light Condition,10,2026-09-13T00:00:00.000,2026-09-16T21:27:18.235405+00:00
01 BROOKLYN,Street Condition,10,2026-09-13T00:00:00.000,2026-09-16T21:27:18.235405+00:00
01 BROOKLYN,Dead Animal,10,2026-09-13T00:00:00.000,2026-09-16T21:27:18.235405+00:00
09 BROOKLYN,PAINT/PLASTER,10,2026-09-13T00:00:00.000,2026-09-16T21:27:18.235405+00:00
07 QUEENS,Curb Condition,10,2026-09-13T00:00:00.000,2026-09-16T21:27:18.235405+00:00
05 BROOKLYN,GENERAL,10,2026-09-13T00:00:00.000,2026-09-16T21:27:18.235405+00:00
03 BROOKLYN,Encampment,10,2026-09-13T00:00:00.000,2026-09-16T21:27:18.235405+00:00
03 BROOKLYN,GENERAL,10,2026-09-13T00:00:00.000,2026-09-16T21:27:18.235405+00:00
13 QUEENS,Street Condition,10,2026-09-13T00:00:00.000,2026-09-16T21:27:18.235405+00:00
01 QUEENS,Sewer Maintenance,10,2026-09-13T00:00:00.000,2026-09-16T21:27:18.235405+00:00
05 MANHATTAN,Taxi Complaint,10,2026-09-13T00:00:00.000,2026-09-16T21:27:18.235405+00:00
07 MANHATTAN,Homeless Person Assistance,10,2026-09-13T00:00:00.000,2026-09-16T21:27:18.235405+00:00
01 MANHATTAN,Street Condition,10,2026-09-13T00:00:00.000,2026-09-16T21:27:18.235405+00:00
17 BROOKLYN,Illegal Dumping,10,2026-09-13T00:00:00.000,2026-09-16T21:27:18.235405+00:00
10 BRONX,Noise,10,2026-09-13T00:00:00.000,2026-09-16T21:27:18.235405+00:00
16 BROOKLYN,GENERAL,10,2026-09-13T00:00:00.000,2026-09-16T21:27:18.235405+00:00
16 BROOKLYN,Blocked Driveway,10,2026-09-13T00:00:00.000,2026-09-16T21:27:18.235405+00:00
05 QUEENS,Overgrown Tree/Branches,10,2026-09-13T00:00:00.000,2026-09-16T21:27:18.235405+00:00
01 BROOKLYN,UNSANITARY CONDITION,10,2026-09-13T00:00:00.000,2026-09-16T21:27:18.235405+00:00
15 BROOKLYN,Obstruction,10,2026-09-13T00:00:00.000,2026-09-16T21:27:18.235405+00:00
08 QUEENS,Noise - Street/Sidewalk,10,2026-09-13T00:00:00.000,2026-09-16T21:27:18.235405+00:00
12 BRONX,Sewer Maintenance,10,2026-09-13T00:00:00.000,2026-09-16T21:27:18.235405+00:00
12 QUEENS,Obstruction,10,2026-09-13T00:00:00.000,2026-09-16T21:27:18.235405+00:00
02 STATEN ISLAND,Noise - Vehicle,10,2026-09-13T00:00:00.000,2026-09-16T21:27:18.235405+00:00
13 QUEENS,Water Maintenance,10,2026-09-13T00:00:00.000,2026-09-16T21:27:18.235405+00:00
12 BRONX,PLUMBING,10,2026-09-13T00:00:00.000,2026-09-16T21:27:18.235405+00:00
12 MANHATTAN,Traffic Signal Condition,10,2026-09-13T00:00:00.000,2026-09-16T21:27:18.235405+00:00
01 STATEN ISLAND,Missed Collection,10,2026-09-13T00:00:00.000,2026-09-16T21:27:18.235405+00:00
07 QUEENS,General Construction/Plumbing,10,2026-09-13T00:00:00.000,2026-09-16T21:27:18.235405+00:00
04 BROOKLYN,Noise - Commercial,10,2026-09-13T00:00:00.000,2026-09-16T21:27:18.235405+00:00
55 BROOKLYN,Noise - Park,10,2026-09-13T00:00:00.000,2026-09-16T21:27:18.235405+00:00
05 BRONX,DOOR/WINDOW,10,2026-09-13T00:00:00.000,2026-09-16T21:27:18.235405+00:00
02 QUEENS,Sewer Maintenance,10,2026-09-13T00:00:00.000,2026-09-16T21:27:18.235405+00:00
01 BRONX,Blocked Driveway,10,2026-09-13T00:00:00.000,2026-09-16T21:27:18.235405+00:00
Unspecified MANHATTAN,Homeless Person Assistance,10,2026-09-13T00:00:00.000,2026-09-16T21:27:18.235405+00:00
06 BRONX,PAINT/PLASTER,10,2026-09-13T00:00:00.000,2026-09-16T21:27:18.235405+00:00
Unspecified BROOKLYN,Illegal Parking,10,2026-09-13T00:00:00.000,2026-09-16T21:27:18.235405+00:00
07 QUEENS,Traffic Signal Condition,10,2026-09-13T00:00:00.000,2026-09-16T21:27:18.235405+00:00
Unspecified QUEENS,Traffic Signal Condition,9,2026-09-13T00:00:00.000,2026-09-16T21:27:18.235405+00:00
07 QUEENS,Missed Collection,9,2026-09-13T00:00:00.000,2026-09-16T21:27:18.235405+00:00
11 MANHATTAN,DOOR/WINDOW,9,2026-09-13T00:00:00.000,2026-09-16T21:27:18.235405+00:00
05 MANHATTAN,Noise - Residential,9,2026-09-13T00:00:00.000,2026-09-16T21:27:18.235405+00:00
12 MANHATTAN,GENERAL,9,2026-09-13T00:00:00.000,2026-09-16T21:27:18.235405+00:00
07 QUEENS,Noise - Commercial,9,2026-09-13T00:00:00.000,2026-09-16T21:27:18.235405+00:00
06 BROOKLYN,Noise,9,2026-09-13T00:00:00.000,2026-09-16T21:27:18.235405+00:00
09 BRONX,Street Light Condition,9,2026-09-13T00:00:00.000,2026-09-16T21:27:18.235405+00:00
05 MANHATTAN,For Hire Vehicle Complaint,9,2026-09-13T00:00:00.000,2026-09-16T21:27:18.235405+00:00
12 QUEENS,Sewer Maintenance,9,2026-09-13T00:00:00.000,2026-09-16T21:27:18.235405+00:00
06 BROOKLYN,Dirty Condition,9,2026-09-13T00:00:00.000,2026-09-16T21:27:18.235405+00:00
02 QUEENS,UNSANITARY CONDITION,9,2026-09-13T00:00:00.000,2026-09-16T21:27:18.235405+00:00
08 QUEENS,Drug Activity,9,2026-09-13T00:00:00.000,2026-09-16T21:27:18.235405+00:00
06 MANHATTAN,UNSANITARY CONDITION,9,2026-09-13T00:00:00.000,2026-09-16T21:27:18.235405+00:00
18 BROOKLYN,Damaged Tree,9,2026-09-13T00:00:00.000,2026-09-16T21:27:18.235405+00:00
18 BROOKLYN,Derelict Vehicles,9,2026-09-13T00:00:00.000,2026-09-16T21:27:18.235405+00:00
07 MANHATTAN,Street Condition,9,2026-09-13T00:00:00.000,2026-09-16T21:27:18.235405+00:00
08 QUEENS,Sewer Maintenance,9,2026-09-13T00:00:00.000,2026-09-16T21:27:18.235405+00:00
05 MANHATTAN,Air Quality,9,2026-09-13T00:00:00.000,2026-09-16T21:27:18.235405+00:00
04 BROOKLYN,HEAT/HOT WATER,9,2026-09-13T00:00:00.000,2026-09-16T21:27:18.235405+00:00
13 QUEENS,Damaged Tree,9,2026-09-13T00:00:00.000,2026-09-16T21:27:18.235405+00:00
05 QUEENS,Dead/Dying Tree,9,2026-09-13T00:00:00.000,2026-09-16T21:27:18.235405+00:00
17 BROOKLYN,GENERAL,9,2026-09-13T00:00:00.000,2026-09-16T21:27:18.235405+00:00
09 MANHATTAN,HEAT/HOT WATER,9,2026-09-13T00:00:00.000,2026-09-16T21:27:18.235405+00:00
08 QUEENS,Maintenance or Facility,9,2026-09-13T00:00:00.000,2026-09-16T21:27:18.235405+00:00
04 BROOKLYN,GENERAL,9,2026-09-13T00:00:00.000,2026-09-16T21:27:18.235405+00:00
09 MANHATTAN,ELECTRIC,9,2026-09-13T00:00:00.000,2026-09-16T21:27:18.235405+00:00
03 STATEN ISLAND,Obstruction,9,2026-09-13T00:00:00.000,2026-09-16T21:27:18.235405+00:00
03 BRONX,PAINT/PLASTER,9,2026-09-13T00:00:00.000,2026-09-16T21:27:18.235405+00:00
02 BRONX,ELECTRIC,9,2026-09-13T00:00:00.000,2026-09-16T21:27:18.235405+00:00
12 BROOKLYN,Derelict Vehicles,9,2026-09-13T00:00:00.000,2026-09-16T21:27:18.235405+00:00
17 BROOKLYN,Dirty Condition,9,2026-09-13T00:00:00.000,2026-09-16T21:27:18.235405+00:00
12 MANHATTAN,Water Maintenance,9,2026-09-13T00:00:00.000,2026-09-16T21:27:18.235405+00:00
07 BRONX,DOOR/WINDOW,9,2026-09-13T00:00:00.000,2026-09-16T21:27:18.235405+00:00
02 QUEENS,Illegal Dumping,9,2026-09-13T00:00:00.000,2026-09-16T21:27:18.235405+00:00
12 BRONX,Street Light Condition,9,2026-09-13T00:00:00.000,2026-09-16T21:27:18.235405+00:00
11 QUEENS,Street Light Condition,9,2026-09-13T00:00:00.000,2026-09-16T21:27:18.235405+00:00
11 QUEENS,Overgrown Tree/Branches,9,2026-09-13T00:00:00.000,2026-09-16T21:27:18.235405+00:00
03 BROOKLYN,Dirty Condition,9,2026-09-13T00:00:00.000,2026-09-16T21:27:18.235405+00:00
10 QUEENS,Sewer Maintenance,9,2026-09-13T00:00:00.000,2026-09-16T21:27:18.235405+00:00
03 BRONX,WATER LEAK,9,2026-09-13T00:00:00.000,2026-09-16T21:27:18.235405+00:00
02 MANHATTAN,Noise - Vehicle,9,2026-09-13T00:00:00.000,2026-09-16T21:27:18.235405+00:00
10 BROOKLYN,Damaged Tree,9,2026-09-13T00:00:00.000,2026-09-16T21:27:18.235405+00:00
07 QUEENS,Sewer Maintenance,9,2026-09-13T00:00:00.000,2026-09-16T21:27:18.235405+00:00
06 BROOKLYN,Homeless Person Assistance,9,2026-09-13T00:00:00.000,2026-09-16T21:27:18.235405+00:00
01 QUEENS,Dirty Condition,9,2026-09-13T00:00:00.000,2026-09-16T21:27:18.235405+00:00
12 BRONX,Dirty Condition,9,2026-09-13T00:00:00.000,2026-09-16T21:27:18.235405+00:00
01 QUEENS,Urinating in Public,9,2026-09-13T00:00:00.000,2026-09-16T21:27:18.235405+00:00
10 MANHATTAN,DOOR/WINDOW,9,2026-09-13T00:00:00.000,2026-09-16T21:27:18.235405+00:00
08 BROOKLYN,DOOR/WINDOW,9,2026-09-13T00:00:00.000,2026-09-16T21:27:18.235405+00:00
03 BROOKLYN,WATER LEAK,9,2026-09-13T00:00:00.000,2026-09-16T21:27:18.235405+00:00
01 MANHATTAN,Traffic Signal Condition,9,2026-09-13T00:00:00.000,2026-09-16T21:27:18.235405+00:00
14 QUEENS,Blocked Driveway,9,2026-09-13T00:00:00.000,2026-09-16T21:27:18.235405+00:00
10 MANHATTAN,Noise - Commercial,9,2026-09-13T00:00:00.000,2026-09-16T21:27:18.235405+00:00
03 BROOKLYN,PLUMBING,9,2026-09-13T00:00:00.000,2026-09-16T21:27:18.235405+00:00
01 STATEN ISLAND,Damaged Tree,9,2026-09-13T00:00:00.000,2026-09-16T21:27:18.235405+00:00
07 QUEENS,Obstruction,9,2026-09-13T00:00:00.000,2026-09-16T21:27:18.235405+00:00
09 QUEENS,Damaged Tree,9,2026-09-13T00:00:00.000,2026-09-16T21:27:18.235405+00:00
09 QUEENS,Dirty Condition,9,2026-09-13T00:00:00.000,2026-09-16T21:27:18.235405+00:00
08 BRONX,ELECTRIC,9,2026-09-13T00:00:00.000,2026-09-16T21:27:18.235405+00:00
09 QUEENS,UNSANITARY CONDITION,9,2026-09-13T00:00:00.000,2026-09-16T21:27:18.235405+00:00
02 MANHATTAN,Traffic Signal Condition,9,2026-09-13T00:00:00.000,2026-09-16T21:27:18.235405+00:00
04 BRONX,HEAT/HOT WATER,9,2026-09-13T00:00:00.000,2026-09-16T21:27:18.235405+00:00
09 BRONX,PLUMBING,9,2026-09-13T00:00:00.000,2026-09-16T21:27:18.235405+00:00
04 QUEENS,Noise - Commercial,9,2026-09-13T00:00:00.000,2026-09-16T21:27:18.235405+00:00
09 QUEENS,Sewer Maintenance,9,2026-09-13T00:00:00.000,2026-09-16T21:27:18.235405+00:00
09 BRONX,DOOR/WINDOW,9,2026-09-13T00:00:00.000,2026-09-16T21:27:18.235405+00:00
08 MANHATTAN,Street Condition,9,2026-09-13T00:00:00.000,2026-09-16T21:27:18.235405+00:00
03 BROOKLYN,APPLIANCE,8,2026-09-13T00:00:00.000,2026-09-16T21:27:18.235405+00:00
14 BROOKLYN,Dirty Condition,8,2026-09-13T00:00:00.000,2026-09-16T21:27:18.235405+00:00
02 BROOKLYN,Rodent,8,2026-09-13T00:00:00.000,2026-09-16T21:27:18.235405+00:00
12 MANHATTAN,Street Light Condition,8,2026-09-13T00:00:00.000,2026-09-16T21:27:18.235405+00:00
13 QUEENS,Sewer Maintenance,8,2026-09-13T00:00:00.000,2026-09-16T21:27:18.235405+00:00
06 BROOKLYN,Lead,8,2026-09-13T00:00:00.000,2026-09-16T21:27:18.235405+00:00
03 BRONX,Noise,8,2026-09-13T00:00:00.000,2026-09-16T21:27:18.235405+00:00
11 BRONX,PLUMBING,8,2026-09-13T00:00:00.000,2026-09-16T21:27:18.235405+00:00
13 QUEENS,Obstruction,8,2026-09-13T00:00:00.000,2026-09-16T21:27:18.235405+00:00
11 MANHATTAN,Noise,8,2026-09-13T00:00:00.000,2026-09-16T21:27:18.235405+00:00
01 BROOKLYN,Noise - Vehicle,8,2026-09-13T00:00:00.000,2026-09-16T21:27:18.235405+00:00
09 MANHATTAN,Elevator,8,2026-09-13T00:00:00.000,2026-09-16T21:27:18.235405+00:00
12 BROOKLYN,Damaged Tree,8,2026-09-13T00:00:00.000,2026-09-16T21:27:18.235405+00:00
15 BROOKLYN,Noise - Street/Sidewalk,8,2026-09-13T00:00:00.000,2026-09-16T21:27:18.235405+00:00
18 BROOKLYN,Noise - Commercial,8,2026-09-13T00:00:00.000,2026-09-16T21:27:18.235405+00:00
18 BROOKLYN,Overgrown Tree/Branches,8,2026-09-13T00:00:00.000,2026-09-16T21:27:18.235405+00:00
06 BROOKLYN,ELECTRIC,8,2026-09-13T00:00:00.000,2026-09-16T21:27:18.235405+00:00
09 BRONX,Noise - Vehicle,8,2026-09-13T00:00:00.000,2026-09-16T21:27:18.235405+00:00
10 BROOKLYN,Noise,8,2026-09-13T00:00:00.000,2026-09-16T21:27:18.235405+00:00
01 MANHATTAN,Noise - Residential,8,2026-09-13T00:00:00.000,2026-09-16T21:27:18.235405+00:00
10 BRONX,Obstruction,8,2026-09-13T00:00:00.000,2026-09-16T21:27:18.235405+00:00
05 BROOKLYN,DOOR/WINDOW,8,2026-09-13T00:00:00.000,2026-09-16T21:27:18.235405+00:00
05 BRONX,Encampment,8,2026-09-13T00:00:00.000,2026-09-16T21:27:18.235405+00:00
03 STATEN ISLAND,Water Maintenance,8,2026-09-13T00:00:00.000,2026-09-16T21:27:18.235405+00:00
18 BROOKLYN,Maintenance or Facility,8,2026-09-13T00:00:00.000,2026-09-16T21:27:18.235405+00:00
01 QUEENS,Obstruction,8,2026-09-13T00:00:00.000,2026-09-16T21:27:18.235405+00:00
02 MANHATTAN,Street Condition,8,2026-09-13T00:00:00.000,2026-09-16T21:27:18.235405+00:00
03 QUEENS,Illegal Dumping,8,2026-09-13T00:00:00.000,2026-09-16T21:27:18.235405+00:00
01 QUEENS,Noise,8,2026-09-13T00:00:00.000,2026-09-16T21:27:18.235405+00:00
14 BROOKLYN,Overgrown Tree/Branches,8,2026-09-13T00:00:00.000,2026-09-16T21:27:18.235405+00:00
04 BRONX,Noise - Commercial,8,2026-09-13T00:00:00.000,2026-09-16T21:27:18.235405+00:00
02 BROOKLYN,Maintenance or Facility,8,2026-09-13T00:00:00.000,2026-09-16T21:27:18.235405+00:00
01 STATEN ISLAND,Street Condition,8,2026-09-13T00:00:00.000,2026-09-16T21:27:18.235405+00:00
12 MANHATTAN,Maintenance or Facility,8,2026-09-13T00:00:00.000,2026-09-16T21:27:18.235405+00:00
03 STATEN ISLAND,Root/Sewer/Sidewalk Condition,8,2026-09-13T00:00:00.000,2026-09-16T21:27:18.235405+00:00
07 BROOKLYN,Graffiti,8,2026-09-13T00:00:00.000,2026-09-16T21:27:18.235405+00:00
03 QUEENS,Vendor Enforcement,8,2026-09-13T00:00:00.000,2026-09-16T21:27:18.235405+00:00
12 QUEENS,Elevator,8,2026-09-13T00:00:00.000,2026-09-16T21:27:18.235405+00:00
01 STATEN ISLAND,Noise - Commercial,8,2026-09-13T00:00:00.000,2026-09-16T21:27:18.235405+00:00
02 QUEENS,Water Maintenance,8,2026-09-13T00:00:00.000,2026-09-16T21:27:18.235405+00:00
07 BRONX,Noise - Vehicle,8,2026-09-13T00:00:00.000,2026-09-16T21:27:18.235405+00:00
12 BRONX,PAINT/PLASTER,8,2026-09-13T00:00:00.000,2026-09-16T21:27:18.235405+00:00
06 QUEENS,Abandoned Vehicle,8,2026-09-13T00:00:00.000,2026-09-16T21:27:18.235405+00:00
03 STATEN ISLAND,Missed Collection,8,2026-09-13T00:00:00.000,2026-09-16T21:27:18.235405+00:00
07 MANHATTAN,PAINT/PLASTER,8,2026-09-13T00:00:00.000,2026-09-16T21:27:18.235405+00:00
18 BROOKLYN,ELECTRIC,8,2026-09-13T00:00:00.000,2026-09-16T21:27:18.235405+00:00
06 QUEENS,UNSANITARY CONDITION,8,2026-09-13T00:00:00.000,2026-09-16T21:27:18.235405+00:00
08 QUEENS,Damaged Tree,8,2026-09-13T00:00:00.000,2026-09-16T21:27:18.235405+00:00
12 QUEENS,Noise - Vehicle,8,2026-09-13T00:00:00.000,2026-09-16T21:27:18.235405+00:00
12 QUEENS,Panhandling,8,2026-09-13T00:00:00.000,2026-09-16T21:27:18.235405+00:00
09 BRONX,WATER LEAK,8,2026-09-13T00:00:00.000,2026-09-16T21:27:18.235405+00:00
02 BROOKLYN,Illegal Dumping,8,2026-09-13T00:00:00.000,2026-09-16T21:27:18.235405+00:00
02 BROOKLYN,Homeless Person Assistance,8,2026-09-13T00:00:00.000,2026-09-16T21:27:18.235405+00:00
06 BROOKLYN,Encampment,8,2026-09-13T00:00:00.000,2026-09-16T21:27:18.235405+00:00
06 MANHATTAN,Street Condition,8,2026-09-13T00:00:00.000,2026-09-16T21:27:18.235405+00:00
12 QUEENS,General Construction/Plumbing,8,2026-09-13T00:00:00.000,2026-09-16T21:27:18.235405+00:00
12 BRONX,Abandoned Vehicle,8,2026-09-13T00:00:00.000,2026-09-16T21:27:18.235405+00:00
02 STATEN ISLAND,Abandoned Vehicle,8,2026-09-13T00:00:00.000,2026-09-16T21:27:18.235405+00:00
04 BRONX,Encampment,8,2026-09-13T00:00:00.000,2026-09-16T21:27:18.235405+00:00
03 MANHATTAN,HEAT/HOT WATER,8,2026-09-13T00:00:00.000,2026-09-16T21:27:18.235405+00:00
03 MANHATTAN,Maintenance or Facility,8,2026-09-13T00:00:00.000,2026-09-16T21:27:18.235405+00:00
05 QUEENS,Rodent,8,2026-09-13T00:00:00.000,2026-09-16T21:27:18.235405+00:00
08 QUEENS,Street Light Condition,8,2026-09-13T00:00:00.000,2026-09-16T21:27:18.235405+00:00
01 QUEENS,UNSANITARY CONDITION,8,2026-09-13T00:00:00.000,2026-09-16T21:27:18.235405+00:00
05 QUEENS,Traffic Signal Condition,8,2026-09-13T00:00:00.000,2026-09-16T21:27:18.235405+00:00
04 BRONX,Noise - Vehicle,8,2026-09-13T00:00:00.000,2026-09-16T21:27:18.235405+00:00
14 BROOKLYN,Noise - Commercial,8,2026-09-13T00:00:00.000,2026-09-16T21:27:18.235405+00:00
17 BROOKLYN,APPLIANCE,8,2026-09-13T00:00:00.000,2026-09-16T21:27:18.235405+00:00
06 BROOKLYN,WATER LEAK,8,2026-09-13T00:00:00.000,2026-09-16T21:27:18.235405+00:00
05 BROOKLYN,Street Light Condition,8,2026-09-13T00:00:00.000,2026-09-16T21:27:18.235405+00:00
03 BROOKLYN,HEAT/HOT WATER,8,2026-09-13T00:00:00.000,2026-09-16T21:27:18.235405+00:00
15 BROOKLYN,Illegal Dumping,8,2026-09-13T00:00:00.000,2026-09-16T21:27:18.235405+00:00
15 BROOKLYN,Dirty Condition,8,2026-09-13T00:00:00.000,2026-09-16T21:27:18.235405+00:00
15 BROOKLYN,Damaged Tree,8,2026-09-13T00:00:00.000,2026-09-16T21:27:18.235405+00:00
12 BRONX,Damaged Tree,8,2026-09-13T00:00:00.000,2026-09-16T21:27:18.235405+00:00
07 QUEENS,UNSANITARY CONDITION,8,2026-09-13T00:00:00.000,2026-09-16T21:27:18.235405+00:00
08 BROOKLYN,ELECTRIC,8,2026-09-13T00:00:00.000,2026-09-16T21:27:18.235405+00:00
09 MANHATTAN,Traffic Signal Condition,8,2026-09-13T00:00:00.000,2026-09-16T21:27:18.235405+00:00
05 BROOKLYN,Street Sweeping Complaint,7,2026-09-13T00:00:00.000,2026-09-16T21:27:18.235405+00:00
11 BRONX,General Construction/Plumbing,7,2026-09-13T00:00:00.000,2026-09-16T21:27:18.235405+00:00
03 BROOKLYN,Abandoned Vehicle,7,2026-09-13T00:00:00.000,2026-09-16T21:27:18.235405+00:00
12 BROOKLYN,General Construction/Plumbing,7,2026-09-13T00:00:00.000,2026-09-16T21:27:18.235405+00:00
01 STATEN ISLAND,Sewer Maintenance,7,2026-09-13T00:00:00.000,2026-09-16T21:27:18.235405+00:00
08 QUEENS,Noise - Park,7,2026-09-13T00:00:00.000,2026-09-16T21:27:18.235405+00:00
17 BROOKLYN,Consumer Complaint,7,2026-09-13T00:00:00.000,2026-09-16T21:27:18.235405+00:00
06 BROOKLYN,Missed Collection,7,2026-09-13T00:00:00.000,2026-09-16T21:27:18.235405+00:00
13 QUEENS,Overgrown Tree/Branches,7,2026-09-13T00:00:00.000,2026-09-16T21:27:18.235405+00:00
02 QUEENS,Drinking,7,2026-09-13T00:00:00.000,2026-09-16T21:27:18.235405+00:00
02 BROOKLYN,Lead,7,2026-09-13T00:00:00.000,2026-09-16T21:27:18.235405+00:00
05 BROOKLYN,Traffic Signal Condition,7,2026-09-13T00:00:00.000,2026-09-16T21:27:18.235405+00:00
02 BRONX,PAINT/PLASTER,7,2026-09-13T00:00:00.000,2026-09-16T21:27:18.235405+00:00
02 BROOKLYN,Encampment,7,2026-09-13T00:00:00.000,2026-09-16T21:27:18.235405+00:00
09 BROOKLYN,HEAT/HOT WATER,7,2026-09-13T00:00:00.000,2026-09-16T21:27:18.235405+00:00
0 Unspecified,Taxi Complaint,7,2026-09-13T00:00:00.000,2026-09-16T21:27:18.235405+00:00
05 QUEENS,Illegal Dumping,7,2026-09-13T00:00:00.000,2026-09-16T21:27:18.235405+00:00
02 QUEENS,Street Condition,7,2026-09-13T00:00:00.000,2026-09-16T21:27:18.235405+00:00
12 QUEENS,Overgrown Tree/Branches,7,2026-09-13T00:00:00.000,2026-09-16T21:27:18.235405+00:00
11 MANHATTAN,Residential Disposal Complaint,7,2026-09-13T00:00:00.000,2026-09-16T21:27:18.235405+00:00
07 QUEENS,Illegal Posting,7,2026-09-13T00:00:00.000,2026-09-16T21:27:18.235405+00:00
07 BRONX,FLOORING/STAIRS,7,2026-09-13T00:00:00.000,2026-09-16T21:27:18.235405+00:00
12 BROOKLYN,UNSANITARY CONDITION,7,2026-09-13T00:00:00.000,2026-09-16T21:27:18.235405+00:00
04 MANHATTAN,Consumer Complaint,7,2026-09-13T00:00:00.000,2026-09-16T21:27:18.235405+00:00
05 MANHATTAN,Noise - Vehicle,7,2026-09-13T00:00:00.000,2026-09-16T21:27:18.235405+00:00
08 BROOKLYN,HEAT/HOT WATER,7,2026-09-13T00:00:00.000,2026-09-16T21:27:18.235405+00:00
03 STATEN ISLAND,Abandoned Vehicle,7,2026-09-13T00:00:00.000,2026-09-16T21:27:18.235405+00:00
04 BROOKLYN,DOOR/WINDOW,7,2026-09-13T00:00:00.000,2026-09-16T21:27:18.235405+00:00
09 BROOKLYN,ELECTRIC,7,2026-09-13T00:00:00.000,2026-09-16T21:27:18.235405+00:00
09 MANHATTAN,GENERAL,7,2026-09-13T00:00:00.000,2026-09-16T21:27:18.235405+00:00
17 BROOKLYN,Overgrown Tree/Branches,7,2026-09-13T00:00:00.000,2026-09-16T21:27:18.235405+00:00
11 BRONX,Street Condition,7,2026-09-13T00:00:00.000,2026-09-16T21:27:18.235405+00:00
02 STATEN ISLAND,Sidewalk Condition,7,2026-09-13T00:00:00.000,2026-09-16T21:27:18.235405+00:00
13 QUEENS,Dead/Dying Tree,7,2026-09-13T00:00:00.000,2026-09-16T21:27:18.235405+00:00
11 BROOKLYN,Sidewalk Condition,7,2026-09-13T00:00:00.000,2026-09-16T21:27:18.235405+00:00
07 BRONX,Street Light Condition,7,2026-09-13T00:00:00.000,2026-09-16T21:27:18.235405+00:00
12 BRONX,HEAT/HOT WATER,7,2026-09-13T00:00:00.000,2026-09-16T21:27:18.235405+00:00
05 BRONX,Noise - Vehicle,7,2026-09-13T00:00:00.000,2026-09-16T21:27:18.235405+00:00
01 BROOKLYN,HEAT/HOT WATER,7,2026-09-13T00:00:00.000,2026-09-16T21:27:18.235405+00:00
07 MANHATTAN,Panhandling,7,2026-09-13T00:00:00.000,2026-09-16T21:27:18.235405+00:00
02 STATEN ISLAND,Street Condition,7,2026-09-13T00:00:00.000,2026-09-16T21:27:18.235405+00:00
09 BROOKLYN,Noise - Vehicle,7,2026-09-13T00:00:00.000,2026-09-16T21:27:18.235405+00:00
09 BROOKLYN,Noise - Street/Sidewalk,7,2026-09-13T00:00:00.000,2026-09-16T21:27:18.235405+00:00
03 BRONX,Blocked Driveway,7,2026-09-13T00:00:00.000,2026-09-16T21:27:18.235405+00:00
05 BROOKLYN,Sewer Maintenance,7,2026-09-13T00:00:00.000,2026-09-16T21:27:18.235405+00:00
12 QUEENS,Derelict Vehicles,7,2026-09-13T00:00:00.000,2026-09-16T21:27:18.235405+00:00
07 BROOKLYN,Street Condition,7,2026-09-13T00:00:00.000,2026-09-16T21:27:18.235405+00:00
07 BROOKLYN,Street Light Condition,7,2026-09-13T00:00:00.000,2026-09-16T21:27:18.235405+00:00
09 BRONX,Abandoned Vehicle,7,2026-09-13T00:00:00.000,2026-09-16T21:27:18.235405+00:00
09 BRONX,Noise - Commercial,7,2026-09-13T00:00:00.000,2026-09-16T21:27:18.235405+00:00
04 BRONX,Non-Emergency Police Matter,7,2026-09-13T00:00:00.000,2026-09-16T21:27:18.235405+00:00
06 BROOKLYN,Sidewalk Condition,7,2026-09-13T00:00:00.000,2026-09-16T21:27:18.235405+00:00
16 BROOKLYN,Noise - Street/Sidewalk,7,2026-09-13T00:00:00.000,2026-09-16T21:27:18.235405+00:00
16 BROOKLYN,Traffic Signal Condition,7,2026-09-13T00:00:00.000,2026-09-16T21:27:18.235405+00:00
14 BROOKLYN,Water Maintenance,7,2026-09-13T00:00:00.000,2026-09-16T21:27:18.235405+00:00
05 BROOKLYN,Illegal Dumping,7,2026-09-13T00:00:00.000,2026-09-16T21:27:18.235405+00:00
07 BROOKLYN,UNSANITARY CONDITION,7,2026-09-13T00:00:00.000,2026-09-16T21:27:18.235405+00:00
10 MANHATTAN,Elevator,7,2026-09-13T00:00:00.000,2026-09-16T21:27:18.235405+00:00
03 MANHATTAN,Dirty Condition,7,2026-09-13T00:00:00.000,2026-09-16T21:27:18.235405+00:00
15 BROOKLYN,Street Light Condition,7,2026-09-13T00:00:00.000,2026-09-16T21:27:18.235405+00:00
01 QUEENS,WATER LEAK,7,2026-09-13T00:00:00.000,2026-09-16T21:27:18.235405+00:00
03 BROOKLYN,PAINT/PLASTER,7,2026-09-13T00:00:00.000,2026-09-16T21:27:18.235405+00:00
04 MANHATTAN,UNSANITARY CONDITION,7,2026-09-13T00:00:00.000,2026-09-16T21:27:18.235405+00:00
09 QUEENS,Traffic Signal Condition,7,2026-09-13T00:00:00.000,2026-09-16T21:27:18.235405+00:00
07 BRONX,Elevator,7,2026-09-13T00:00:00.000,2026-09-16T21:27:18.235405+00:00
06 BRONX,ELECTRIC,7,2026-09-13T00:00:00.000,2026-09-16T21:27:18.235405+00:00
01 BROOKLYN,Maintenance or Facility,7,2026-09-13T00:00:00.000,2026-09-16T21:27:18.235405+00:00
01 BROOKLYN,Missed Collection,7,2026-09-13T00:00:00.000,2026-09-16T21:27:18.235405+00:00
14 BROOKLYN,Elevator,7,2026-09-13T00:00:00.000,2026-09-16T21:27:18.235405+00:00
10 QUEENS,Dirty Condition,7,2026-09-13T00:00:00.000,2026-09-16T21:27:18.235405+00:00
10 MANHATTAN,Noise,7,2026-09-13T00:00:00.000,2026-09-16T21:27:18.235405+00:00
07 BROOKLYN,Residential Disposal Complaint,7,2026-09-13T00:00:00.000,2026-09-16T21:27:18.235405+00:00
04 QUEENS,Curb Condition,7,2026-09-13T00:00:00.000,2026-09-16T21:27:18.235405+00:00
14 BROOKLYN,FLOORING/STAIRS,7,2026-09-13T00:00:00.000,2026-09-16T21:27:18.235405+00:00
09 QUEENS,Missed Collection,7,2026-09-13T00:00:00.000,2026-09-16T21:27:18.235405+00:00
10 MANHATTAN,FLOORING/STAIRS,7,2026-09-13T00:00:00.000,2026-09-16T21:27:18.235405+00:00
03 MANHATTAN,Noise - Vehicle,7,2026-09-13T00:00:00.000,2026-09-16T21:27:18.235405+00:00
05 BROOKLYN,Damaged Tree,7,2026-09-13T00:00:00.000,2026-09-16T21:27:18.235405+00:00
07 MANHATTAN,DOOR/WINDOW,7,2026-09-13T00:00:00.000,2026-09-16T21:27:18.235405+00:00
03 MANHATTAN,WATER LEAK,7,2026-09-13T00:00:00.000,2026-09-16T21:27:18.235405+00:00
03 MANHATTAN,Street Condition,7,2026-09-13T00:00:00.000,2026-09-16T21:27:18.235405+00:00
03 MANHATTAN,Street Light Condition,7,2026-09-13T00:00:00.000,2026-09-16T21:27:18.235405+00:00
03 QUEENS,Damaged Tree,7,2026-09-13T00:00:00.000,2026-09-16T21:27:18.235405+00:00
09 QUEENS,Street Condition,7,2026-09-13T00:00:00.000,2026-09-16T21:27:18.235405+00:00
05 QUEENS,Root/Sewer/Sidewalk Condition,7,2026-09-13T00:00:00.000,2026-09-16T21:27:18.235405+00:00
15 BROOKLYN,UNSANITARY CONDITION,7,2026-09-13T00:00:00.000,2026-09-16T21:27:18.235405+00:00
05 QUEENS,Street Light Condition,7,2026-09-13T00:00:00.000,2026-09-16T21:27:18.235405+00:00
06 QUEENS,Noise - Street/Sidewalk,7,2026-09-13T00:00:00.000,2026-09-16T21:27:18.235405+00:00
06 QUEENS,Non-Emergency Police Matter,7,2026-09-13T00:00:00.000,2026-09-16T21:27:18.235405+00:00
03 MANHATTAN,For Hire Vehicle Complaint,7,2026-09-13T00:00:00.000,2026-09-16T21:27:18.235405+00:00
03 MANHATTAN,Illegal Dumping,7,2026-09-13T00:00:00.000,2026-09-16T21:27:18.235405+00:00
07 QUEENS,Damaged Tree,7,2026-09-13T00:00:00.000,2026-09-16T21:27:18.235405+00:00
08 MANHATTAN,Noise - Vehicle,7,2026-09-13T00:00:00.000,2026-09-16T21:27:18.235405+00:00
08 MANHATTAN,Missed Collection,7,2026-09-13T00:00:00.000,2026-09-16T21:27:18.235405+00:00
08 MANHATTAN,Blocked Driveway,7,2026-09-13T00:00:00.000,2026-09-16T21:27:18.235405+00:00
04 BRONX,ELECTRIC,7,2026-09-13T00:00:00.000,2026-09-16T21:27:18.235405+00:00
14 QUEENS,UNSANITARY CONDITION,7,2026-09-13T00:00:00.000,2026-09-16T21:27:18.235405+00:00
01 BROOKLYN,Animal in a Park,7,2026-09-13T00:00:00.000,2026-09-16T21:27:18.235405+00:00
06 BROOKLYN,HEAT/HOT WATER,7,2026-09-13T00:00:00.000,2026-09-16T21:27:18.235405+00:00
01 QUEENS,Abandoned Vehicle,7,2026-09-13T00:00:00.000,2026-09-16T21:27:18.235405+00:00
01 BRONX,PLUMBING,7,2026-09-13T00:00:00.000,2026-09-16T21:27:18.235405+00:00
04 BRONX,Illegal Dumping,7,2026-09-13T00:00:00.000,2026-09-16T21:27:18.235405+00:00
02 MANHATTAN,Noise,7,2026-09-13T00:00:00.000,2026-09-16T21:27:18.235405+00:00
12 MANHATTAN,APPLIANCE,7,2026-09-13T00:00:00.000,2026-09-16T21:27:18.235405+00:00
01 BRONX,Noise - Vehicle,7,2026-09-13T00:00:00.000,2026-09-16T21:27:18.235405+00:00
06 BRONX,Street Condition,7,2026-09-13T00:00:00.000,2026-09-16T21:27:18.235405+00:00
07 QUEENS,Sidewalk Condition,7,2026-09-13T00:00:00.000,2026-09-16T21:27:18.235405+00:00
Unspecified QUEENS,Illegal Parking,7,2026-09-13T00:00:00.000,2026-09-16T21:27:18.235405+00:00
01 BRONX,APPLIANCE,6,2026-09-13T00:00:00.000,2026-09-16T21:27:18.235405+00:00
06 BRONX,PLUMBING,6,2026-09-13T00:00:00.000,2026-09-16T21:27:18.235405+00:00
Unspecified BROOKLYN,Highway Condition,6,2026-09-13T00:00:00.000,2026-09-16T21:27:18.235405+00:00
09 BRONX,Water Maintenance,6,2026-09-13T00:00:00.000,2026-09-16T21:27:18.235405+00:00
04 BRONX,GENERAL,6,2026-09-13T00:00:00.000,2026-09-16T21:27:18.235405+00:00
17 BROOKLYN,Street Light Condition,6,2026-09-13T00:00:00.000,2026-09-16T21:27:18.235405+00:00
18 BROOKLYN,Noise - Street/Sidewalk,6,2026-09-13T00:00:00.000,2026-09-16T21:27:18.235405+00:00
Unspecified QUEENS,Street Condition,6,2026-09-13T00:00:00.000,2026-09-16T21:27:18.235405+00:00
15 BROOKLYN,Noise,6,2026-09-13T00:00:00.000,2026-09-16T21:27:18.235405+00:00
01 QUEENS,Damaged Tree,6,2026-09-13T00:00:00.000,2026-09-16T21:27:18.235405+00:00
10 BROOKLYN,Noise - Vehicle,6,2026-09-13T00:00:00.000,2026-09-16T21:27:18.235405+00:00
05 BROOKLYN,Dirty Condition,6,2026-09-13T00:00:00.000,2026-09-16T21:27:18.235405+00:00
03 QUEENS,For Hire Vehicle Complaint,6,2026-09-13T00:00:00.000,2026-09-16T21:27:18.235405+00:00
03 QUEENS,Derelict Vehicles,6,2026-09-13T00:00:00.000,2026-09-16T21:27:18.235405+00:00
16 BROOKLYN,Graffiti,6,2026-09-13T00:00:00.000,2026-09-16T21:27:18.235405+00:00
06 BROOKLYN,Street Condition,6,2026-09-13T00:00:00.000,2026-09-16T21:27:18.235405+00:00
07 BROOKLYN,Sewer Maintenance,6,2026-09-13T00:00:00.000,2026-09-16T21:27:18.235405+00:00
05 BRONX,FLOORING/STAIRS,6,2026-09-13T00:00:00.000,2026-09-16T21:27:18.235405+00:00
07 QUEENS,Derelict Vehicles,6,2026-09-13T00:00:00.000,2026-09-16T21:27:18.235405+00:00
03 MANHATTAN,Noise,6,2026-09-13T00:00:00.000,2026-09-16T21:27:18.235405+00:00
03 MANHATTAN,Lost Property,6,2026-09-13T00:00:00.000,2026-09-16T21:27:18.235405+00:00
10 BROOKLYN,Street Light Condition,6,2026-09-13T00:00:00.000,2026-09-16T21:27:18.235405+00:00
10 BROOKLYN,Overgrown Tree/Branches,6,2026-09-13T00:00:00.000,2026-09-16T21:27:18.235405+00:00
10 BRONX,Sidewalk Condition,6,2026-09-13T00:00:00.000,2026-09-16T21:27:18.235405+00:00
02 MANHATTAN,For Hire Vehicle Complaint,6,2026-09-13T00:00:00.000,2026-09-16T21:27:18.235405+00:00
12 BRONX,Water Maintenance,6,2026-09-13T00:00:00.000,2026-09-16T21:27:18.235405+00:00
08 MANHATTAN,Rodent,6,2026-09-13T00:00:00.000,2026-09-16T21:27:18.235405+00:00
12 QUEENS,ELEVATOR,6,2026-09-13T00:00:00.000,2026-09-16T21:27:18.235405+00:00
08 BRONX,Street Light Condition,6,2026-09-13T00:00:00.000,2026-09-16T21:27:18.235405+00:00
10 BRONX,Dirty Condition,6,2026-09-13T00:00:00.000,2026-09-16T21:27:18.235405+00:00
07 MANHATTAN,HEAT/HOT WATER,6,2026-09-13T00:00:00.000,2026-09-16T21:27:18.235405+00:00
08 QUEENS,Water Maintenance,6,2026-09-13T00:00:00.000,2026-09-16T21:27:18.235405+00:00
16 BROOKLYN,PLUMBING,6,2026-09-13T00:00:00.000,2026-09-16T21:27:18.235405+00:00
01 MANHATTAN,Dirty Condition,6,2026-09-13T00:00:00.000,2026-09-16T21:27:18.235405+00:00
01 BROOKLYN,Water Maintenance,6,2026-09-13T00:00:00.000,2026-09-16T21:27:18.235405+00:00
03 BROOKLYN,Traffic Signal Condition,6,2026-09-13T00:00:00.000,2026-09-16T21:27:18.235405+00:00
03 MANHATTAN,Damaged Tree,6,2026-09-13T00:00:00.000,2026-09-16T21:27:18.235405+00:00
14 QUEENS,Street Light Condition,6,2026-09-13T00:00:00.000,2026-09-16T21:27:18.235405+00:00
02 MANHATTAN,HEAT/HOT WATER,6,2026-09-13T00:00:00.000,2026-09-16T21:27:18.235405+00:00
01 QUEENS,Noise - Park,6,2026-09-13T00:00:00.000,2026-09-16T21:27:18.235405+00:00
03 BROOKLYN,Noise - Commercial,6,2026-09-13T00:00:00.000,2026-09-16T21:27:18.235405+00:00
05 BROOKLYN,Noise - Park,6,2026-09-13T00:00:00.000,2026-09-16T21:27:18.235405+00:00
05 BROOKLYN,Maintenance or Facility,6,2026-09-13T00:00:00.000,2026-09-16T21:27:18.235405+00:00
10 MANHATTAN,Noise - Vehicle,6,2026-09-13T00:00:00.000,2026-09-16T21:27:18.235405+00:00
01 QUEENS,Missed Collection,6,2026-09-13T00:00:00.000,2026-09-16T21:27:18.235405+00:00
09 BRONX,HEAT/HOT WATER,6,2026-09-13T00:00:00.000,2026-09-16T21:27:18.235405+00:00
09 QUEENS,Building/Use,6,2026-09-13T00:00:00.000,2026-09-16T21:27:18.235405+00:00
03 QUEENS,Missed Collection,6,2026-09-13T00:00:00.000,2026-09-16T21:27:18.235405+00:00
01 BROOKLYN,Rodent,6,2026-09-13T00:00:00.000,2026-09-16T21:27:18.235405+00:00
07 QUEENS,Overgrown Tree/Branches,6,2026-09-13T00:00:00.000,2026-09-16T21:27:18.235405+00:00
08 BRONX,HEAT/HOT WATER,6,2026-09-13T00:00:00.000,2026-09-16T21:27:18.235405+00:00
08 BRONX,DOOR/WINDOW,6,2026-09-13T00:00:00.000,2026-09-16T21:27:18.235405+00:00
14 BROOKLYN,Noise,6,2026-09-13T00:00:00.000,2026-09-16T21:27:18.235405+00:00
14 BROOKLYN,Illegal Dumping,6,2026-09-13T00:00:00.000,2026-09-16T21:27:18.235405+00:00
14 BROOKLYN,HEAT/HOT WATER,6,2026-09-13T00:00:00.000,2026-09-16T21:27:18.235405+00:00
14 BROOKLYN,ELECTRIC,6,2026-09-13T00:00:00.000,2026-09-16T21:27:18.235405+00:00
03 BROOKLYN,Noise,6,2026-09-13T00:00:00.000,2026-09-16T21:27:18.235405+00:00
03 BROOKLYN,Maintenance or Facility,6,2026-09-13T00:00:00.000,2026-09-16T21:27:18.235405+00:00
10 QUEENS,Building/Use,6,2026-09-13T00:00:00.000,2026-09-16T21:27:18.235405+00:00
10 MANHATTAN,Traffic Signal Condition,6,2026-09-13T00:00:00.000,2026-09-16T21:27:18.235405+00:00
05 BRONX,Vendor Enforcement,6,2026-09-13T00:00:00.000,2026-09-16T21:27:18.235405+00:00
07 MANHATTAN,Indoor Air Quality,6,2026-09-13T00:00:00.000,2026-09-16T21:27:18.235405+00:00
03 QUEENS,Non-Emergency Police Matter,6,2026-09-13T00:00:00.000,2026-09-16T21:27:18.235405+00:00
09 QUEENS,Obstruction,6,2026-09-13T00:00:00.000,2026-09-16T21:27:18.235405+00:00
06 BRONX,Dirty Condition,6,2026-09-13T00:00:00.000,2026-09-16T21:27:18.235405+00:00
05 QUEENS,Obstruction,6,2026-09-13T00:00:00.000,2026-09-16T21:27:18.235405+00:00
13 QUEENS,Street Light Condition,6,2026-09-13T00:00:00.000,2026-09-16T21:27:18.235405+00:00
01 STATEN ISLAND,Residential Disposal Complaint,6,2026-09-13T00:00:00.000,2026-09-16T21:27:18.235405+00:00
01 STATEN ISLAND,Overgrown Tree/Branches,6,2026-09-13T00:00:00.000,2026-09-16T21:27:18.235405+00:00
01 STATEN ISLAND,Noise - Street/Sidewalk,6,2026-09-13T00:00:00.000,2026-09-16T21:27:18.235405+00:00
06 MANHATTAN,Dirty Condition,6,2026-09-13T00:00:00.000,2026-09-16T21:27:18.235405+00:00
08 BROOKLYN,Residential Disposal Complaint,6,2026-09-13T00:00:00.000,2026-09-16T21:27:18.235405+00:00
02 QUEENS,Noise - Commercial,6,2026-09-13T00:00:00.000,2026-09-16T21:27:18.235405+00:00
12 BRONX,Street Condition,6,2026-09-13T00:00:00.000,2026-09-16T21:27:18.235405+00:00
05 BRONX,Illegal Dumping,6,2026-09-13T00:00:00.000,2026-09-16T21:27:18.235405+00:00
07 BRONX,ELECTRIC,6,2026-09-13T00:00:00.000,2026-09-16T21:27:18.235405+00:00
12 BROOKLYN,Noise - Vehicle,6,2026-09-13T00:00:00.000,2026-09-16T21:27:18.235405+00:00
02 MANHATTAN,UNSANITARY CONDITION,6,2026-09-13T00:00:00.000,2026-09-16T21:27:18.235405+00:00
12 BROOKLYN,Illegal Dumping,6,2026-09-13T00:00:00.000,2026-09-16T21:27:18.235405+00:00
07 BRONX,APPLIANCE,6,2026-09-13T00:00:00.000,2026-09-16T21:27:18.235405+00:00
12 BROOKLYN,Sewer Maintenance,6,2026-09-13T00:00:00.000,2026-09-16T21:27:18.235405+00:00
12 MANHATTAN,Homeless Person Assistance,6,2026-09-13T00:00:00.000,2026-09-16T21:27:18.235405+00:00
03 STATEN ISLAND,Building/Use,6,2026-09-13T00:00:00.000,2026-09-16T21:27:18.235405+00:00
13 QUEENS,Lead,6,2026-09-13T00:00:00.000,2026-09-16T21:27:18.235405+00:00
01 STATEN ISLAND,Traffic Signal Condition,6,2026-09-13T00:00:00.000,2026-09-16T21:27:18.235405+00:00
04 BROOKLYN,Encampment,6,2026-09-13T00:00:00.000,2026-09-16T21:27:18.235405+00:00
04 BROOKLYN,Damaged Tree,6,2026-09-13T00:00:00.000,2026-09-16T21:27:18.235405+00:00
08 QUEENS,Illegal Dumping,6,2026-09-13T00:00:00.000,2026-09-16T21:27:18.235405+00:00
04 MANHATTAN,PLUMBING,6,2026-09-13T00:00:00.000,2026-09-16T21:27:18.235405+00:00
08 BROOKLYN,Rodent,6,2026-09-13T00:00:00.000,2026-09-16T21:27:18.235405+00:00
01 BROOKLYN,Obstruction,6,2026-09-13T00:00:00.000,2026-09-16T21:27:18.235405+00:00
03 STATEN ISLAND,Dirty Condition,6,2026-09-13T00:00:00.000,2026-09-16T21:27:18.235405+00:00
07 BROOKLYN,HEAT/HOT WATER,6,2026-09-13T00:00:00.000,2026-09-16T21:27:18.235405+00:00
11 BRONX,Noise,6,2026-09-13T00:00:00.000,2026-09-16T21:27:18.235405+00:00
11 BROOKLYN,Missed Collection,6,2026-09-13T00:00:00.000,2026-09-16T21:27:18.235405+00:00
10 QUEENS,UNSANITARY CONDITION,6,2026-09-13T00:00:00.000,2026-09-16T21:27:18.235405+00:00
03 BRONX,PLUMBING,6,2026-09-13T00:00:00.000,2026-09-16T21:27:18.235405+00:00
03 BRONX,Non-Emergency Police Matter,6,2026-09-13T00:00:00.000,2026-09-16T21:27:18.235405+00:00
13 BROOKLYN,Traffic Signal Condition,6,2026-09-13T00:00:00.000,2026-09-16T21:27:18.235405+00:00
13 QUEENS,Noise - Vehicle,6,2026-09-13T00:00:00.000,2026-09-16T21:27:18.235405+00:00
13 QUEENS,Noise - Street/Sidewalk,6,2026-09-13T00:00:00.000,2026-09-16T21:27:18.235405+00:00
02 STATEN ISLAND,Non-Emergency Police Matter,6,2026-09-13T00:00:00.000,2026-09-16T21:27:18.235405+00:00
02 STATEN ISLAND,Missed Collection,6,2026-09-13T00:00:00.000,2026-09-16T21:27:18.235405+00:00
02 BRONX,Blocked Driveway,6,2026-09-13T00:00:00.000,2026-09-16T21:27:18.235405+00:00
11 BROOKLYN,Overgrown Tree/Branches,6,2026-09-13T00:00:00.000,2026-09-16T21:27:18.235405+00:00
03 BRONX,APPLIANCE,6,2026-09-13T00:00:00.000,2026-09-16T21:27:18.235405+00:00
11 BROOKLYN,Noise - Street/Sidewalk,6,2026-09-13T00:00:00.000,2026-09-16T21:27:18.235405+00:00
09 BROOKLYN,Residential Disposal Complaint,6,2026-09-13T00:00:00.000,2026-09-16T21:27:18.235405+00:00
07 MANHATTAN,Noise - Vehicle,6,2026-09-13T00:00:00.000,2026-09-16T21:27:18.235405+00:00
01 BROOKLYN,Homeless Person Assistance,6,2026-09-13T00:00:00.000,2026-09-16T21:27:18.235405+00:00
18 BROOKLYN,Dead Animal,6,2026-09-13T00:00:00.000,2026-09-16T21:27:18.235405+00:00
06 BROOKLYN,Noise - Commercial,6,2026-09-13T00:00:00.000,2026-09-16T21:27:18.235405+00:00
12 BRONX,Illegal Dumping,6,2026-09-13T00:00:00.000,2026-09-16T21:27:18.235405+00:00
02 QUEENS,Noise - Vehicle,6,2026-09-13T00:00:00.000,2026-09-16T21:27:18.235405+00:00
07 BRONX,Non-Emergency Police Matter,6,2026-09-13T00:00:00.000,2026-09-16T21:27:18.235405+00:00
05 MANHATTAN,Noise - Commercial,6,2026-09-13T00:00:00.000,2026-09-16T21:27:18.235405+00:00
04 QUEENS,Water Maintenance,6,2026-09-13T00:00:00.000,2026-09-16T21:27:18.235405+00:00
04 QUEENS,UNSANITARY CONDITION,6,2026-09-13T00:00:00.000,2026-09-16T21:27:18.235405+00:00
08 QUEENS,Abandoned Vehicle,6,2026-09-13T00:00:00.000,2026-09-16T21:27:18.235405+00:00
08 QUEENS,Food Establishment,6,2026-09-13T00:00:00.000,2026-09-16T21:27:18.235405+00:00
04 BROOKLYN,Noise - Park,6,2026-09-13T00:00:00.000,2026-09-16T21:27:18.235405+00:00
02 BROOKLYN,Consumer Complaint,6,2026-09-13T00:00:00.000,2026-09-16T21:27:18.235405+00:00
02 BRONX,WATER LEAK,6,2026-09-13T00:00:00.000,2026-09-16T21:27:18.235405+00:00
12 QUEENS,Vendor Enforcement,6,2026-09-13T00:00:00.000,2026-09-16T21:27:18.235405+00:00
01 BRONX,DOOR/WINDOW,6,2026-09-13T00:00:00.000,2026-09-16T21:27:18.235405+00:00
11 MANHATTAN,Blocked Driveway,6,2026-09-13T00:00:00.000,2026-09-16T21:27:18.235405+00:00
11 BROOKLYN,Street Condition,6,2026-09-13T00:00:00.000,2026-09-16T21:27:18.235405+00:00
12 BROOKLYN,Water Maintenance,6,2026-09-13T00:00:00.000,2026-09-16T21:27:18.235405+00:00
07 QUEENS,Noise - Park,6,2026-09-13T00:00:00.000,2026-09-16T21:27:18.235405+00:00
08 MANHATTAN,Lost Property,6,2026-09-13T00:00:00.000,2026-09-16T21:27:18.235405+00:00
04 BROOKLYN,WATER LEAK,6,2026-09-13T00:00:00.000,2026-09-16T21:27:18.235405+00:00
09 BRONX,Sewer Maintenance,6,2026-09-13T00:00:00.000,2026-09-16T21:27:18.235405+00:00
06 BRONX,FLOORING/STAIRS,6,2026-09-13T00:00:00.000,2026-09-16T21:27:18.235405+00:00
06 BRONX,Water Maintenance,5,2026-09-13T00:00:00.000,2026-09-16T21:27:18.235405+00:00
Unspecified BROOKLYN,Homeless Person Assistance,5,2026-09-13T00:00:00.000,2026-09-16T21:27:18.235405+00:00
Unspecified MANHATTAN,Broken Parking Meter,5,2026-09-13T00:00:00.000,2026-09-16T21:27:18.235405+00:00
01 BRONX,FLOORING/STAIRS,5,2026-09-13T00:00:00.000,2026-09-16T21:27:18.235405+00:00
Unspecified MANHATTAN,Noise - Street/Sidewalk,5,2026-09-13T00:00:00.000,2026-09-16T21:27:18.235405+00:00
07 MANHATTAN,Street Light Condition,5,2026-09-13T00:00:00.000,2026-09-16T21:27:18.235405+00:00
07 MANHATTAN,Vendor Enforcement,5,2026-09-13T00:00:00.000,2026-09-16T21:27:18.235405+00:00
04 BRONX,Animal-Abuse,5,2026-09-13T00:00:00.000,2026-09-16T21:27:18.235405+00:00
09 BRONX,Non-Emergency Police Matter,5,2026-09-13T00:00:00.000,2026-09-16T21:27:18.235405+00:00
04 BRONX,Elevator,5,2026-09-13T00:00:00.000,2026-09-16T21:27:18.235405+00:00
09 BRONX,Rodent,5,2026-09-13T00:00:00.000,2026-09-16T21:27:18.235405+00:00
09 BRONX,GENERAL,5,2026-09-13T00:00:00.000,2026-09-16T21:27:18.235405+00:00
09 BROOKLYN,Litter Basket Request,5,2026-09-13T00:00:00.000,2026-09-16T21:27:18.235405+00:00
05 BRONX,Rodent,5,2026-09-13T00:00:00.000,2026-09-16T21:27:18.235405+00:00
09 BROOKLYN,PLUMBING,5,2026-09-13T00:00:00.000,2026-09-16T21:27:18.235405+00:00
03 STATEN ISLAND,Sewer Maintenance,5,2026-09-13T00:00:00.000,2026-09-16T21:27:18.235405+00:00
09 MANHATTAN,Maintenance or Facility,5,2026-09-13T00:00:00.000,2026-09-16T21:27:18.235405+00:00
09 BROOKLYN,Noise,5,2026-09-13T00:00:00.000,2026-09-16T21:27:18.235405+00:00
03 QUEENS,UNSANITARY CONDITION,5,2026-09-13T00:00:00.000,2026-09-16T21:27:18.235405+00:00
03 STATEN ISLAND,Blocked Driveway,5,2026-09-13T00:00:00.000,2026-09-16T21:27:18.235405+00:00
09 MANHATTAN,Street Light Condition,5,2026-09-13T00:00:00.000,2026-09-16T21:27:18.235405+00:00
09 QUEENS,Noise - Street/Sidewalk,5,2026-09-13T00:00:00.000,2026-09-16T21:27:18.235405+00:00
03 QUEENS,Sewer Maintenance,5,2026-09-13T00:00:00.000,2026-09-16T21:27:18.235405+00:00
03 QUEENS,Street Light Condition,5,2026-09-13T00:00:00.000,2026-09-16T21:27:18.235405+00:00
07 MANHATTAN,Lead,5,2026-09-13T00:00:00.000,2026-09-16T21:27:18.235405+00:00
07 MANHATTAN,Noise - Helicopter,5,2026-09-13T00:00:00.000,2026-09-16T21:27:18.235405+00:00
03 QUEENS,Noise,5,2026-09-13T00:00:00.000,2026-09-16T21:27:18.235405+00:00
09 QUEENS,General Construction/Plumbing,5,2026-09-13T00:00:00.000,2026-09-16T21:27:18.235405+00:00
09 QUEENS,WATER LEAK,5,2026-09-13T00:00:00.000,2026-09-16T21:27:18.235405+00:00
03 QUEENS,DOOR/WINDOW,5,2026-09-13T00:00:00.000,2026-09-16T21:27:18.235405+00:00
09 QUEENS,Residential Disposal Complaint,5,2026-09-13T00:00:00.000,2026-09-16T21:27:18.235405+00:00
09 QUEENS,Street Light Condition,5,2026-09-13T00:00:00.000,2026-09-16T21:27:18.235405+00:00
07 MANHATTAN,Food Establishment,5,2026-09-13T00:00:00.000,2026-09-16T21:27:18.235405+00:00
05 BROOKLYN,FLOORING/STAIRS,5,2026-09-13T00:00:00.000,2026-09-16T21:27:18.235405+00:00
03 MANHATTAN,PAINT/PLASTER,5,2026-09-13T00:00:00.000,2026-09-16T21:27:18.235405+00:00
10 BRONX,Sewer Maintenance,5,2026-09-13T00:00:00.000,2026-09-16T21:27:18.235405+00:00
10 MANHATTAN,Illegal Dumping,5,2026-09-13T00:00:00.000,2026-09-16T21:27:18.235405+00:00
10 BROOKLYN,PLUMBING,5,2026-09-13T00:00:00.000,2026-09-16T21:27:18.235405+00:00
03 MANHATTAN,General Construction/Plumbing,5,2026-09-13T00:00:00.000,2026-09-16T21:27:18.235405+00:00
03 MANHATTAN,Graffiti,5,2026-09-13T00:00:00.000,2026-09-16T21:27:18.235405+00:00
10 MANHATTAN,APPLIANCE,5,2026-09-13T00:00:00.000,2026-09-16T21:27:18.235405+00:00
09 BRONX,Encampment,5,2026-09-13T00:00:00.000,2026-09-16T21:27:18.235405+00:00
07 QUEENS,Dirty Condition,5,2026-09-13T00:00:00.000,2026-09-16T21:27:18.235405+00:00
05 BROOKLYN,Noise - Vehicle,5,2026-09-13T00:00:00.000,2026-09-16T21:27:18.235405+00:00
05 BROOKLYN,Non-Emergency Police Matter,5,2026-09-13T00:00:00.000,2026-09-16T21:27:18.235405+00:00
03 MANHATTAN,ELECTRIC,5,2026-09-13T00:00:00.000,2026-09-16T21:27:18.235405+00:00
10 MANHATTAN,SAFETY,5,2026-09-13T00:00:00.000,2026-09-16T21:27:18.235405+00:00
10 MANHATTAN,Sewer Maintenance,5,2026-09-13T00:00:00.000,2026-09-16T21:27:18.235405+00:00
03 BROOKLYN,Noise - Vehicle,5,2026-09-13T00:00:00.000,2026-09-16T21:27:18.235405+00:00
10 MANHATTAN,Indoor Air Quality,5,2026-09-13T00:00:00.000,2026-09-16T21:27:18.235405+00:00
10 MANHATTAN,Missed Collection,5,2026-09-13T00:00:00.000,2026-09-16T21:27:18.235405+00:00
03 BROOKLYN,General Construction/Plumbing,5,2026-09-13T00:00:00.000,2026-09-16T21:27:18.235405+00:00
10 QUEENS,Damaged Tree,5,2026-09-13T00:00:00.000,2026-09-16T21:27:18.235405+00:00
10 MANHATTAN,Residential Disposal Complaint,5,2026-09-13T00:00:00.000,2026-09-16T21:27:18.235405+00:00
07 BROOKLYN,Maintenance or Facility,5,2026-09-13T00:00:00.000,2026-09-16T21:27:18.235405+00:00
03 BROOKLYN,Derelict Vehicles,5,2026-09-13T00:00:00.000,2026-09-16T21:27:18.235405+00:00
11 BRONX,GENERAL,5,2026-09-13T00:00:00.000,2026-09-16T21:27:18.235405+00:00
05 BRONX,HEAT/HOT WATER,5,2026-09-13T00:00:00.000,2026-09-16T21:27:18.235405+00:00
04 BROOKLYN,ELECTRIC,5,2026-09-13T00:00:00.000,2026-09-16T21:27:18.235405+00:00
11 BRONX,Noise - Vehicle,5,2026-09-13T00:00:00.000,2026-09-16T21:27:18.235405+00:00
11 BRONX,DOOR/WINDOW,5,2026-09-13T00:00:00.000,2026-09-16T21:27:18.235405+00:00
11 BRONX,Dirty Condition,5,2026-09-13T00:00:00.000,2026-09-16T21:27:18.235405+00:00
11 BRONX,ELECTRIC,5,2026-09-13T00:00:00.000,2026-09-16T21:27:18.235405+00:00
11 BROOKLYN,Sewer Maintenance,5,2026-09-13T00:00:00.000,2026-09-16T21:27:18.235405+00:00
11 BRONX,Water Maintenance,5,2026-09-13T00:00:00.000,2026-09-16T21:27:18.235405+00:00
11 BROOKLYN,Damaged Tree,5,2026-09-13T00:00:00.000,2026-09-16T21:27:18.235405+00:00
11 BROOKLYN,Illegal Dumping,5,2026-09-13T00:00:00.000,2026-09-16T21:27:18.235405+00:00
03 BRONX,Dirty Condition,5,2026-09-13T00:00:00.000,2026-09-16T21:27:18.235405+00:00
03 BRONX,Elevator,5,2026-09-13T00:00:00.000,2026-09-16T21:27:18.235405+00:00
11 BROOKLYN,Noise - Vehicle,5,2026-09-13T00:00:00.000,2026-09-16T21:27:18.235405+00:00
02 STATEN ISLAND,Traffic Signal Condition,5,2026-09-13T00:00:00.000,2026-09-16T21:27:18.235405+00:00
02 STATEN ISLAND,Water Maintenance,5,2026-09-13T00:00:00.000,2026-09-16T21:27:18.235405+00:00
03 BRONX,DOOR/WINDOW,5,2026-09-13T00:00:00.000,2026-09-16T21:27:18.235405+00:00
11 BROOKLYN,Obstruction,5,2026-09-13T00:00:00.000,2026-09-16T21:27:18.235405+00:00
05 BROOKLYN,Water Maintenance,5,2026-09-13T00:00:00.000,2026-09-16T21:27:18.235405+00:00
08 QUEENS,PAINT/PLASTER,5,2026-09-13T00:00:00.000,2026-09-16T21:27:18.235405+00:00
08 MANHATTAN,Water Maintenance,5,2026-09-13T00:00:00.000,2026-09-16T21:27:18.235405+00:00
11 MANHATTAN,PAINT/PLASTER,5,2026-09-13T00:00:00.000,2026-09-16T21:27:18.235405+00:00
11 MANHATTAN,Traffic Signal Condition,5,2026-09-13T00:00:00.000,2026-09-16T21:27:18.235405+00:00
05 MANHATTAN,Noise,5,2026-09-13T00:00:00.000,2026-09-16T21:27:18.235405+00:00
02 QUEENS,PAINT/PLASTER,5,2026-09-13T00:00:00.000,2026-09-16T21:27:18.235405+00:00
02 QUEENS,PLUMBING,5,2026-09-13T00:00:00.000,2026-09-16T21:27:18.235405+00:00
12 BRONX,GENERAL,5,2026-09-13T00:00:00.000,2026-09-16T21:27:18.235405+00:00
12 BRONX,Noise - Vehicle,5,2026-09-13T00:00:00.000,2026-09-16T21:27:18.235405+00:00
02 QUEENS,Noise,5,2026-09-13T00:00:00.000,2026-09-16T21:27:18.235405+00:00
12 BRONX,Derelict Vehicles,5,2026-09-13T00:00:00.000,2026-09-16T21:27:18.235405+00:00
08 MANHATTAN,Noise - Street/Sidewalk,5,2026-09-13T00:00:00.000,2026-09-16T21:27:18.235405+00:00
08 MANHATTAN,Sidewalk Condition,5,2026-09-13T00:00:00.000,2026-09-16T21:27:18.235405+00:00
04 BROOKLYN,PLUMBING,5,2026-09-13T00:00:00.000,2026-09-16T21:27:18.235405+00:00
04 BROOKLYN,Street Light Condition,5,2026-09-13T00:00:00.000,2026-09-16T21:27:18.235405+00:00
05 MANHATTAN,Sewer Maintenance,5,2026-09-13T00:00:00.000,2026-09-16T21:27:18.235405+00:00
05 MANHATTAN,Food Establishment,5,2026-09-13T00:00:00.000,2026-09-16T21:27:18.235405+00:00
12 BROOKLYN,Dead Animal,5,2026-09-13T00:00:00.000,2026-09-16T21:27:18.235405+00:00
02 QUEENS,Abandoned Vehicle,5,2026-09-13T00:00:00.000,2026-09-16T21:27:18.235405+00:00
02 QUEENS,Consumer Complaint,5,2026-09-13T00:00:00.000,2026-09-16T21:27:18.235405+00:00
02 QUEENS,Damaged Tree,5,2026-09-13T00:00:00.000,2026-09-16T21:27:18.235405+00:00
12 BROOKLYN,Noise,5,2026-09-13T00:00:00.000,2026-09-16T21:27:18.235405+00:00
07 BRONX,Damaged Tree,5,2026-09-13T00:00:00.000,2026-09-16T21:27:18.235405+00:00
02 MANHATTAN,Panhandling,5,2026-09-13T00:00:00.000,2026-09-16T21:27:18.235405+00:00
02 MANHATTAN,Sewer Maintenance,5,2026-09-13T00:00:00.000,2026-09-16T21:27:18.235405+00:00
02 MANHATTAN,Sidewalk Condition,5,2026-09-13T00:00:00.000,2026-09-16T21:27:18.235405+00:00
02 MANHATTAN,Taxi Complaint,5,2026-09-13T00:00:00.000,2026-09-16T21:27:18.235405+00:00
08 MANHATTAN,Dirty Condition,5,2026-09-13T00:00:00.000,2026-09-16T21:27:18.235405+00:00
04 BROOKLYN,Water Maintenance,5,2026-09-13T00:00:00.000,2026-09-16T21:27:18.235405+00:00
04 MANHATTAN,Blocked Driveway,5,2026-09-13T00:00:00.000,2026-09-16T21:27:18.235405+00:00
07 QUEENS,Illegal Dumping,5,2026-09-13T00:00:00.000,2026-09-16T21:27:18.235405+00:00
07 QUEENS,Maintenance or Facility,5,2026-09-13T00:00:00.000,2026-09-16T21:27:18.235405+00:00
04 QUEENS,Street Condition,5,2026-09-13T00:00:00.000,2026-09-16T21:27:18.235405+00:00
02 MANHATTAN,Illegal Dumping,5,2026-09-13T00:00:00.000,2026-09-16T21:27:18.235405+00:00
12 BROOKLYN,Rodent,5,2026-09-13T00:00:00.000,2026-09-16T21:27:18.235405+00:00
12 BROOKLYN,Sidewalk Condition,5,2026-09-13T00:00:00.000,2026-09-16T21:27:18.235405+00:00
02 BROOKLYN,WATER LEAK,5,2026-09-13T00:00:00.000,2026-09-16T21:27:18.235405+00:00
02 MANHATTAN,Blocked Driveway,5,2026-09-13T00:00:00.000,2026-09-16T21:27:18.235405+00:00
02 MANHATTAN,Consumer Complaint,5,2026-09-13T00:00:00.000,2026-09-16T21:27:18.235405+00:00
02 BROOKLYN,UNSANITARY CONDITION,5,2026-09-13T00:00:00.000,2026-09-16T21:27:18.235405+00:00
05 MANHATTAN,Violation of Park Rules,5,2026-09-13T00:00:00.000,2026-09-16T21:27:18.235405+00:00
12 QUEENS,GENERAL,5,2026-09-13T00:00:00.000,2026-09-16T21:27:18.235405+00:00
12 QUEENS,Homeless Person Assistance,5,2026-09-13T00:00:00.000,2026-09-16T21:27:18.235405+00:00
12 QUEENS,DOOR/WINDOW,5,2026-09-13T00:00:00.000,2026-09-16T21:27:18.235405+00:00
02 BROOKLYN,General Construction/Plumbing,5,2026-09-13T00:00:00.000,2026-09-16T21:27:18.235405+00:00
12 QUEENS,Missed Collection,5,2026-09-13T00:00:00.000,2026-09-16T21:27:18.235405+00:00
12 QUEENS,PAINT/PLASTER,5,2026-09-13T00:00:00.000,2026-09-16T21:27:18.235405+00:00
04 MANHATTAN,ELECTRIC,5,2026-09-13T00:00:00.000,2026-09-16T21:27:18.235405+00:00
04 MANHATTAN,Elevator,5,2026-09-13T00:00:00.000,2026-09-16T21:27:18.235405+00:00
05 QUEENS,General Construction/Plumbing,5,2026-09-13T00:00:00.000,2026-09-16T21:27:18.235405+00:00
12 QUEENS,WATER LEAK,5,2026-09-13T00:00:00.000,2026-09-16T21:27:18.235405+00:00
02 BROOKLYN,Bike Rack,5,2026-09-13T00:00:00.000,2026-09-16T21:27:18.235405+00:00
13 BROOKLYN,Non-Emergency Police Matter,5,2026-09-13T00:00:00.000,2026-09-16T21:27:18.235405+00:00
06 QUEENS,Damaged Tree,5,2026-09-13T00:00:00.000,2026-09-16T21:27:18.235405+00:00
06 QUEENS,Dirty Condition,5,2026-09-13T00:00:00.000,2026-09-16T21:27:18.235405+00:00
05 QUEENS,Encampment,5,2026-09-13T00:00:00.000,2026-09-16T21:27:18.235405+00:00
02 BRONX,HEAT/HOT WATER,5,2026-09-13T00:00:00.000,2026-09-16T21:27:18.235405+00:00
13 BROOKLYN,APPLIANCE,5,2026-09-13T00:00:00.000,2026-09-16T21:27:18.235405+00:00
13 BROOKLYN,Elevator,5,2026-09-13T00:00:00.000,2026-09-16T21:27:18.235405+00:00
01 STATEN ISLAND,Rodent,5,2026-09-13T00:00:00.000,2026-09-16T21:27:18.235405+00:00
13 BROOKLYN,Street Condition,5,2026-09-13T00:00:00.000,2026-09-16T21:27:18.235405+00:00
08 BROOKLYN,FLOORING/STAIRS,5,2026-09-13T00:00:00.000,2026-09-16T21:27:18.235405+00:00
08 BROOKLYN,GENERAL,5,2026-09-13T00:00:00.000,2026-09-16T21:27:18.235405+00:00
08 BROOKLYN,Illegal Dumping,5,2026-09-13T00:00:00.000,2026-09-16T21:27:18.235405+00:00
08 BROOKLYN,Lead,5,2026-09-13T00:00:00.000,2026-09-16T21:27:18.235405+00:00
08 BROOKLYN,Maintenance or Facility,5,2026-09-13T00:00:00.000,2026-09-16T21:27:18.235405+00:00
01 STATEN ISLAND,Dirty Condition,5,2026-09-13T00:00:00.000,2026-09-16T21:27:18.235405+00:00
01 STATEN ISLAND,PLUMBING,5,2026-09-13T00:00:00.000,2026-09-16T21:27:18.235405+00:00
13 QUEENS,Sidewalk Condition,5,2026-09-13T00:00:00.000,2026-09-16T21:27:18.235405+00:00
05 QUEENS,Maintenance or Facility,5,2026-09-13T00:00:00.000,2026-09-16T21:27:18.235405+00:00
14 BROOKLYN,Abandoned Vehicle,5,2026-09-13T00:00:00.000,2026-09-16T21:27:18.235405+00:00
14 BROOKLYN,Dead/Dying Tree,5,2026-09-13T00:00:00.000,2026-09-16T21:27:18.235405+00:00
01 STATEN ISLAND,DOOR/WINDOW,5,2026-09-13T00:00:00.000,2026-09-16T21:27:18.235405+00:00
14 BROOKLYN,Illegal Tree Damage,5,2026-09-13T00:00:00.000,2026-09-16T21:27:18.235405+00:00
06 MANHATTAN,PAINT/PLASTER,5,2026-09-13T00:00:00.000,2026-09-16T21:27:18.235405+00:00
14 BROOKLYN,Sidewalk Condition,5,2026-09-13T00:00:00.000,2026-09-16T21:27:18.235405+00:00
01 QUEENS,Rodent,5,2026-09-13T00:00:00.000,2026-09-16T21:27:18.235405+00:00
14 QUEENS,Noise,5,2026-09-13T00:00:00.000,2026-09-16T21:27:18.235405+00:00
08 BRONX,WATER LEAK,5,2026-09-13T00:00:00.000,2026-09-16T21:27:18.235405+00:00
04 MANHATTAN,Street Condition,5,2026-09-13T00:00:00.000,2026-09-16T21:27:18.235405+00:00
04 MANHATTAN,Traffic Signal Condition,5,2026-09-13T00:00:00.000,2026-09-16T21:27:18.235405+00:00
14 QUEENS,Street Condition,5,2026-09-13T00:00:00.000,2026-09-16T21:27:18.235405+00:00
01 QUEENS,Consumer Complaint,5,2026-09-13T00:00:00.000,2026-09-16T21:27:18.235405+00:00
01 QUEENS,Food Establishment,5,2026-09-13T00:00:00.000,2026-09-16T21:27:18.235405+00:00
06 BROOKLYN,Panhandling,5,2026-09-13T00:00:00.000,2026-09-16T21:27:18.235405+00:00
16 BROOKLYN,Damaged Tree,5,2026-09-13T00:00:00.000,2026-09-16T21:27:18.235405+00:00
01 MANHATTAN,Noise - Street/Sidewalk,5,2026-09-13T00:00:00.000,2026-09-16T21:27:18.235405+00:00
15 BROOKLYN,Maintenance or Facility,5,2026-09-13T00:00:00.000,2026-09-16T21:27:18.235405+00:00
01 MANHATTAN,Street Light Condition,5,2026-09-13T00:00:00.000,2026-09-16T21:27:18.235405+00:00
16 BROOKLYN,Maintenance or Facility,5,2026-09-13T00:00:00.000,2026-09-16T21:27:18.235405+00:00
01 MANHATTAN,Food Establishment,5,2026-09-13T00:00:00.000,2026-09-16T21:27:18.235405+00:00
16 BROOKLYN,WATER LEAK,5,2026-09-13T00:00:00.000,2026-09-16T21:27:18.235405+00:00
15 BROOKLYN,Traffic,5,2026-09-13T00:00:00.000,2026-09-16T21:27:18.235405+00:00
07 QUEENS,Vendor Enforcement,5,2026-09-13T00:00:00.000,2026-09-16T21:27:18.235405+00:00
08 BRONX,Dirty Condition,5,2026-09-13T00:00:00.000,2026-09-16T21:27:18.235405+00:00
08 BRONX,FLOORING/STAIRS,5,2026-09-13T00:00:00.000,2026-09-16T21:27:18.235405+00:00
04 QUEENS,DOOR/WINDOW,5,2026-09-13T00:00:00.000,2026-09-16T21:27:18.235405+00:00
17 BROOKLYN,General Construction/Plumbing,5,2026-09-13T00:00:00.000,2026-09-16T21:27:18.235405+00:00
01 BROOKLYN,Overgrown Tree/Branches,5,2026-09-13T00:00:00.000,2026-09-16T21:27:18.235405+00:00
17 BROOKLYN,Animal-Abuse,5,2026-09-13T00:00:00.000,2026-09-16T21:27:18.235405+00:00
06 BROOKLYN,Obstruction,5,2026-09-13T00:00:00.000,2026-09-16T21:27:18.235405+00:00
17 BROOKLYN,ELECTRIC,5,2026-09-13T00:00:00.000,2026-09-16T21:27:18.235405+00:00
01 BROOKLYN,Lead,5,2026-09-13T00:00:00.000,2026-09-16T21:27:18.235405+00:00
06 BROOKLYN,Indoor Air Quality,5,2026-09-13T00:00:00.000,2026-09-16T21:27:18.235405+00:00
06 BROOKLYN,Noise - Vehicle,5,2026-09-13T00:00:00.000,2026-09-16T21:27:18.235405+00:00
01 BROOKLYN,Cannabis Retailer,5,2026-09-13T00:00:00.000,2026-09-16T21:27:18.235405+00:00
18 BROOKLYN,General Construction/Plumbing,5,2026-09-13T00:00:00.000,2026-09-16T21:27:18.235405+00:00
17 BROOKLYN,Noise - Commercial,5,2026-09-13T00:00:00.000,2026-09-16T21:27:18.235405+00:00
01 BROOKLYN,Food Establishment,5,2026-09-13T00:00:00.000,2026-09-16T21:27:18.235405+00:00
01 BRONX,WATER LEAK,5,2026-09-13T00:00:00.000,2026-09-16T21:27:18.235405+00:00
04 QUEENS,PLUMBING,5,2026-09-13T00:00:00.000,2026-09-16T21:27:18.235405+00:00
07 QUEENS,Street Light Condition,5,2026-09-13T00:00:00.000,2026-09-16T21:27:18.235405+00:00
Unspecified QUEENS,Homeless Person Assistance,5,2026-09-13T00:00:00.000,2026-09-16T21:27:18.235405+00:00
Unspecified QUEENS,Street Light Condition,5,2026-09-13T00:00:00.000,2026-09-16T21:27:18.235405+00:00
06 BRONX,Noise - Commercial,5,2026-09-13T00:00:00.000,2026-09-16T21:27:18.235405+00:00
Unspecified MANHATTAN,Traffic Signal Condition,5,2026-09-13T00:00:00.000,2026-09-16T21:27:18.235405+00:00
0 Unspecified,For Hire Vehicle Complaint,4,2026-09-13T00:00:00.000,2026-09-16T21:27:18.235405+00:00
01 BRONX,HEAT/HOT WATER,4,2026-09-13T00:00:00.000,2026-09-16T21:27:18.235405+00:00
01 BRONX,GENERAL,4,2026-09-13T00:00:00.000,2026-09-16T21:27:18.235405+00:00
01 BRONX,Dirty Condition,4,2026-09-13T00:00:00.000,2026-09-16T21:27:18.235405+00:00
Unspecified BROOKLYN,Traffic Signal Condition,4,2026-09-13T00:00:00.000,2026-09-16T21:27:18.235405+00:00
06 BROOKLYN,Abandoned Vehicle,4,2026-09-13T00:00:00.000,2026-09-16T21:27:18.235405+00:00
06 BRONX,Noise - Vehicle,4,2026-09-13T00:00:00.000,2026-09-16T21:27:18.235405+00:00
17 BROOKLYN,Non-Emergency Police Matter,4,2026-09-13T00:00:00.000,2026-09-16T21:27:18.235405+00:00
17 BROOKLYN,Sidewalk Condition,4,2026-09-13T00:00:00.000,2026-09-16T21:27:18.235405+00:00
17 BROOKLYN,Street Condition,4,2026-09-13T00:00:00.000,2026-09-16T21:27:18.235405+00:00
06 BRONX,APPLIANCE,4,2026-09-13T00:00:00.000,2026-09-16T21:27:18.235405+00:00
17 BROOKLYN,FLOORING/STAIRS,4,2026-09-13T00:00:00.000,2026-09-16T21:27:18.235405+00:00
17 BROOKLYN,HEAT/HOT WATER,4,2026-09-13T00:00:00.000,2026-09-16T21:27:18.235405+00:00
01 BROOKLYN,Residential Disposal Complaint,4,2026-09-13T00:00:00.000,2026-09-16T21:27:18.235405+00:00
01 BROOKLYN,Street Light Condition,4,2026-09-13T00:00:00.000,2026-09-16T21:27:18.235405+00:00
17 BROOKLYN,Cannabis Retailer,4,2026-09-13T00:00:00.000,2026-09-16T21:27:18.235405+00:00
17 BROOKLYN,Dead Animal,4,2026-09-13T00:00:00.000,2026-09-16T21:27:18.235405+00:00
16 BROOKLYN,Missed Collection,4,2026-09-13T00:00:00.000,2026-09-16T21:27:18.235405+00:00
16 BROOKLYN,Noise,4,2026-09-13T00:00:00.000,2026-09-16T21:27:18.235405+00:00
15 BROOKLYN,PLUMBING,4,2026-09-13T00:00:00.000,2026-09-16T21:27:18.235405+00:00
15 BROOKLYN,Sewer Maintenance,4,2026-09-13T00:00:00.000,2026-09-16T21:27:18.235405+00:00
01 MANHATTAN,Sidewalk Condition,4,2026-09-13T00:00:00.000,2026-09-16T21:27:18.235405+00:00
01 MANHATTAN,UNSANITARY CONDITION,4,2026-09-13T00:00:00.000,2026-09-16T21:27:18.235405+00:00
04 BRONX,Street Condition,4,2026-09-13T00:00:00.000,2026-09-16T21:27:18.235405+00:00
07 QUEENS,Building/Use,4,2026-09-13T00:00:00.000,2026-09-16T21:27:18.235405+00:00
05 BRONX,ELECTRIC,4,2026-09-13T00:00:00.000,2026-09-16T21:27:18.235405+00:00
05 BRONX,ELEVATOR,4,2026-09-13T00:00:00.000,2026-09-16T21:27:18.235405+00:00
05 BRONX,GENERAL,4,2026-09-13T00:00:00.000,2026-09-16T21:27:18.235405+00:00
08 QUEENS,Sidewalk Condition,4,2026-09-13T00:00:00.000,2026-09-16T21:27:18.235405+00:00
08 QUEENS,Air Quality,4,2026-09-13T00:00:00.000,2026-09-16T21:27:18.235405+00:00
08 QUEENS,Dirty Condition,4,2026-09-13T00:00:00.000,2026-09-16T21:27:18.235405+00:00
04 BROOKLYN,Illegal Dumping,4,2026-09-13T00:00:00.000,2026-09-16T21:27:18.235405+00:00
08 MANHATTAN,Obstruction,4,2026-09-13T00:00:00.000,2026-09-16T21:27:18.235405+00:00
08 MANHATTAN,Street Light Condition,4,2026-09-13T00:00:00.000,2026-09-16T21:27:18.235405+00:00
08 MANHATTAN,Taxi Complaint,4,2026-09-13T00:00:00.000,2026-09-16T21:27:18.235405+00:00
04 BROOKLYN,Street Condition,4,2026-09-13T00:00:00.000,2026-09-16T21:27:18.235405+00:00
04 BROOKLYN,Vendor Enforcement,4,2026-09-13T00:00:00.000,2026-09-16T21:27:18.235405+00:00
08 MANHATTAN,Food Poisoning,4,2026-09-13T00:00:00.000,2026-09-16T21:27:18.235405+00:00
08 MANHATTAN,General Construction/Plumbing,4,2026-09-13T00:00:00.000,2026-09-16T21:27:18.235405+00:00
09 BROOKLYN,FLOORING/STAIRS,4,2026-09-13T00:00:00.000,2026-09-16T21:27:18.235405+00:00
03 STATEN ISLAND,Rodent,4,2026-09-13T00:00:00.000,2026-09-16T21:27:18.235405+00:00
09 BROOKLYN,For Hire Vehicle Complaint,4,2026-09-13T00:00:00.000,2026-09-16T21:27:18.235405+00:00
09 BROOKLYN,Indoor Air Quality,4,2026-09-13T00:00:00.000,2026-09-16T21:27:18.235405+00:00
07 MANHATTAN,PLUMBING,4,2026-09-13T00:00:00.000,2026-09-16T21:27:18.235405+00:00
07 MANHATTAN,Rodent,4,2026-09-13T00:00:00.000,2026-09-16T21:27:18.235405+00:00
09 BRONX,Street Condition,4,2026-09-13T00:00:00.000,2026-09-16T21:27:18.235405+00:00
09 BRONX,Violation of Park Rules,4,2026-09-13T00:00:00.000,2026-09-16T21:27:18.235405+00:00
03 STATEN ISLAND,UNSANITARY CONDITION,4,2026-09-13T00:00:00.000,2026-09-16T21:27:18.235405+00:00
04 BRONX,Abandoned Vehicle,4,2026-09-13T00:00:00.000,2026-09-16T21:27:18.235405+00:00
09 BRONX,FLOORING/STAIRS,4,2026-09-13T00:00:00.000,2026-09-16T21:27:18.235405+00:00
04 BRONX,SAFETY,4,2026-09-13T00:00:00.000,2026-09-16T21:27:18.235405+00:00
04 BRONX,Sewer Maintenance,4,2026-09-13T00:00:00.000,2026-09-16T21:27:18.235405+00:00
09 BRONX,Illegal Dumping,4,2026-09-13T00:00:00.000,2026-09-16T21:27:18.235405+00:00
09 BRONX,Noise,4,2026-09-13T00:00:00.000,2026-09-16T21:27:18.235405+00:00
08 QUEENS,Traffic,4,2026-09-13T00:00:00.000,2026-09-16T21:27:18.235405+00:00
09 QUEENS,ELECTRIC,4,2026-09-13T00:00:00.000,2026-09-16T21:27:18.235405+00:00
09 QUEENS,Illegal Dumping,4,2026-09-13T00:00:00.000,2026-09-16T21:27:18.235405+00:00
07 MANHATTAN,Noise - Commercial,4,2026-09-13T00:00:00.000,2026-09-16T21:27:18.235405+00:00
05 BROOKLYN,Building/Use,4,2026-09-13T00:00:00.000,2026-09-16T21:27:18.235405+00:00
03 STATEN ISLAND,Damaged Tree,4,2026-09-13T00:00:00.000,2026-09-16T21:27:18.235405+00:00
03 STATEN ISLAND,Dead Animal,4,2026-09-13T00:00:00.000,2026-09-16T21:27:18.235405+00:00
09 MANHATTAN,Food Establishment,4,2026-09-13T00:00:00.000,2026-09-16T21:27:18.235405+00:00
03 STATEN ISLAND,Dead/Dying Tree,4,2026-09-13T00:00:00.000,2026-09-16T21:27:18.235405+00:00
03 STATEN ISLAND,General Construction/Plumbing,4,2026-09-13T00:00:00.000,2026-09-16T21:27:18.235405+00:00
03 STATEN ISLAND,Illegal Dumping,4,2026-09-13T00:00:00.000,2026-09-16T21:27:18.235405+00:00
09 MANHATTAN,Noise,4,2026-09-13T00:00:00.000,2026-09-16T21:27:18.235405+00:00
09 BROOKLYN,Maintenance or Facility,4,2026-09-13T00:00:00.000,2026-09-16T21:27:18.235405+00:00
09 BROOKLYN,Obstruction,4,2026-09-13T00:00:00.000,2026-09-16T21:27:18.235405+00:00
03 STATEN ISLAND,Noise - Commercial,4,2026-09-13T00:00:00.000,2026-09-16T21:27:18.235405+00:00
09 MANHATTAN,APPLIANCE,4,2026-09-13T00:00:00.000,2026-09-16T21:27:18.235405+00:00
09 BROOKLYN,Elevator,4,2026-09-13T00:00:00.000,2026-09-16T21:27:18.235405+00:00
10 BRONX,Overgrown Tree/Branches,4,2026-09-13T00:00:00.000,2026-09-16T21:27:18.235405+00:00
10 BRONX,UNSANITARY CONDITION,4,2026-09-13T00:00:00.000,2026-09-16T21:27:18.235405+00:00
10 BROOKLYN,Abandoned Vehicle,4,2026-09-13T00:00:00.000,2026-09-16T21:27:18.235405+00:00
07 MANHATTAN,APPLIANCE,4,2026-09-13T00:00:00.000,2026-09-16T21:27:18.235405+00:00
07 MANHATTAN,Air Quality,4,2026-09-13T00:00:00.000,2026-09-16T21:27:18.235405+00:00
05 BROOKLYN,ELECTRIC,4,2026-09-13T00:00:00.000,2026-09-16T21:27:18.235405+00:00
05 BROOKLYN,Encampment,4,2026-09-13T00:00:00.000,2026-09-16T21:27:18.235405+00:00
07 MANHATTAN,General Construction/Plumbing,4,2026-09-13T00:00:00.000,2026-09-16T21:27:18.235405+00:00
09 QUEENS,Water Maintenance,4,2026-09-13T00:00:00.000,2026-09-16T21:27:18.235405+00:00
10 BRONX,Illegal Dumping,4,2026-09-13T00:00:00.000,2026-09-16T21:27:18.235405+00:00
10 BRONX,Missed Collection,4,2026-09-13T00:00:00.000,2026-09-16T21:27:18.235405+00:00
03 QUEENS,Dirty Condition,4,2026-09-13T00:00:00.000,2026-09-16T21:27:18.235405+00:00
10 BRONX,Noise - Commercial,4,2026-09-13T00:00:00.000,2026-09-16T21:27:18.235405+00:00
09 QUEENS,SAFETY,4,2026-09-13T00:00:00.000,2026-09-16T21:27:18.235405+00:00
03 QUEENS,Noise - Commercial,4,2026-09-13T00:00:00.000,2026-09-16T21:27:18.235405+00:00
03 QUEENS,Noise - Park,4,2026-09-13T00:00:00.000,2026-09-16T21:27:18.235405+00:00
10 MANHATTAN,Non-Emergency Police Matter,4,2026-09-13T00:00:00.000,2026-09-16T21:27:18.235405+00:00
07 BROOKLYN,Overgrown Tree/Branches,4,2026-09-13T00:00:00.000,2026-09-16T21:27:18.235405+00:00
05 BROOKLYN,Homeless Person Assistance,4,2026-09-13T00:00:00.000,2026-09-16T21:27:18.235405+00:00
03 MANHATTAN,Consumer Complaint,4,2026-09-13T00:00:00.000,2026-09-16T21:27:18.235405+00:00
03 MANHATTAN,DOOR/WINDOW,4,2026-09-13T00:00:00.000,2026-09-16T21:27:18.235405+00:00
10 MANHATTAN,General Construction/Plumbing,4,2026-09-13T00:00:00.000,2026-09-16T21:27:18.235405+00:00
10 MANHATTAN,Homeless Person Assistance,4,2026-09-13T00:00:00.000,2026-09-16T21:27:18.235405+00:00
10 BROOKLYN,UNSANITARY CONDITION,4,2026-09-13T00:00:00.000,2026-09-16T21:27:18.235405+00:00
03 MANHATTAN,Food Establishment,4,2026-09-13T00:00:00.000,2026-09-16T21:27:18.235405+00:00
10 BROOKLYN,Derelict Vehicles,4,2026-09-13T00:00:00.000,2026-09-16T21:27:18.235405+00:00
10 BROOKLYN,Dirty Condition,4,2026-09-13T00:00:00.000,2026-09-16T21:27:18.235405+00:00
03 MANHATTAN,Non-Emergency Police Matter,4,2026-09-13T00:00:00.000,2026-09-16T21:27:18.235405+00:00
03 MANHATTAN,PLUMBING,4,2026-09-13T00:00:00.000,2026-09-16T21:27:18.235405+00:00
03 MANHATTAN,Rodent,4,2026-09-13T00:00:00.000,2026-09-16T21:27:18.235405+00:00
10 BROOKLYN,Maintenance or Facility,4,2026-09-13T00:00:00.000,2026-09-16T21:27:18.235405+00:00
10 BROOKLYN,Missed Collection,4,2026-09-13T00:00:00.000,2026-09-16T21:27:18.235405+00:00
03 BRONX,Water Maintenance,4,2026-09-13T00:00:00.000,2026-09-16T21:27:18.235405+00:00
11 BRONX,HEAT/HOT WATER,4,2026-09-13T00:00:00.000,2026-09-16T21:27:18.235405+00:00
07 BROOKLYN,Missed Collection,4,2026-09-13T00:00:00.000,2026-09-16T21:27:18.235405+00:00
07 BROOKLYN,Noise - Vehicle,4,2026-09-13T00:00:00.000,2026-09-16T21:27:18.235405+00:00
07 BROOKLYN,Non-Emergency Police Matter,4,2026-09-13T00:00:00.000,2026-09-16T21:27:18.235405+00:00
10 QUEENS,Green Infrastructure,4,2026-09-13T00:00:00.000,2026-09-16T21:27:18.235405+00:00
10 QUEENS,Missed Collection,4,2026-09-13T00:00:00.000,2026-09-16T21:27:18.235405+00:00
03 BROOKLYN,DOOR/WINDOW,4,2026-09-13T00:00:00.000,2026-09-16T21:27:18.235405+00:00
10 QUEENS,Traffic Signal Condition,4,2026-09-13T00:00:00.000,2026-09-16T21:27:18.235405+00:00
03 BROOKLYN,Illegal Tree Damage,4,2026-09-13T00:00:00.000,2026-09-16T21:27:18.235405+00:00
10 QUEENS,Dead/Dying Tree,4,2026-09-13T00:00:00.000,2026-09-16T21:27:18.235405+00:00
10 QUEENS,General Construction/Plumbing,4,2026-09-13T00:00:00.000,2026-09-16T21:27:18.235405+00:00
10 MANHATTAN,Street Light Condition,4,2026-09-13T00:00:00.000,2026-09-16T21:27:18.235405+00:00
03 BROOKLYN,Street Sweeping Complaint,4,2026-09-13T00:00:00.000,2026-09-16T21:27:18.235405+00:00
03 BROOKLYN,Water Maintenance,4,2026-09-13T00:00:00.000,2026-09-16T21:27:18.235405+00:00
03 MANHATTAN,Animal-Abuse,4,2026-09-13T00:00:00.000,2026-09-16T21:27:18.235405+00:00
02 STATEN ISLAND,Root/Sewer/Sidewalk Condition,4,2026-09-13T00:00:00.000,2026-09-16T21:27:18.235405+00:00
07 BRONX,Rodent,4,2026-09-13T00:00:00.000,2026-09-16T21:27:18.235405+00:00
07 BRONX,SAFETY,4,2026-09-13T00:00:00.000,2026-09-16T21:27:18.235405+00:00
07 BROOKLYN,Food Establishment,4,2026-09-13T00:00:00.000,2026-09-16T21:27:18.235405+00:00
07 BROOKLYN,Illegal Animal Kept as Pet,4,2026-09-13T00:00:00.000,2026-09-16T21:27:18.235405+00:00
11 BROOKLYN,Noise,4,2026-09-13T00:00:00.000,2026-09-16T21:27:18.235405+00:00
11 BROOKLYN,Non-Emergency Police Matter,4,2026-09-13T00:00:00.000,2026-09-16T21:27:18.235405+00:00
11 BRONX,Rodent,4,2026-09-13T00:00:00.000,2026-09-16T21:27:18.235405+00:00
11 BRONX,Sidewalk Condition,4,2026-09-13T00:00:00.000,2026-09-16T21:27:18.235405+00:00
11 BROOKLYN,DOOR/WINDOW,4,2026-09-13T00:00:00.000,2026-09-16T21:27:18.235405+00:00
03 BRONX,Drinking,4,2026-09-13T00:00:00.000,2026-09-16T21:27:18.235405+00:00
11 BRONX,Homeless Person Assistance,4,2026-09-13T00:00:00.000,2026-09-16T21:27:18.235405+00:00
03 BRONX,Noise - Commercial,4,2026-09-13T00:00:00.000,2026-09-16T21:27:18.235405+00:00
03 BRONX,SAFETY,4,2026-09-13T00:00:00.000,2026-09-16T21:27:18.235405+00:00
11 BRONX,Abandoned Vehicle,4,2026-09-13T00:00:00.000,2026-09-16T21:27:18.235405+00:00
11 BRONX,Building/Use,4,2026-09-13T00:00:00.000,2026-09-16T21:27:18.235405+00:00
11 QUEENS,Water Maintenance,4,2026-09-13T00:00:00.000,2026-09-16T21:27:18.235405+00:00
02 STATEN ISLAND,Consumer Complaint,4,2026-09-13T00:00:00.000,2026-09-16T21:27:18.235405+00:00
12 BRONX,DOOR/WINDOW,4,2026-09-13T00:00:00.000,2026-09-16T21:27:18.235405+00:00
05 MANHATTAN,General Construction/Plumbing,4,2026-09-13T00:00:00.000,2026-09-16T21:27:18.235405+00:00
05 MANHATTAN,Illegal Dumping,4,2026-09-13T00:00:00.000,2026-09-16T21:27:18.235405+00:00
05 MANHATTAN,Indoor Air Quality,4,2026-09-13T00:00:00.000,2026-09-16T21:27:18.235405+00:00
05 MANHATTAN,Lost Property,4,2026-09-13T00:00:00.000,2026-09-16T21:27:18.235405+00:00
07 BRONX,Obstruction,4,2026-09-13T00:00:00.000,2026-09-16T21:27:18.235405+00:00
11 MANHATTAN,Sewer Maintenance,4,2026-09-13T00:00:00.000,2026-09-16T21:27:18.235405+00:00
11 MANHATTAN,WATER LEAK,4,2026-09-13T00:00:00.000,2026-09-16T21:27:18.235405+00:00
11 QUEENS,Building/Use,4,2026-09-13T00:00:00.000,2026-09-16T21:27:18.235405+00:00
11 QUEENS,Dead/Dying Tree,4,2026-09-13T00:00:00.000,2026-09-16T21:27:18.235405+00:00
02 STATEN ISLAND,Dirty Condition,4,2026-09-13T00:00:00.000,2026-09-16T21:27:18.235405+00:00
11 BROOKLYN,Street Light Condition,4,2026-09-13T00:00:00.000,2026-09-16T21:27:18.235405+00:00
11 BROOKLYN,Water Maintenance,4,2026-09-13T00:00:00.000,2026-09-16T21:27:18.235405+00:00
11 MANHATTAN,GENERAL,4,2026-09-13T00:00:00.000,2026-09-16T21:27:18.235405+00:00
02 MANHATTAN,Water Maintenance,4,2026-09-13T00:00:00.000,2026-09-16T21:27:18.235405+00:00
12 BROOKLYN,Noise - Park,4,2026-09-13T00:00:00.000,2026-09-16T21:27:18.235405+00:00
12 BROOKLYN,Obstruction,4,2026-09-13T00:00:00.000,2026-09-16T21:27:18.235405+00:00
07 BRONX,Noise - Commercial,4,2026-09-13T00:00:00.000,2026-09-16T21:27:18.235405+00:00
05 MANHATTAN,PLUMBING,4,2026-09-13T00:00:00.000,2026-09-16T21:27:18.235405+00:00
05 MANHATTAN,Street Condition,4,2026-09-13T00:00:00.000,2026-09-16T21:27:18.235405+00:00
12 BRONX,WATER LEAK,4,2026-09-13T00:00:00.000,2026-09-16T21:27:18.235405+00:00
12 BROOKLYN,Maintenance or Facility,4,2026-09-13T00:00:00.000,2026-09-16T21:27:18.235405+00:00
02 QUEENS,Dirty Condition,4,2026-09-13T00:00:00.000,2026-09-16T21:27:18.235405+00:00
12 BRONX,Obstruction,4,2026-09-13T00:00:00.000,2026-09-16T21:27:18.235405+00:00
12 BRONX,Overgrown Tree/Branches,4,2026-09-13T00:00:00.000,2026-09-16T21:27:18.235405+00:00
02 QUEENS,General Construction/Plumbing,4,2026-09-13T00:00:00.000,2026-09-16T21:27:18.235405+00:00
12 BRONX,FLOORING/STAIRS,4,2026-09-13T00:00:00.000,2026-09-16T21:27:18.235405+00:00
12 BRONX,Noise - Commercial,4,2026-09-13T00:00:00.000,2026-09-16T21:27:18.235405+00:00
11 QUEENS,Maintenance or Facility,4,2026-09-13T00:00:00.000,2026-09-16T21:27:18.235405+00:00
11 QUEENS,Obstruction,4,2026-09-13T00:00:00.000,2026-09-16T21:27:18.235405+00:00
02 BROOKLYN,PAINT/PLASTER,4,2026-09-13T00:00:00.000,2026-09-16T21:27:18.235405+00:00
06 QUEENS,Missed Collection,4,2026-09-13T00:00:00.000,2026-09-16T21:27:18.235405+00:00
06 QUEENS,Noise,4,2026-09-13T00:00:00.000,2026-09-16T21:27:18.235405+00:00
06 QUEENS,Street Light Condition,4,2026-09-13T00:00:00.000,2026-09-16T21:27:18.235405+00:00
05 MANHATTAN,UNSANITARY CONDITION,4,2026-09-13T00:00:00.000,2026-09-16T21:27:18.235405+00:00
07 BRONX,Air Quality,4,2026-09-13T00:00:00.000,2026-09-16T21:27:18.235405+00:00
12 MANHATTAN,Noise,4,2026-09-13T00:00:00.000,2026-09-16T21:27:18.235405+00:00
12 MANHATTAN,SAFETY,4,2026-09-13T00:00:00.000,2026-09-16T21:27:18.235405+00:00
02 MANHATTAN,Damaged Tree,4,2026-09-13T00:00:00.000,2026-09-16T21:27:18.235405+00:00
02 MANHATTAN,Food Establishment,4,2026-09-13T00:00:00.000,2026-09-16T21:27:18.235405+00:00
02 MANHATTAN,General Construction/Plumbing,4,2026-09-13T00:00:00.000,2026-09-16T21:27:18.235405+00:00
02 MANHATTAN,Homeless Person Assistance,4,2026-09-13T00:00:00.000,2026-09-16T21:27:18.235405+00:00
12 BROOKLYN,PAINT/PLASTER,4,2026-09-13T00:00:00.000,2026-09-16T21:27:18.235405+00:00
02 MANHATTAN,Lost Property,4,2026-09-13T00:00:00.000,2026-09-16T21:27:18.235405+00:00
02 MANHATTAN,Non-Emergency Police Matter,4,2026-09-13T00:00:00.000,2026-09-16T21:27:18.235405+00:00
02 MANHATTAN,Vendor Enforcement,4,2026-09-13T00:00:00.000,2026-09-16T21:27:18.235405+00:00
13 BROOKLYN,Noise - Street/Sidewalk,4,2026-09-13T00:00:00.000,2026-09-16T21:27:18.235405+00:00
13 BROOKLYN,Rodent,4,2026-09-13T00:00:00.000,2026-09-16T21:27:18.235405+00:00
02 BRONX,Noise - Commercial,4,2026-09-13T00:00:00.000,2026-09-16T21:27:18.235405+00:00
06 QUEENS,Dead/Dying Tree,4,2026-09-13T00:00:00.000,2026-09-16T21:27:18.235405+00:00
06 QUEENS,Maintenance or Facility,4,2026-09-13T00:00:00.000,2026-09-16T21:27:18.235405+00:00
12 QUEENS,SAFETY,4,2026-09-13T00:00:00.000,2026-09-16T21:27:18.235405+00:00
12 QUEENS,Traffic,4,2026-09-13T00:00:00.000,2026-09-16T21:27:18.235405+00:00
12 QUEENS,Wood Pile Remaining,4,2026-09-13T00:00:00.000,2026-09-16T21:27:18.235405+00:00
12 QUEENS,Lead,4,2026-09-13T00:00:00.000,2026-09-16T21:27:18.235405+00:00
12 QUEENS,Noise - Commercial,4,2026-09-13T00:00:00.000,2026-09-16T21:27:18.235405+00:00
12 QUEENS,Non-Emergency Police Matter,4,2026-09-13T00:00:00.000,2026-09-16T21:27:18.235405+00:00
02 BROOKLYN,Missed Collection,4,2026-09-13T00:00:00.000,2026-09-16T21:27:18.235405+00:00
02 BROOKLYN,Noise - Vehicle,4,2026-09-13T00:00:00.000,2026-09-16T21:27:18.235405+00:00
02 BROOKLYN,Elevator,4,2026-09-13T00:00:00.000,2026-09-16T21:27:18.235405+00:00
12 QUEENS,Building/Use,4,2026-09-13T00:00:00.000,2026-09-16T21:27:18.235405+00:00
12 QUEENS,Consumer Complaint,4,2026-09-13T00:00:00.000,2026-09-16T21:27:18.235405+00:00
01 QUEENS,Unleashed Dog,4,2026-09-13T00:00:00.000,2026-09-16T21:27:18.235405+00:00
14 BROOKLYN,Missed Collection,4,2026-09-13T00:00:00.000,2026-09-16T21:27:18.235405+00:00
06 MANHATTAN,Consumer Complaint,4,2026-09-13T00:00:00.000,2026-09-16T21:27:18.235405+00:00
06 MANHATTAN,Elevator,4,2026-09-13T00:00:00.000,2026-09-16T21:27:18.235405+00:00
14 BROOKLYN,Consumer Complaint,4,2026-09-13T00:00:00.000,2026-09-16T21:27:18.235405+00:00
01 QUEENS,Street Light Condition,4,2026-09-13T00:00:00.000,2026-09-16T21:27:18.235405+00:00
13 QUEENS,Root/Sewer/Sidewalk Condition,4,2026-09-13T00:00:00.000,2026-09-16T21:27:18.235405+00:00
01 STATEN ISLAND,Sidewalk Condition,4,2026-09-13T00:00:00.000,2026-09-16T21:27:18.235405+00:00
01 STATEN ISLAND,Water Maintenance,4,2026-09-13T00:00:00.000,2026-09-16T21:27:18.235405+00:00
02 BRONX,APPLIANCE,4,2026-09-13T00:00:00.000,2026-09-16T21:27:18.235405+00:00
13 QUEENS,Non-Emergency Police Matter,4,2026-09-13T00:00:00.000,2026-09-16T21:27:18.235405+00:00
13 BROOKLYN,WATER LEAK,4,2026-09-13T00:00:00.000,2026-09-16T21:27:18.235405+00:00
13 QUEENS,Building/Use,4,2026-09-13T00:00:00.000,2026-09-16T21:27:18.235405+00:00
02 BRONX,Dirty Condition,4,2026-09-13T00:00:00.000,2026-09-16T21:27:18.235405+00:00
13 BROOKLYN,Consumer Complaint,4,2026-09-13T00:00:00.000,2026-09-16T21:27:18.235405+00:00
13 BROOKLYN,Dirty Condition,4,2026-09-13T00:00:00.000,2026-09-16T21:27:18.235405+00:00
01 QUEENS,Building/Use,4,2026-09-13T00:00:00.000,2026-09-16T21:27:18.235405+00:00
01 QUEENS,Bus Stop Shelter Complaint,4,2026-09-13T00:00:00.000,2026-09-16T21:27:18.235405+00:00
05 QUEENS,PAINT/PLASTER,4,2026-09-13T00:00:00.000,2026-09-16T21:27:18.235405+00:00
05 QUEENS,PLUMBING,4,2026-09-13T00:00:00.000,2026-09-16T21:27:18.235405+00:00
05 QUEENS,Residential Disposal Complaint,4,2026-09-13T00:00:00.000,2026-09-16T21:27:18.235405+00:00
05 QUEENS,Sidewalk Condition,4,2026-09-13T00:00:00.000,2026-09-16T21:27:18.235405+00:00
14 QUEENS,Sewer Maintenance,4,2026-09-13T00:00:00.000,2026-09-16T21:27:18.235405+00:00
15 BROOKLYN,General Construction/Plumbing,4,2026-09-13T00:00:00.000,2026-09-16T21:27:18.235405+00:00
14 QUEENS,Maintenance or Facility,4,2026-09-13T00:00:00.000,2026-09-16T21:27:18.235405+00:00
14 QUEENS,PLUMBING,4,2026-09-13T00:00:00.000,2026-09-16T21:27:18.235405+00:00
01 QUEENS,HEAT/HOT WATER,4,2026-09-13T00:00:00.000,2026-09-16T21:27:18.235405+00:00
01 QUEENS,Lead,4,2026-09-13T00:00:00.000,2026-09-16T21:27:18.235405+00:00
01 QUEENS,Maintenance or Facility,4,2026-09-13T00:00:00.000,2026-09-16T21:27:18.235405+00:00
14 BROOKLYN,Special Projects Inspection Team (SPIT),4,2026-09-13T00:00:00.000,2026-09-16T21:27:18.235405+00:00
01 QUEENS,PAINT/PLASTER,4,2026-09-13T00:00:00.000,2026-09-16T21:27:18.235405+00:00
01 QUEENS,Sidewalk Condition,4,2026-09-13T00:00:00.000,2026-09-16T21:27:18.235405+00:00
Unspecified QUEENS,Broken Parking Meter,4,2026-09-13T00:00:00.000,2026-09-16T21:27:18.235405+00:00
06 BROOKLYN,DOOR/WINDOW,4,2026-09-13T00:00:00.000,2026-09-16T21:27:18.235405+00:00
06 BRONX,GENERAL,4,2026-09-13T00:00:00.000,2026-09-16T21:27:18.235405+00:00
06 BRONX,Noise,4,2026-09-13T00:00:00.000,2026-09-16T21:27:18.235405+00:00
80 QUEENS,Taxi Complaint,4,2026-09-13T00:00:00.000,2026-09-16T21:27:18.235405+00:00
83 QUEENS,For Hire Vehicle Complaint,4,2026-09-13T00:00:00.000,2026-09-16T21:27:18.235405+00:00
83 QUEENS,Lost Property,4,2026-09-13T00:00:00.000,2026-09-16T21:27:18.235405+00:00
18 BROOKLYN,Illegal Dumping,4,2026-09-13T00:00:00.000,2026-09-16T21:27:18.235405+00:00
18 BROOKLYN,Noise - Vehicle,4,2026-09-13T00:00:00.000,2026-09-16T21:27:18.235405+00:00
18 BROOKLYN,Obstruction,4,2026-09-13T00:00:00.000,2026-09-16T21:27:18.235405+00:00
18 BROOKLYN,PAINT/PLASTER,4,2026-09-13T00:00:00.000,2026-09-16T21:27:18.235405+00:00
18 BROOKLYN,PLUMBING,4,2026-09-13T00:00:00.000,2026-09-16T21:27:18.235405+00:00
18 BROOKLYN,Street Condition,4,2026-09-13T00:00:00.000,2026-09-16T21:27:18.235405+00:00
18 BROOKLYN,APPLIANCE,4,2026-09-13T00:00:00.000,2026-09-16T21:27:18.235405+00:00
18 BROOKLYN,HEAT/HOT WATER,4,2026-09-13T00:00:00.000,2026-09-16T21:27:18.235405+00:00
01 BROOKLYN,For Hire Vehicle Complaint,4,2026-09-13T00:00:00.000,2026-09-16T21:27:18.235405+00:00
08 MANHATTAN,Homeless Person Assistance,4,2026-09-13T00:00:00.000,2026-09-16T21:27:18.235405+00:00
04 MANHATTAN,Food Establishment,4,2026-09-13T00:00:00.000,2026-09-16T21:27:18.235405+00:00
04 MANHATTAN,GENERAL,4,2026-09-13T00:00:00.000,2026-09-16T21:27:18.235405+00:00
04 MANHATTAN,Illegal Dumping,4,2026-09-13T00:00:00.000,2026-09-16T21:27:18.235405+00:00
04 MANHATTAN,Lead,4,2026-09-13T00:00:00.000,2026-09-16T21:27:18.235405+00:00
08 BROOKLYN,Litter Basket Request,4,2026-09-13T00:00:00.000,2026-09-16T21:27:18.235405+00:00
08 BRONX,Noise,4,2026-09-13T00:00:00.000,2026-09-16T21:27:18.235405+00:00
08 BROOKLYN,Blocked Driveway,4,2026-09-13T00:00:00.000,2026-09-16T21:27:18.235405+00:00
07 QUEENS,WATER LEAK,4,2026-09-13T00:00:00.000,2026-09-16T21:27:18.235405+00:00
08 BRONX,Abandoned Vehicle,4,2026-09-13T00:00:00.000,2026-09-16T21:27:18.235405+00:00
08 BRONX,Animal-Abuse,4,2026-09-13T00:00:00.000,2026-09-16T21:27:18.235405+00:00
04 QUEENS,Abandoned Vehicle,4,2026-09-13T00:00:00.000,2026-09-16T21:27:18.235405+00:00
07 QUEENS,Rodent,4,2026-09-13T00:00:00.000,2026-09-16T21:27:18.235405+00:00
07 QUEENS,Root/Sewer/Sidewalk Condition,4,2026-09-13T00:00:00.000,2026-09-16T21:27:18.235405+00:00
04 QUEENS,Noise - Vehicle,4,2026-09-13T00:00:00.000,2026-09-16T21:27:18.235405+00:00
Unspecified QUEENS,Abandoned Vehicle,4,2026-09-13T00:00:00.000,2026-09-16T21:27:18.235405+00:00
0 Unspecified,Ferry Complaint,3,2026-09-13T00:00:00.000,2026-09-16T21:27:18.235405+00:00
0 Unspecified,Ferry Inquiry,3,2026-09-13T00:00:00.000,2026-09-16T21:27:18.235405+00:00
0 Unspecified,Street Light Condition,3,2026-09-13T00:00:00.000,2026-09-16T21:27:18.235405+00:00
Unspecified QUEENS,Noise - Residential,3,2026-09-13T00:00:00.000,2026-09-16T21:27:18.235405+00:00
Unspecified MANHATTAN,Noise,3,2026-09-13T00:00:00.000,2026-09-16T21:27:18.235405+00:00
01 BRONX,Curb Condition,3,2026-09-13T00:00:00.000,2026-09-16T21:27:18.235405+00:00
03 MANHATTAN,Traffic Signal Condition,3,2026-09-13T00:00:00.000,2026-09-16T21:27:18.235405+00:00
03 MANHATTAN,Water Maintenance,3,2026-09-13T00:00:00.000,2026-09-16T21:27:18.235405+00:00
03 QUEENS,Abandoned Vehicle,3,2026-09-13T00:00:00.000,2026-09-16T21:27:18.235405+00:00
10 BRONX,PAINT/PLASTER,3,2026-09-13T00:00:00.000,2026-09-16T21:27:18.235405+00:00
10 BRONX,PLUMBING,3,2026-09-13T00:00:00.000,2026-09-16T21:27:18.235405+00:00
10 BRONX,Root/Sewer/Sidewalk Condition,3,2026-09-13T00:00:00.000,2026-09-16T21:27:18.235405+00:00
10 BROOKLYN,Building/Use,3,2026-09-13T00:00:00.000,2026-09-16T21:27:18.235405+00:00
06 BROOKLYN,PAINT/PLASTER,3,2026-09-13T00:00:00.000,2026-09-16T21:27:18.235405+00:00
06 BROOKLYN,Damaged Tree,3,2026-09-13T00:00:00.000,2026-09-16T21:27:18.235405+00:00
06 BRONX,Illegal Dumping,3,2026-09-13T00:00:00.000,2026-09-16T21:27:18.235405+00:00
06 BRONX,Indoor Air Quality,3,2026-09-13T00:00:00.000,2026-09-16T21:27:18.235405+00:00
Unspecified BROOKLYN,Broken Parking Meter,3,2026-09-13T00:00:00.000,2026-09-16T21:27:18.235405+00:00
10 BROOKLYN,Root/Sewer/Sidewalk Condition,3,2026-09-13T00:00:00.000,2026-09-16T21:27:18.235405+00:00
10 BROOKLYN,Sewer Maintenance,3,2026-09-13T00:00:00.000,2026-09-16T21:27:18.235405+00:00
10 BROOKLYN,Traffic Signal Condition,3,2026-09-13T00:00:00.000,2026-09-16T21:27:18.235405+00:00
03 MANHATTAN,Homeless Person Assistance,3,2026-09-13T00:00:00.000,2026-09-16T21:27:18.235405+00:00
03 MANHATTAN,Lead,3,2026-09-13T00:00:00.000,2026-09-16T21:27:18.235405+00:00
10 BROOKLYN,Water Maintenance,3,2026-09-13T00:00:00.000,2026-09-16T21:27:18.235405+00:00
10 MANHATTAN,Abandoned Vehicle,3,2026-09-13T00:00:00.000,2026-09-16T21:27:18.235405+00:00
10 MANHATTAN,Animal-Abuse,3,2026-09-13T00:00:00.000,2026-09-16T21:27:18.235405+00:00
10 MANHATTAN,ELECTRIC,3,2026-09-13T00:00:00.000,2026-09-16T21:27:18.235405+00:00
03 MANHATTAN,Blocked Driveway,3,2026-09-13T00:00:00.000,2026-09-16T21:27:18.235405+00:00
03 MANHATTAN,Building/Use,3,2026-09-13T00:00:00.000,2026-09-16T21:27:18.235405+00:00
03 MANHATTAN,Cannabis Retailer,3,2026-09-13T00:00:00.000,2026-09-16T21:27:18.235405+00:00
Unspecified BRONX,Highway Condition,3,2026-09-13T00:00:00.000,2026-09-16T21:27:18.235405+00:00
Unspecified BRONX,Street Light Condition,3,2026-09-13T00:00:00.000,2026-09-16T21:27:18.235405+00:00
01 BRONX,Noise,3,2026-09-13T00:00:00.000,2026-09-16T21:27:18.235405+00:00
05 QUEENS,Water Maintenance,3,2026-09-13T00:00:00.000,2026-09-16T21:27:18.235405+00:00
06 BRONX,Abandoned Vehicle,3,2026-09-13T00:00:00.000,2026-09-16T21:27:18.235405+00:00
03 MANHATTAN,Emergency Response Team (ERT),3,2026-09-13T00:00:00.000,2026-09-16T21:27:18.235405+00:00
10 MANHATTAN,Maintenance or Facility,3,2026-09-13T00:00:00.000,2026-09-16T21:27:18.235405+00:00
03 BROOKLYN,Sidewalk Condition,3,2026-09-13T00:00:00.000,2026-09-16T21:27:18.235405+00:00
03 BROOKLYN,Street Light Condition,3,2026-09-13T00:00:00.000,2026-09-16T21:27:18.235405+00:00
03 MANHATTAN,Abandoned Bike,3,2026-09-13T00:00:00.000,2026-09-16T21:27:18.235405+00:00
10 BRONX,Curb Condition,3,2026-09-13T00:00:00.000,2026-09-16T21:27:18.235405+00:00
10 BRONX,Damaged Tree,3,2026-09-13T00:00:00.000,2026-09-16T21:27:18.235405+00:00
10 BRONX,Dead/Dying Tree,3,2026-09-13T00:00:00.000,2026-09-16T21:27:18.235405+00:00
06 MANHATTAN,ELECTRIC,3,2026-09-13T00:00:00.000,2026-09-16T21:27:18.235405+00:00
06 BROOKLYN,Rodent,3,2026-09-13T00:00:00.000,2026-09-16T21:27:18.235405+00:00
06 BROOKLYN,Root/Sewer/Sidewalk Condition,3,2026-09-13T00:00:00.000,2026-09-16T21:27:18.235405+00:00
06 BROOKLYN,Street Light Condition,3,2026-09-13T00:00:00.000,2026-09-16T21:27:18.235405+00:00
05 QUEENS,SAFETY,3,2026-09-13T00:00:00.000,2026-09-16T21:27:18.235405+00:00
05 QUEENS,Sewer Maintenance,3,2026-09-13T00:00:00.000,2026-09-16T21:27:18.235405+00:00
Unspecified BRONX,Encampment,3,2026-09-13T00:00:00.000,2026-09-16T21:27:18.235405+00:00
03 BROOKLYN,OUTSIDE BUILDING,3,2026-09-13T00:00:00.000,2026-09-16T21:27:18.235405+00:00
03 BROOKLYN,SAFETY,3,2026-09-13T00:00:00.000,2026-09-16T21:27:18.235405+00:00
03 BROOKLYN,Graffiti,3,2026-09-13T00:00:00.000,2026-09-16T21:27:18.235405+00:00
03 BROOKLYN,Hazardous Material,3,2026-09-13T00:00:00.000,2026-09-16T21:27:18.235405+00:00
03 BROOKLYN,Lead,3,2026-09-13T00:00:00.000,2026-09-16T21:27:18.235405+00:00
06 MANHATTAN,Obstruction,3,2026-09-13T00:00:00.000,2026-09-16T21:27:18.235405+00:00
06 MANHATTAN,Outdoor Dining,3,2026-09-13T00:00:00.000,2026-09-16T21:27:18.235405+00:00
18 BROOKLYN,Traffic,3,2026-09-13T00:00:00.000,2026-09-16T21:27:18.235405+00:00
18 BROOKLYN,Water Maintenance,3,2026-09-13T00:00:00.000,2026-09-16T21:27:18.235405+00:00
64 MANHATTAN,Violation of Park Rules,3,2026-09-13T00:00:00.000,2026-09-16T21:27:18.235405+00:00
03 QUEENS,GENERAL,3,2026-09-13T00:00:00.000,2026-09-16T21:27:18.235405+00:00
09 QUEENS,Noise - Vehicle,3,2026-09-13T00:00:00.000,2026-09-16T21:27:18.235405+00:00
03 QUEENS,PAINT/PLASTER,3,2026-09-13T00:00:00.000,2026-09-16T21:27:18.235405+00:00
03 QUEENS,SAFETY,3,2026-09-13T00:00:00.000,2026-09-16T21:27:18.235405+00:00
09 QUEENS,Overgrown Tree/Branches,3,2026-09-13T00:00:00.000,2026-09-16T21:27:18.235405+00:00
03 BROOKLYN,Lot Condition,3,2026-09-13T00:00:00.000,2026-09-16T21:27:18.235405+00:00
10 QUEENS,Derelict Vehicles,3,2026-09-13T00:00:00.000,2026-09-16T21:27:18.235405+00:00
10 QUEENS,ELECTRIC,3,2026-09-13T00:00:00.000,2026-09-16T21:27:18.235405+00:00
10 QUEENS,Illegal Dumping,3,2026-09-13T00:00:00.000,2026-09-16T21:27:18.235405+00:00
10 QUEENS,Illegal Tree Damage,3,2026-09-13T00:00:00.000,2026-09-16T21:27:18.235405+00:00
09 QUEENS,GENERAL,3,2026-09-13T00:00:00.000,2026-09-16T21:27:18.235405+00:00
09 QUEENS,HEAT/HOT WATER,3,2026-09-13T00:00:00.000,2026-09-16T21:27:18.235405+00:00
01 BRONX,Street Condition,3,2026-09-13T00:00:00.000,2026-09-16T21:27:18.235405+00:00
01 BRONX,Water Maintenance,3,2026-09-13T00:00:00.000,2026-09-16T21:27:18.235405+00:00
01 BROOKLYN,Abandoned Vehicle,3,2026-09-13T00:00:00.000,2026-09-16T21:27:18.235405+00:00
01 BROOKLYN,Animal-Abuse,3,2026-09-13T00:00:00.000,2026-09-16T21:27:18.235405+00:00
06 MANHATTAN,Food Establishment,3,2026-09-13T00:00:00.000,2026-09-16T21:27:18.235405+00:00
06 MANHATTAN,GENERAL,3,2026-09-13T00:00:00.000,2026-09-16T21:27:18.235405+00:00
06 MANHATTAN,Illegal Dumping,3,2026-09-13T00:00:00.000,2026-09-16T21:27:18.235405+00:00
06 MANHATTAN,Lost Property,3,2026-09-13T00:00:00.000,2026-09-16T21:27:18.235405+00:00
06 MANHATTAN,Noise - Commercial,3,2026-09-13T00:00:00.000,2026-09-16T21:27:18.235405+00:00
06 MANHATTAN,Noise - Street/Sidewalk,3,2026-09-13T00:00:00.000,2026-09-16T21:27:18.235405+00:00
10 QUEENS,Noise,3,2026-09-13T00:00:00.000,2026-09-16T21:27:18.235405+00:00
10 QUEENS,Overgrown Tree/Branches,3,2026-09-13T00:00:00.000,2026-09-16T21:27:18.235405+00:00
03 BROOKLYN,ELECTRIC,3,2026-09-13T00:00:00.000,2026-09-16T21:27:18.235405+00:00
09 MANHATTAN,SAFETY,3,2026-09-13T00:00:00.000,2026-09-16T21:27:18.235405+00:00
09 MANHATTAN,Vendor Enforcement,3,2026-09-13T00:00:00.000,2026-09-16T21:27:18.235405+00:00
18 BROOKLYN,Dirty Condition,3,2026-09-13T00:00:00.000,2026-09-16T21:27:18.235405+00:00
18 BROOKLYN,Elevator,3,2026-09-13T00:00:00.000,2026-09-16T21:27:18.235405+00:00
05 QUEENS,Missed Collection,3,2026-09-13T00:00:00.000,2026-09-16T21:27:18.235405+00:00
05 QUEENS,Noise,3,2026-09-13T00:00:00.000,2026-09-16T21:27:18.235405+00:00
18 BROOKLYN,Rodent,3,2026-09-13T00:00:00.000,2026-09-16T21:27:18.235405+00:00
09 QUEENS,Animal-Abuse,3,2026-09-13T00:00:00.000,2026-09-16T21:27:18.235405+00:00
09 QUEENS,Dead/Dying Tree,3,2026-09-13T00:00:00.000,2026-09-16T21:27:18.235405+00:00
03 BROOKLYN,For Hire Vehicle Complaint,3,2026-09-13T00:00:00.000,2026-09-16T21:27:18.235405+00:00
10 QUEENS,Residential Disposal Complaint,3,2026-09-13T00:00:00.000,2026-09-16T21:27:18.235405+00:00
10 QUEENS,Sidewalk Condition,3,2026-09-13T00:00:00.000,2026-09-16T21:27:18.235405+00:00
10 QUEENS,Street Light Condition,3,2026-09-13T00:00:00.000,2026-09-16T21:27:18.235405+00:00
03 STATEN ISLAND,Homeless Person Assistance,3,2026-09-13T00:00:00.000,2026-09-16T21:27:18.235405+00:00
09 MANHATTAN,Homeless Person Assistance,3,2026-09-13T00:00:00.000,2026-09-16T21:27:18.235405+00:00
09 MANHATTAN,Lead,3,2026-09-13T00:00:00.000,2026-09-16T21:27:18.235405+00:00
03 QUEENS,Street Sweeping Complaint,3,2026-09-13T00:00:00.000,2026-09-16T21:27:18.235405+00:00
11 BRONX,APPLIANCE,3,2026-09-13T00:00:00.000,2026-09-16T21:27:18.235405+00:00
11 BRONX,Damaged Tree,3,2026-09-13T00:00:00.000,2026-09-16T21:27:18.235405+00:00
03 BROOKLYN,Animal-Abuse,3,2026-09-13T00:00:00.000,2026-09-16T21:27:18.235405+00:00
18 BROOKLYN,Consumer Complaint,3,2026-09-13T00:00:00.000,2026-09-16T21:27:18.235405+00:00
01 BROOKLYN,DOOR/WINDOW,3,2026-09-13T00:00:00.000,2026-09-16T21:27:18.235405+00:00
06 MANHATTAN,Sidewalk Condition,3,2026-09-13T00:00:00.000,2026-09-16T21:27:18.235405+00:00
06 QUEENS,DOOR/WINDOW,3,2026-09-13T00:00:00.000,2026-09-16T21:27:18.235405+00:00
09 MANHATTAN,Dirty Condition,3,2026-09-13T00:00:00.000,2026-09-16T21:27:18.235405+00:00
03 BRONX,Noise - Vehicle,3,2026-09-13T00:00:00.000,2026-09-16T21:27:18.235405+00:00
09 BROOKLYN,Street Condition,3,2026-09-13T00:00:00.000,2026-09-16T21:27:18.235405+00:00
09 BROOKLYN,Traffic Signal Condition,3,2026-09-13T00:00:00.000,2026-09-16T21:27:18.235405+00:00
11 BRONX,Root/Sewer/Sidewalk Condition,3,2026-09-13T00:00:00.000,2026-09-16T21:27:18.235405+00:00
11 BRONX,Street Light Condition,3,2026-09-13T00:00:00.000,2026-09-16T21:27:18.235405+00:00
11 BROOKLYN,General Construction/Plumbing,3,2026-09-13T00:00:00.000,2026-09-16T21:27:18.235405+00:00
09 BROOKLYN,General Construction/Plumbing,3,2026-09-13T00:00:00.000,2026-09-16T21:27:18.235405+00:00
09 BROOKLYN,Lead,3,2026-09-13T00:00:00.000,2026-09-16T21:27:18.235405+00:00
09 BROOKLYN,Non-Emergency Police Matter,3,2026-09-13T00:00:00.000,2026-09-16T21:27:18.235405+00:00
03 BRONX,FLOORING/STAIRS,3,2026-09-13T00:00:00.000,2026-09-16T21:27:18.235405+00:00
09 BROOKLYN,Derelict Vehicles,3,2026-09-13T00:00:00.000,2026-09-16T21:27:18.235405+00:00
03 STATEN ISLAND,PAINT/PLASTER,3,2026-09-13T00:00:00.000,2026-09-16T21:27:18.235405+00:00
03 STATEN ISLAND,Sidewalk Condition,3,2026-09-13T00:00:00.000,2026-09-16T21:27:18.235405+00:00
17 BROOKLYN,Obstruction,3,2026-09-13T00:00:00.000,2026-09-16T21:27:18.235405+00:00
17 BROOKLYN,SAFETY,3,2026-09-13T00:00:00.000,2026-09-16T21:27:18.235405+00:00
05 QUEENS,Homeless Person Assistance,3,2026-09-13T00:00:00.000,2026-09-16T21:27:18.235405+00:00
02 STATEN ISLAND,UNSANITARY CONDITION,3,2026-09-13T00:00:00.000,2026-09-16T21:27:18.235405+00:00
09 BRONX,Water Conservation,3,2026-09-13T00:00:00.000,2026-09-16T21:27:18.235405+00:00
11 BROOKLYN,Street Sweeping Complaint,3,2026-09-13T00:00:00.000,2026-09-16T21:27:18.235405+00:00
09 BRONX,Indoor Air Quality,3,2026-09-13T00:00:00.000,2026-09-16T21:27:18.235405+00:00
04 BRONX,Damaged Tree,3,2026-09-13T00:00:00.000,2026-09-16T21:27:18.235405+00:00
04 BRONX,Dirty Condition,3,2026-09-13T00:00:00.000,2026-09-16T21:27:18.235405+00:00
11 MANHATTAN,Dirty Condition,3,2026-09-13T00:00:00.000,2026-09-16T21:27:18.235405+00:00
11 MANHATTAN,ELEVATOR,3,2026-09-13T00:00:00.000,2026-09-16T21:27:18.235405+00:00
11 MANHATTAN,Illegal Fireworks,3,2026-09-13T00:00:00.000,2026-09-16T21:27:18.235405+00:00
09 BRONX,Derelict Vehicles,3,2026-09-13T00:00:00.000,2026-09-16T21:27:18.235405+00:00
09 BRONX,ELECTRIC,3,2026-09-13T00:00:00.000,2026-09-16T21:27:18.235405+00:00
11 MANHATTAN,Maintenance or Facility,3,2026-09-13T00:00:00.000,2026-09-16T21:27:18.235405+00:00
11 MANHATTAN,Noise - Commercial,3,2026-09-13T00:00:00.000,2026-09-16T21:27:18.235405+00:00
01 BROOKLYN,Sewer Maintenance,3,2026-09-13T00:00:00.000,2026-09-16T21:27:18.235405+00:00
01 BROOKLYN,Traffic,3,2026-09-13T00:00:00.000,2026-09-16T21:27:18.235405+00:00
17 BROOKLYN,Elevator,3,2026-09-13T00:00:00.000,2026-09-16T21:27:18.235405+00:00
01 BROOKLYN,Illegal Tree Damage,3,2026-09-13T00:00:00.000,2026-09-16T21:27:18.235405+00:00
06 QUEENS,Obstruction,3,2026-09-13T00:00:00.000,2026-09-16T21:27:18.235405+00:00
06 QUEENS,PLUMBING,3,2026-09-13T00:00:00.000,2026-09-16T21:27:18.235405+00:00
06 QUEENS,Panhandling,3,2026-09-13T00:00:00.000,2026-09-16T21:27:18.235405+00:00
06 QUEENS,Rodent,3,2026-09-13T00:00:00.000,2026-09-16T21:27:18.235405+00:00
02 STATEN ISLAND,Obstruction,3,2026-09-13T00:00:00.000,2026-09-16T21:27:18.235405+00:00
02 STATEN ISLAND,Overgrown Tree/Branches,3,2026-09-13T00:00:00.000,2026-09-16T21:27:18.235405+00:00
11 MANHATTAN,Noise - Vehicle,3,2026-09-13T00:00:00.000,2026-09-16T21:27:18.235405+00:00
08 QUEENS,WATER LEAK,3,2026-09-13T00:00:00.000,2026-09-16T21:27:18.235405+00:00
09 BRONX,Curb Condition,3,2026-09-13T00:00:00.000,2026-09-16T21:27:18.235405+00:00
04 BRONX,Street Sweeping Complaint,3,2026-09-13T00:00:00.000,2026-09-16T21:27:18.235405+00:00
11 MANHATTAN,Rodent,3,2026-09-13T00:00:00.000,2026-09-16T21:27:18.235405+00:00
16 BROOKLYN,PAINT/PLASTER,3,2026-09-13T00:00:00.000,2026-09-16T21:27:18.235405+00:00
16 BROOKLYN,Sewer Maintenance,3,2026-09-13T00:00:00.000,2026-09-16T21:27:18.235405+00:00
01 BROOKLYN,Panhandling,3,2026-09-13T00:00:00.000,2026-09-16T21:27:18.235405+00:00
06 QUEENS,Traffic,3,2026-09-13T00:00:00.000,2026-09-16T21:27:18.235405+00:00
05 MANHATTAN,Traffic Signal Condition,3,2026-09-13T00:00:00.000,2026-09-16T21:27:18.235405+00:00
05 MANHATTAN,Water Maintenance,3,2026-09-13T00:00:00.000,2026-09-16T21:27:18.235405+00:00
05 QUEENS,Building/Use,3,2026-09-13T00:00:00.000,2026-09-16T21:27:18.235405+00:00
05 QUEENS,Consumer Complaint,3,2026-09-13T00:00:00.000,2026-09-16T21:27:18.235405+00:00
11 MANHATTAN,Street Light Condition,3,2026-09-13T00:00:00.000,2026-09-16T21:27:18.235405+00:00
11 QUEENS,Dirty Condition,3,2026-09-13T00:00:00.000,2026-09-16T21:27:18.235405+00:00
02 STATEN ISLAND,ELECTRIC,3,2026-09-13T00:00:00.000,2026-09-16T21:27:18.235405+00:00
02 STATEN ISLAND,Industrial Waste,3,2026-09-13T00:00:00.000,2026-09-16T21:27:18.235405+00:00
08 QUEENS,Obstruction,3,2026-09-13T00:00:00.000,2026-09-16T21:27:18.235405+00:00
05 QUEENS,DOOR/WINDOW,3,2026-09-13T00:00:00.000,2026-09-16T21:27:18.235405+00:00
16 BROOKLYN,Overgrown Tree/Branches,3,2026-09-13T00:00:00.000,2026-09-16T21:27:18.235405+00:00
11 QUEENS,Noise - Park,3,2026-09-13T00:00:00.000,2026-09-16T21:27:18.235405+00:00
11 QUEENS,Plumbing,3,2026-09-13T00:00:00.000,2026-09-16T21:27:18.235405+00:00
11 QUEENS,Sewer Maintenance,3,2026-09-13T00:00:00.000,2026-09-16T21:27:18.235405+00:00
11 QUEENS,Sidewalk Condition,3,2026-09-13T00:00:00.000,2026-09-16T21:27:18.235405+00:00
08 QUEENS,Missed Collection,3,2026-09-13T00:00:00.000,2026-09-16T21:27:18.235405+00:00
04 BROOKLYN,Dead/Dying Tree,3,2026-09-13T00:00:00.000,2026-09-16T21:27:18.235405+00:00
04 BROOKLYN,Drug Activity,3,2026-09-13T00:00:00.000,2026-09-16T21:27:18.235405+00:00
11 QUEENS,UNSANITARY CONDITION,3,2026-09-13T00:00:00.000,2026-09-16T21:27:18.235405+00:00
04 BROOKLYN,Homeless Person Assistance,3,2026-09-13T00:00:00.000,2026-09-16T21:27:18.235405+00:00
02 STATEN ISLAND,Dead/Dying Tree,3,2026-09-13T00:00:00.000,2026-09-16T21:27:18.235405+00:00
12 BRONX,Animal-Abuse,3,2026-09-13T00:00:00.000,2026-09-16T21:27:18.235405+00:00
12 BRONX,Consumer Complaint,3,2026-09-13T00:00:00.000,2026-09-16T21:27:18.235405+00:00
12 BRONX,Dead Animal,3,2026-09-13T00:00:00.000,2026-09-16T21:27:18.235405+00:00
12 BRONX,Dead/Dying Tree,3,2026-09-13T00:00:00.000,2026-09-16T21:27:18.235405+00:00
02 QUEENS,SAFETY,3,2026-09-13T00:00:00.000,2026-09-16T21:27:18.235405+00:00
12 BRONX,Missed Collection,3,2026-09-13T00:00:00.000,2026-09-16T21:27:18.235405+00:00
12 BRONX,Non-Emergency Police Matter,3,2026-09-13T00:00:00.000,2026-09-16T21:27:18.235405+00:00
12 BRONX,Sidewalk Condition,3,2026-09-13T00:00:00.000,2026-09-16T21:27:18.235405+00:00
04 BROOKLYN,Noise - Vehicle,3,2026-09-13T00:00:00.000,2026-09-16T21:27:18.235405+00:00
04 BROOKLYN,PAINT/PLASTER,3,2026-09-13T00:00:00.000,2026-09-16T21:27:18.235405+00:00
04 BROOKLYN,Sewer Maintenance,3,2026-09-13T00:00:00.000,2026-09-16T21:27:18.235405+00:00
16 BROOKLYN,FLOORING/STAIRS,3,2026-09-13T00:00:00.000,2026-09-16T21:27:18.235405+00:00
01 MANHATTAN,Lead,3,2026-09-13T00:00:00.000,2026-09-16T21:27:18.235405+00:00
01 MANHATTAN,Obstruction,3,2026-09-13T00:00:00.000,2026-09-16T21:27:18.235405+00:00
07 BRONX,Indoor Air Quality,3,2026-09-13T00:00:00.000,2026-09-16T21:27:18.235405+00:00
07 BRONX,Noise - Park,3,2026-09-13T00:00:00.000,2026-09-16T21:27:18.235405+00:00
05 MANHATTAN,Panhandling,3,2026-09-13T00:00:00.000,2026-09-16T21:27:18.235405+00:00
02 QUEENS,Food Establishment,3,2026-09-13T00:00:00.000,2026-09-16T21:27:18.235405+00:00
02 QUEENS,HEAT/HOT WATER,3,2026-09-13T00:00:00.000,2026-09-16T21:27:18.235405+00:00
08 MANHATTAN,Vendor Enforcement,3,2026-09-13T00:00:00.000,2026-09-16T21:27:18.235405+00:00
15 BROOKLYN,Root/Sewer/Sidewalk Condition,3,2026-09-13T00:00:00.000,2026-09-16T21:27:18.235405+00:00
07 BROOKLYN,Consumer Complaint,3,2026-09-13T00:00:00.000,2026-09-16T21:27:18.235405+00:00
07 BROOKLYN,DOOR/WINDOW,3,2026-09-13T00:00:00.000,2026-09-16T21:27:18.235405+00:00
15 BROOKLYN,WATER LEAK,3,2026-09-13T00:00:00.000,2026-09-16T21:27:18.235405+00:00
16 BROOKLYN,APPLIANCE,3,2026-09-13T00:00:00.000,2026-09-16T21:27:18.235405+00:00
16 BROOKLYN,DOOR/WINDOW,3,2026-09-13T00:00:00.000,2026-09-16T21:27:18.235405+00:00
05 MANHATTAN,Maintenance or Facility,3,2026-09-13T00:00:00.000,2026-09-16T21:27:18.235405+00:00
05 MANHATTAN,Missed Collection,3,2026-09-13T00:00:00.000,2026-09-16T21:27:18.235405+00:00
05 MANHATTAN,Mobile Food Vendor,3,2026-09-13T00:00:00.000,2026-09-16T21:27:18.235405+00:00
12 BROOKLYN,Air Quality,3,2026-09-13T00:00:00.000,2026-09-16T21:27:18.235405+00:00
12 BROOKLYN,Dead/Dying Tree,3,2026-09-13T00:00:00.000,2026-09-16T21:27:18.235405+00:00
12 BROOKLYN,Dirty Condition,3,2026-09-13T00:00:00.000,2026-09-16T21:27:18.235405+00:00
12 BROOKLYN,Elevator,3,2026-09-13T00:00:00.000,2026-09-16T21:27:18.235405+00:00
12 BROOKLYN,FLOORING/STAIRS,3,2026-09-13T00:00:00.000,2026-09-16T21:27:18.235405+00:00
08 MANHATTAN,HEAT/HOT WATER,3,2026-09-13T00:00:00.000,2026-09-16T21:27:18.235405+00:00
08 MANHATTAN,Lead,3,2026-09-13T00:00:00.000,2026-09-16T21:27:18.235405+00:00
08 MANHATTAN,Litter Basket Complaint,3,2026-09-13T00:00:00.000,2026-09-16T21:27:18.235405+00:00
01 QUEENS,Drinking,3,2026-09-13T00:00:00.000,2026-09-16T21:27:18.235405+00:00
01 QUEENS,General Construction/Plumbing,3,2026-09-13T00:00:00.000,2026-09-16T21:27:18.235405+00:00
15 BROOKLYN,GENERAL,3,2026-09-13T00:00:00.000,2026-09-16T21:27:18.235405+00:00
15 BROOKLYN,Indoor Air Quality,3,2026-09-13T00:00:00.000,2026-09-16T21:27:18.235405+00:00
02 QUEENS,Drug Activity,3,2026-09-13T00:00:00.000,2026-09-16T21:27:18.235405+00:00
12 BROOKLYN,Residential Disposal Complaint,3,2026-09-13T00:00:00.000,2026-09-16T21:27:18.235405+00:00
08 MANHATTAN,DOOR/WINDOW,3,2026-09-13T00:00:00.000,2026-09-16T21:27:18.235405+00:00
08 MANHATTAN,Dead/Dying Tree,3,2026-09-13T00:00:00.000,2026-09-16T21:27:18.235405+00:00
04 BROOKLYN,Traffic Signal Condition,3,2026-09-13T00:00:00.000,2026-09-16T21:27:18.235405+00:00
12 BROOKLYN,WATER LEAK,3,2026-09-13T00:00:00.000,2026-09-16T21:27:18.235405+00:00
02 MANHATTAN,Noise - Park,3,2026-09-13T00:00:00.000,2026-09-16T21:27:18.235405+00:00
02 MANHATTAN,PLUMBING,3,2026-09-13T00:00:00.000,2026-09-16T21:27:18.235405+00:00
08 BROOKLYN,Sidewalk Condition,3,2026-09-13T00:00:00.000,2026-09-16T21:27:18.235405+00:00
08 BROOKLYN,Street Condition,3,2026-09-13T00:00:00.000,2026-09-16T21:27:18.235405+00:00
08 BROOKLYN,Unleashed Dog,3,2026-09-13T00:00:00.000,2026-09-16T21:27:18.235405+00:00
08 MANHATTAN,Air Quality,3,2026-09-13T00:00:00.000,2026-09-16T21:27:18.235405+00:00
15 BROOKLYN,Curb Condition,3,2026-09-13T00:00:00.000,2026-09-16T21:27:18.235405+00:00
15 BROOKLYN,DOOR/WINDOW,3,2026-09-13T00:00:00.000,2026-09-16T21:27:18.235405+00:00
07 BROOKLYN,Encampment,3,2026-09-13T00:00:00.000,2026-09-16T21:27:18.235405+00:00
07 BROOKLYN,Homeless Person Assistance,3,2026-09-13T00:00:00.000,2026-09-16T21:27:18.235405+00:00
05 BROOKLYN,Plumbing,3,2026-09-13T00:00:00.000,2026-09-16T21:27:18.235405+00:00
15 BROOKLYN,ELECTRIC,3,2026-09-13T00:00:00.000,2026-09-16T21:27:18.235405+00:00
12 MANHATTAN,Elevator,3,2026-09-13T00:00:00.000,2026-09-16T21:27:18.235405+00:00
12 MANHATTAN,General Construction/Plumbing,3,2026-09-13T00:00:00.000,2026-09-16T21:27:18.235405+00:00
04 MANHATTAN,PAINT/PLASTER,3,2026-09-13T00:00:00.000,2026-09-16T21:27:18.235405+00:00
04 MANHATTAN,Residential Disposal Complaint,3,2026-09-13T00:00:00.000,2026-09-16T21:27:18.235405+00:00
08 BROOKLYN,Mosquitoes,3,2026-09-13T00:00:00.000,2026-09-16T21:27:18.235405+00:00
02 MANHATTAN,Lead,3,2026-09-13T00:00:00.000,2026-09-16T21:27:18.235405+00:00
12 MANHATTAN,Noise - Park,3,2026-09-13T00:00:00.000,2026-09-16T21:27:18.235405+00:00
12 MANHATTAN,Rodent,3,2026-09-13T00:00:00.000,2026-09-16T21:27:18.235405+00:00
12 MANHATTAN,Sewer Maintenance,3,2026-09-13T00:00:00.000,2026-09-16T21:27:18.235405+00:00
12 MANHATTAN,Street Condition,3,2026-09-13T00:00:00.000,2026-09-16T21:27:18.235405+00:00
02 BROOKLYN,Water Maintenance,3,2026-09-13T00:00:00.000,2026-09-16T21:27:18.235405+00:00
02 MANHATTAN,Drug Activity,3,2026-09-13T00:00:00.000,2026-09-16T21:27:18.235405+00:00
08 BROOKLYN,Damaged Tree,3,2026-09-13T00:00:00.000,2026-09-16T21:27:18.235405+00:00
07 MANHATTAN,Blocked Driveway,3,2026-09-13T00:00:00.000,2026-09-16T21:27:18.235405+00:00
05 BROOKLYN,Vendor Enforcement,3,2026-09-13T00:00:00.000,2026-09-16T21:27:18.235405+00:00
07 BROOKLYN,PAINT/PLASTER,3,2026-09-13T00:00:00.000,2026-09-16T21:27:18.235405+00:00
07 BROOKLYN,PLUMBING,3,2026-09-13T00:00:00.000,2026-09-16T21:27:18.235405+00:00
07 BROOKLYN,Root/Sewer/Sidewalk Condition,3,2026-09-13T00:00:00.000,2026-09-16T21:27:18.235405+00:00
05 BROOKLYN,Indoor Air Quality,3,2026-09-13T00:00:00.000,2026-09-16T21:27:18.235405+00:00
05 BROOKLYN,Noise - Commercial,3,2026-09-13T00:00:00.000,2026-09-16T21:27:18.235405+00:00
14 QUEENS,Traffic Signal Condition,3,2026-09-13T00:00:00.000,2026-09-16T21:27:18.235405+00:00
14 QUEENS,Water Maintenance,3,2026-09-13T00:00:00.000,2026-09-16T21:27:18.235405+00:00
04 MANHATTAN,Sidewalk Condition,3,2026-09-13T00:00:00.000,2026-09-16T21:27:18.235405+00:00
04 MANHATTAN,Special Projects Inspection Team (SPIT),3,2026-09-13T00:00:00.000,2026-09-16T21:27:18.235405+00:00
04 MANHATTAN,Street Light Condition,3,2026-09-13T00:00:00.000,2026-09-16T21:27:18.235405+00:00
12 QUEENS,APPLIANCE,3,2026-09-13T00:00:00.000,2026-09-16T21:27:18.235405+00:00
12 QUEENS,Dead Animal,3,2026-09-13T00:00:00.000,2026-09-16T21:27:18.235405+00:00
14 QUEENS,Elevator,3,2026-09-13T00:00:00.000,2026-09-16T21:27:18.235405+00:00
14 QUEENS,GENERAL,3,2026-09-13T00:00:00.000,2026-09-16T21:27:18.235405+00:00
14 QUEENS,HEAT/HOT WATER,3,2026-09-13T00:00:00.000,2026-09-16T21:27:18.235405+00:00
14 QUEENS,Missed Collection,3,2026-09-13T00:00:00.000,2026-09-16T21:27:18.235405+00:00
05 BROOKLYN,Obstruction,3,2026-09-13T00:00:00.000,2026-09-16T21:27:18.235405+00:00
02 BROOKLYN,Sewer Maintenance,3,2026-09-13T00:00:00.000,2026-09-16T21:27:18.235405+00:00
02 BROOKLYN,Sidewalk Condition,3,2026-09-13T00:00:00.000,2026-09-16T21:27:18.235405+00:00
02 BROOKLYN,Traffic Signal Condition,3,2026-09-13T00:00:00.000,2026-09-16T21:27:18.235405+00:00
08 BRONX,Noise - Vehicle,3,2026-09-13T00:00:00.000,2026-09-16T21:27:18.235405+00:00
08 BRONX,Rodent,3,2026-09-13T00:00:00.000,2026-09-16T21:27:18.235405+00:00
08 BROOKLYN,APPLIANCE,3,2026-09-13T00:00:00.000,2026-09-16T21:27:18.235405+00:00
12 QUEENS,HEAT/HOT WATER,3,2026-09-13T00:00:00.000,2026-09-16T21:27:18.235405+00:00
02 BROOKLYN,Obstruction,3,2026-09-13T00:00:00.000,2026-09-16T21:27:18.235405+00:00
08 BRONX,Maintenance or Facility,3,2026-09-13T00:00:00.000,2026-09-16T21:27:18.235405+00:00
04 QUEENS,Drinking,3,2026-09-13T00:00:00.000,2026-09-16T21:27:18.235405+00:00
08 BRONX,Noise - Commercial,3,2026-09-13T00:00:00.000,2026-09-16T21:27:18.235405+00:00
05 BRONX,Water Maintenance,3,2026-09-13T00:00:00.000,2026-09-16T21:27:18.235405+00:00
07 MANHATTAN,Elevator,3,2026-09-13T00:00:00.000,2026-09-16T21:27:18.235405+00:00
05 BROOKLYN,Cannabis Retailer,3,2026-09-13T00:00:00.000,2026-09-16T21:27:18.235405+00:00
05 BROOKLYN,General Construction/Plumbing,3,2026-09-13T00:00:00.000,2026-09-16T21:27:18.235405+00:00
12 QUEENS,Maintenance or Facility,3,2026-09-13T00:00:00.000,2026-09-16T21:27:18.235405+00:00
12 QUEENS,Sidewalk Condition,3,2026-09-13T00:00:00.000,2026-09-16T21:27:18.235405+00:00
12 QUEENS,Street Light Condition,3,2026-09-13T00:00:00.000,2026-09-16T21:27:18.235405+00:00
12 QUEENS,Traffic Signal Condition,3,2026-09-13T00:00:00.000,2026-09-16T21:27:18.235405+00:00
02 BROOKLYN,APPLIANCE,3,2026-09-13T00:00:00.000,2026-09-16T21:27:18.235405+00:00
08 BRONX,Drinking,3,2026-09-13T00:00:00.000,2026-09-16T21:27:18.235405+00:00
08 BRONX,Elevator,3,2026-09-13T00:00:00.000,2026-09-16T21:27:18.235405+00:00
13 BROOKLYN,Maintenance or Facility,3,2026-09-13T00:00:00.000,2026-09-16T21:27:18.235405+00:00
13 BROOKLYN,Noise - Commercial,3,2026-09-13T00:00:00.000,2026-09-16T21:27:18.235405+00:00
13 BROOKLYN,PAINT/PLASTER,3,2026-09-13T00:00:00.000,2026-09-16T21:27:18.235405+00:00
13 BROOKLYN,PLUMBING,3,2026-09-13T00:00:00.000,2026-09-16T21:27:18.235405+00:00
02 BRONX,Noise - Vehicle,3,2026-09-13T00:00:00.000,2026-09-16T21:27:18.235405+00:00
01 QUEENS,Traffic,3,2026-09-13T00:00:00.000,2026-09-16T21:27:18.235405+00:00
14 BROOKLYN,Noise - Vehicle,3,2026-09-13T00:00:00.000,2026-09-16T21:27:18.235405+00:00
14 BROOKLYN,Rodent,3,2026-09-13T00:00:00.000,2026-09-16T21:27:18.235405+00:00
14 BROOKLYN,Street Light Condition,3,2026-09-13T00:00:00.000,2026-09-16T21:27:18.235405+00:00
14 BROOKLYN,Traffic Signal Condition,3,2026-09-13T00:00:00.000,2026-09-16T21:27:18.235405+00:00
01 QUEENS,Non-Emergency Police Matter,3,2026-09-13T00:00:00.000,2026-09-16T21:27:18.235405+00:00
07 MANHATTAN,Illegal Dumping,3,2026-09-13T00:00:00.000,2026-09-16T21:27:18.235405+00:00
04 QUEENS,Overgrown Tree/Branches,3,2026-09-13T00:00:00.000,2026-09-16T21:27:18.235405+00:00
13 QUEENS,Derelict Vehicles,3,2026-09-13T00:00:00.000,2026-09-16T21:27:18.235405+00:00
07 QUEENS,Noise,3,2026-09-13T00:00:00.000,2026-09-16T21:27:18.235405+00:00
02 BRONX,DOOR/WINDOW,3,2026-09-13T00:00:00.000,2026-09-16T21:27:18.235405+00:00
02 BRONX,Elevator,3,2026-09-13T00:00:00.000,2026-09-16T21:27:18.235405+00:00
02 BRONX,FLOORING/STAIRS,3,2026-09-13T00:00:00.000,2026-09-16T21:27:18.235405+00:00
02 BRONX,GENERAL,3,2026-09-13T00:00:00.000,2026-09-16T21:27:18.235405+00:00
01 STATEN ISLAND,Root/Sewer/Sidewalk Condition,3,2026-09-13T00:00:00.000,2026-09-16T21:27:18.235405+00:00
01 STATEN ISLAND,WATER LEAK,3,2026-09-13T00:00:00.000,2026-09-16T21:27:18.235405+00:00
13 QUEENS,Panhandling,3,2026-09-13T00:00:00.000,2026-09-16T21:27:18.235405+00:00
01 STATEN ISLAND,Noise,3,2026-09-13T00:00:00.000,2026-09-16T21:27:18.235405+00:00
07 QUEENS,Consumer Complaint,3,2026-09-13T00:00:00.000,2026-09-16T21:27:18.235405+00:00
07 QUEENS,ELECTRIC,3,2026-09-13T00:00:00.000,2026-09-16T21:27:18.235405+00:00
07 QUEENS,Encampment,3,2026-09-13T00:00:00.000,2026-09-16T21:27:18.235405+00:00
07 QUEENS,Food Establishment,3,2026-09-13T00:00:00.000,2026-09-16T21:27:18.235405+00:00
07 MANHATTAN,WATER LEAK,3,2026-09-13T00:00:00.000,2026-09-16T21:27:18.235405+00:00
01 STATEN ISLAND,Lead,3,2026-09-13T00:00:00.000,2026-09-16T21:27:18.235405+00:00
07 MANHATTAN,Non-Emergency Police Matter,3,2026-09-13T00:00:00.000,2026-09-16T21:27:18.235405+00:00
05 BRONX,Elevator,3,2026-09-13T00:00:00.000,2026-09-16T21:27:18.235405+00:00
05 BRONX,General Construction/Plumbing,3,2026-09-13T00:00:00.000,2026-09-16T21:27:18.235405+00:00
01 STATEN ISLAND,Noise - Vehicle,3,2026-09-13T00:00:00.000,2026-09-16T21:27:18.235405+00:00
01 STATEN ISLAND,Obstruction,3,2026-09-13T00:00:00.000,2026-09-16T21:27:18.235405+00:00
01 STATEN ISLAND,PAINT/PLASTER,3,2026-09-13T00:00:00.000,2026-09-16T21:27:18.235405+00:00
13 QUEENS,Street Sign - Dangling,3,2026-09-13T00:00:00.000,2026-09-16T21:27:18.235405+00:00
14 BROOKLYN,Derelict Vehicles,3,2026-09-13T00:00:00.000,2026-09-16T21:27:18.235405+00:00
Unspecified MANHATTAN,Noise - Vehicle,3,2026-09-13T00:00:00.000,2026-09-16T21:27:18.235405+00:00
Unspecified MANHATTAN,Sidewalk Condition,3,2026-09-13T00:00:00.000,2026-09-16T21:27:18.235405+00:00
Unspecified MANHATTAN,Street Condition,3,2026-09-13T00:00:00.000,2026-09-16T21:27:18.235405+00:00
10 BROOKLYN,General Construction/Plumbing,3,2026-09-13T00:00:00.000,2026-09-16T21:27:18.235405+00:00
03 MANHATTAN,Obstruction,3,2026-09-13T00:00:00.000,2026-09-16T21:27:18.235405+00:00
03 MANHATTAN,Panhandling,3,2026-09-13T00:00:00.000,2026-09-16T21:27:18.235405+00:00
03 MANHATTAN,Sewer Maintenance,3,2026-09-13T00:00:00.000,2026-09-16T21:27:18.235405+00:00
Unspecified BROOKLYN,Encampment,3,2026-09-13T00:00:00.000,2026-09-16T21:27:18.235405+00:00
Unspecified BROOKLYN,Noise - Residential,3,2026-09-13T00:00:00.000,2026-09-16T21:27:18.235405+00:00
Unspecified BROOKLYN,Noise - Vehicle,3,2026-09-13T00:00:00.000,2026-09-16T21:27:18.235405+00:00
Unspecified BROOKLYN,Panhandling,3,2026-09-13T00:00:00.000,2026-09-16T21:27:18.235405+00:00
06 BRONX,Street Light Condition,3,2026-09-13T00:00:00.000,2026-09-16T21:27:18.235405+00:00
Unspecified BROOKLYN,Sewer Maintenance,3,2026-09-13T00:00:00.000,2026-09-16T21:27:18.235405+00:00
Unspecified STATEN ISLAND,Illegal Parking,2,2026-09-13T00:00:00.000,2026-09-16T21:27:18.235405+00:00
06 BROOKLYN,Abandoned Bike,2,2026-09-13T00:00:00.000,2026-09-16T21:27:18.235405+00:00
06 BROOKLYN,APPLIANCE,2,2026-09-13T00:00:00.000,2026-09-16T21:27:18.235405+00:00
06 BRONX,Street Sweeping Complaint,2,2026-09-13T00:00:00.000,2026-09-16T21:27:18.235405+00:00
06 BRONX,Sidewalk Condition,2,2026-09-13T00:00:00.000,2026-09-16T21:27:18.235405+00:00
Unspecified QUEENS,Noise - Street/Sidewalk,2,2026-09-13T00:00:00.000,2026-09-16T21:27:18.235405+00:00
Unspecified BROOKLYN,Noise - Street/Sidewalk,2,2026-09-13T00:00:00.000,2026-09-16T21:27:18.235405+00:00
06 BRONX,Elevator,2,2026-09-13T00:00:00.000,2026-09-16T21:27:18.235405+00:00
06 BROOKLYN,Real Time Enforcement,2,2026-09-13T00:00:00.000,2026-09-16T21:27:18.235405+00:00
06 BROOKLYN,Cannabis Retailer,2,2026-09-13T00:00:00.000,2026-09-16T21:27:18.235405+00:00
06 BROOKLYN,Curb Condition,2,2026-09-13T00:00:00.000,2026-09-16T21:27:18.235405+00:00
06 BROOKLYN,Derelict Vehicles,2,2026-09-13T00:00:00.000,2026-09-16T21:27:18.235405+00:00
06 BROOKLYN,FLOORING/STAIRS,2,2026-09-13T00:00:00.000,2026-09-16T21:27:18.235405+00:00
06 BROOKLYN,Food Establishment,2,2026-09-13T00:00:00.000,2026-09-16T21:27:18.235405+00:00
06 BROOKLYN,GENERAL,2,2026-09-13T00:00:00.000,2026-09-16T21:27:18.235405+00:00
06 BRONX,Encampment,2,2026-09-13T00:00:00.000,2026-09-16T21:27:18.235405+00:00
06 BRONX,General Construction/Plumbing,2,2026-09-13T00:00:00.000,2026-09-16T21:27:18.235405+00:00
Unspecified BROOKLYN,Damaged Tree,2,2026-09-13T00:00:00.000,2026-09-16T21:27:18.235405+00:00
03 MANHATTAN,FLOORING/STAIRS,2,2026-09-13T00:00:00.000,2026-09-16T21:27:18.235405+00:00
10 MANHATTAN,Drug Activity,2,2026-09-13T00:00:00.000,2026-09-16T21:27:18.235405+00:00
10 BRONX,Maintenance or Facility,2,2026-09-13T00:00:00.000,2026-09-16T21:27:18.235405+00:00
03 QUEENS,Dead/Dying Tree,2,2026-09-13T00:00:00.000,2026-09-16T21:27:18.235405+00:00
Unspecified BRONX,Homeless Person Assistance,2,2026-09-13T00:00:00.000,2026-09-16T21:27:18.235405+00:00
01 STATEN ISLAND,Curb Condition,2,2026-09-13T00:00:00.000,2026-09-16T21:27:18.235405+00:00
01 STATEN ISLAND,Dead Animal,2,2026-09-13T00:00:00.000,2026-09-16T21:27:18.235405+00:00
01 STATEN ISLAND,Dead/Dying Tree,2,2026-09-13T00:00:00.000,2026-09-16T21:27:18.235405+00:00
01 STATEN ISLAND,ELECTRIC,2,2026-09-13T00:00:00.000,2026-09-16T21:27:18.235405+00:00
01 STATEN ISLAND,HEAT/HOT WATER,2,2026-09-13T00:00:00.000,2026-09-16T21:27:18.235405+00:00
01 STATEN ISLAND,Illegal Dumping,2,2026-09-13T00:00:00.000,2026-09-16T21:27:18.235405+00:00
07 MANHATTAN,SAFETY,2,2026-09-13T00:00:00.000,2026-09-16T21:27:18.235405+00:00
07 MANHATTAN,Sewer Maintenance,2,2026-09-13T00:00:00.000,2026-09-16T21:27:18.235405+00:00
07 MANHATTAN,Sidewalk Condition,2,2026-09-13T00:00:00.000,2026-09-16T21:27:18.235405+00:00
05 BRONX,Noise,2,2026-09-13T00:00:00.000,2026-09-16T21:27:18.235405+00:00
05 BRONX,Non-Emergency Police Matter,2,2026-09-13T00:00:00.000,2026-09-16T21:27:18.235405+00:00
05 BRONX,For Hire Vehicle Complaint,2,2026-09-13T00:00:00.000,2026-09-16T21:27:18.235405+00:00
01 STATEN ISLAND,Non-Emergency Police Matter,2,2026-09-13T00:00:00.000,2026-09-16T21:27:18.235405+00:00
13 QUEENS,UNSANITARY CONDITION,2,2026-09-13T00:00:00.000,2026-09-16T21:27:18.235405+00:00
14 BROOKLYN,Curb Condition,2,2026-09-13T00:00:00.000,2026-09-16T21:27:18.235405+00:00
05 BRONX,Sewer Maintenance,2,2026-09-13T00:00:00.000,2026-09-16T21:27:18.235405+00:00
13 QUEENS,HEAT/HOT WATER,2,2026-09-13T00:00:00.000,2026-09-16T21:27:18.235405+00:00
13 QUEENS,Homeless Person Assistance,2,2026-09-13T00:00:00.000,2026-09-16T21:27:18.235405+00:00
04 QUEENS,Sidewalk Condition,2,2026-09-13T00:00:00.000,2026-09-16T21:27:18.235405+00:00
04 QUEENS,WATER LEAK,2,2026-09-13T00:00:00.000,2026-09-16T21:27:18.235405+00:00
04 QUEENS,Water Conservation,2,2026-09-13T00:00:00.000,2026-09-16T21:27:18.235405+00:00
05 BRONX,Building/Use,2,2026-09-13T00:00:00.000,2026-09-16T21:27:18.235405+00:00
05 BRONX,Dumpster Complaint,2,2026-09-13T00:00:00.000,2026-09-16T21:27:18.235405+00:00
13 QUEENS,Illegal Fireworks,2,2026-09-13T00:00:00.000,2026-09-16T21:27:18.235405+00:00
02 BRONX,Derelict Vehicles,2,2026-09-13T00:00:00.000,2026-09-16T21:27:18.235405+00:00
02 BRONX,Illegal Dumping,2,2026-09-13T00:00:00.000,2026-09-16T21:27:18.235405+00:00
13 QUEENS,Maintenance or Facility,2,2026-09-13T00:00:00.000,2026-09-16T21:27:18.235405+00:00
13 QUEENS,Residential Disposal Complaint,2,2026-09-13T00:00:00.000,2026-09-16T21:27:18.235405+00:00
07 QUEENS,Dead/Dying Tree,2,2026-09-13T00:00:00.000,2026-09-16T21:27:18.235405+00:00
07 QUEENS,Emergency Response Team (ERT),2,2026-09-13T00:00:00.000,2026-09-16T21:27:18.235405+00:00
14 BROOKLYN,ELEVATOR,2,2026-09-13T00:00:00.000,2026-09-16T21:27:18.235405+00:00
01 STATEN ISLAND,Consumer Complaint,2,2026-09-13T00:00:00.000,2026-09-16T21:27:18.235405+00:00
07 QUEENS,Smoking or Vaping,2,2026-09-13T00:00:00.000,2026-09-16T21:27:18.235405+00:00
04 QUEENS,Homeless Person Assistance,2,2026-09-13T00:00:00.000,2026-09-16T21:27:18.235405+00:00
04 QUEENS,Illegal Tree Damage,2,2026-09-13T00:00:00.000,2026-09-16T21:27:18.235405+00:00
04 QUEENS,Maintenance or Facility,2,2026-09-13T00:00:00.000,2026-09-16T21:27:18.235405+00:00
01 QUEENS,Street Condition,2,2026-09-13T00:00:00.000,2026-09-16T21:27:18.235405+00:00
01 STATEN ISLAND,APPLIANCE,2,2026-09-13T00:00:00.000,2026-09-16T21:27:18.235405+00:00
14 BROOKLYN,Residential Disposal Complaint,2,2026-09-13T00:00:00.000,2026-09-16T21:27:18.235405+00:00
14 BROOKLYN,Street Sign - Damaged,2,2026-09-13T00:00:00.000,2026-09-16T21:27:18.235405+00:00
01 QUEENS,Overgrown Tree/Branches,2,2026-09-13T00:00:00.000,2026-09-16T21:27:18.235405+00:00
01 QUEENS,PLUMBING,2,2026-09-13T00:00:00.000,2026-09-16T21:27:18.235405+00:00
07 MANHATTAN,Illegal Tree Damage,2,2026-09-13T00:00:00.000,2026-09-16T21:27:18.235405+00:00
07 MANHATTAN,Lost Property,2,2026-09-13T00:00:00.000,2026-09-16T21:27:18.235405+00:00
07 MANHATTAN,Noise - Park,2,2026-09-13T00:00:00.000,2026-09-16T21:27:18.235405+00:00
04 QUEENS,PAINT/PLASTER,2,2026-09-13T00:00:00.000,2026-09-16T21:27:18.235405+00:00
13 QUEENS,Drug Activity,2,2026-09-13T00:00:00.000,2026-09-16T21:27:18.235405+00:00
13 QUEENS,For Hire Vehicle Complaint,2,2026-09-13T00:00:00.000,2026-09-16T21:27:18.235405+00:00
02 BROOKLYN,GENERAL,2,2026-09-13T00:00:00.000,2026-09-16T21:27:18.235405+00:00
12 QUEENS,Residential Disposal Complaint,2,2026-09-13T00:00:00.000,2026-09-16T21:27:18.235405+00:00
12 QUEENS,Rodent,2,2026-09-13T00:00:00.000,2026-09-16T21:27:18.235405+00:00
12 QUEENS,Street Sign - Missing,2,2026-09-13T00:00:00.000,2026-09-16T21:27:18.235405+00:00
02 BRONX,Water Maintenance,2,2026-09-13T00:00:00.000,2026-09-16T21:27:18.235405+00:00
02 BROOKLYN,Abandoned Vehicle,2,2026-09-13T00:00:00.000,2026-09-16T21:27:18.235405+00:00
07 QUEENS,Street Sign - Dangling,2,2026-09-13T00:00:00.000,2026-09-16T21:27:18.235405+00:00
08 BRONX,APPLIANCE,2,2026-09-13T00:00:00.000,2026-09-16T21:27:18.235405+00:00
08 BRONX,Curb Condition,2,2026-09-13T00:00:00.000,2026-09-16T21:27:18.235405+00:00
13 BROOKLYN,Beach/Pool/Sauna Complaint,2,2026-09-13T00:00:00.000,2026-09-16T21:27:18.235405+00:00
13 BROOKLYN,Building/Use,2,2026-09-13T00:00:00.000,2026-09-16T21:27:18.235405+00:00
13 BROOKLYN,GENERAL,2,2026-09-13T00:00:00.000,2026-09-16T21:27:18.235405+00:00
13 BROOKLYN,Noise,2,2026-09-13T00:00:00.000,2026-09-16T21:27:18.235405+00:00
02 BRONX,Street Condition,2,2026-09-13T00:00:00.000,2026-09-16T21:27:18.235405+00:00
13 BROOKLYN,Sewer Maintenance,2,2026-09-13T00:00:00.000,2026-09-16T21:27:18.235405+00:00
07 QUEENS,PLUMBING,2,2026-09-13T00:00:00.000,2026-09-16T21:27:18.235405+00:00
04 QUEENS,General Construction/Plumbing,2,2026-09-13T00:00:00.000,2026-09-16T21:27:18.235405+00:00
08 BRONX,Missed Collection,2,2026-09-13T00:00:00.000,2026-09-16T21:27:18.235405+00:00
02 BROOKLYN,Dead/Dying Tree,2,2026-09-13T00:00:00.000,2026-09-16T21:27:18.235405+00:00
02 BROOKLYN,FLOORING/STAIRS,2,2026-09-13T00:00:00.000,2026-09-16T21:27:18.235405+00:00
05 BRONX,Street Condition,2,2026-09-13T00:00:00.000,2026-09-16T21:27:18.235405+00:00
05 BRONX,Street Light Condition,2,2026-09-13T00:00:00.000,2026-09-16T21:27:18.235405+00:00
05 BRONX,Street Sign - Damaged,2,2026-09-13T00:00:00.000,2026-09-16T21:27:18.235405+00:00
07 MANHATTAN,Consumer Complaint,2,2026-09-13T00:00:00.000,2026-09-16T21:27:18.235405+00:00
07 MANHATTAN,Damaged Tree,2,2026-09-13T00:00:00.000,2026-09-16T21:27:18.235405+00:00
07 MANHATTAN,ELECTRIC,2,2026-09-13T00:00:00.000,2026-09-16T21:27:18.235405+00:00
07 MANHATTAN,GENERAL,2,2026-09-13T00:00:00.000,2026-09-16T21:27:18.235405+00:00
05 BROOKLYN,Consumer Complaint,2,2026-09-13T00:00:00.000,2026-09-16T21:27:18.235405+00:00
05 BROOKLYN,Elevator,2,2026-09-13T00:00:00.000,2026-09-16T21:27:18.235405+00:00
14 QUEENS,APPLIANCE,2,2026-09-13T00:00:00.000,2026-09-16T21:27:18.235405+00:00
14 QUEENS,Abandoned Vehicle,2,2026-09-13T00:00:00.000,2026-09-16T21:27:18.235405+00:00
14 QUEENS,DOOR/WINDOW,2,2026-09-13T00:00:00.000,2026-09-16T21:27:18.235405+00:00
02 BROOKLYN,Real Time Enforcement,2,2026-09-13T00:00:00.000,2026-09-16T21:27:18.235405+00:00
02 BROOKLYN,Residential Disposal Complaint,2,2026-09-13T00:00:00.000,2026-09-16T21:27:18.235405+00:00
02 BROOKLYN,Street Light Condition,2,2026-09-13T00:00:00.000,2026-09-16T21:27:18.235405+00:00
02 BROOKLYN,Street Sign - Damaged,2,2026-09-13T00:00:00.000,2026-09-16T21:27:18.235405+00:00
08 BRONX,SAFETY,2,2026-09-13T00:00:00.000,2026-09-16T21:27:18.235405+00:00
08 BRONX,Street Sign - Dangling,2,2026-09-13T00:00:00.000,2026-09-16T21:27:18.235405+00:00
12 QUEENS,Dead/Dying Tree,2,2026-09-13T00:00:00.000,2026-09-16T21:27:18.235405+00:00
12 QUEENS,Drug Activity,2,2026-09-13T00:00:00.000,2026-09-16T21:27:18.235405+00:00
12 QUEENS,Illegal Fireworks,2,2026-09-13T00:00:00.000,2026-09-16T21:27:18.235405+00:00
02 BROOKLYN,Indoor Air Quality,2,2026-09-13T00:00:00.000,2026-09-16T21:27:18.235405+00:00
02 BROOKLYN,Noise - Commercial,2,2026-09-13T00:00:00.000,2026-09-16T21:27:18.235405+00:00
02 BROOKLYN,Overgrown Tree/Branches,2,2026-09-13T00:00:00.000,2026-09-16T21:27:18.235405+00:00
04 MANHATTAN,Water Maintenance,2,2026-09-13T00:00:00.000,2026-09-16T21:27:18.235405+00:00
04 QUEENS,Damaged Tree,2,2026-09-13T00:00:00.000,2026-09-16T21:27:18.235405+00:00
04 QUEENS,Dirty Condition,2,2026-09-13T00:00:00.000,2026-09-16T21:27:18.235405+00:00
04 QUEENS,ELECTRIC,2,2026-09-13T00:00:00.000,2026-09-16T21:27:18.235405+00:00
04 MANHATTAN,Taxi Complaint,2,2026-09-13T00:00:00.000,2026-09-16T21:27:18.235405+00:00
04 MANHATTAN,Vendor Enforcement,2,2026-09-13T00:00:00.000,2026-09-16T21:27:18.235405+00:00
12 MANHATTAN,Water Quality,2,2026-09-13T00:00:00.000,2026-09-16T21:27:18.235405+00:00
12 QUEENS,Animal-Abuse,2,2026-09-13T00:00:00.000,2026-09-16T21:27:18.235405+00:00
14 QUEENS,Dirty Condition,2,2026-09-13T00:00:00.000,2026-09-16T21:27:18.235405+00:00
14 QUEENS,General Construction/Plumbing,2,2026-09-13T00:00:00.000,2026-09-16T21:27:18.235405+00:00
14 QUEENS,Noise - Vehicle,2,2026-09-13T00:00:00.000,2026-09-16T21:27:18.235405+00:00
01 QUEENS,Graffiti,2,2026-09-13T00:00:00.000,2026-09-16T21:27:18.235405+00:00
01 QUEENS,Illegal Dumping,2,2026-09-13T00:00:00.000,2026-09-16T21:27:18.235405+00:00
14 QUEENS,Smoking or Vaping,2,2026-09-13T00:00:00.000,2026-09-16T21:27:18.235405+00:00
05 BROOKLYN,Overgrown Tree/Branches,2,2026-09-13T00:00:00.000,2026-09-16T21:27:18.235405+00:00
07 BROOKLYN,Sidewalk Condition,2,2026-09-13T00:00:00.000,2026-09-16T21:27:18.235405+00:00
07 BROOKLYN,Street Sign - Missing,2,2026-09-13T00:00:00.000,2026-09-16T21:27:18.235405+00:00
07 BROOKLYN,Traffic Signal Condition,2,2026-09-13T00:00:00.000,2026-09-16T21:27:18.235405+00:00
07 BROOKLYN,WATER LEAK,2,2026-09-13T00:00:00.000,2026-09-16T21:27:18.235405+00:00
02 BROOKLYN,Panhandling,2,2026-09-13T00:00:00.000,2026-09-16T21:27:18.235405+00:00
08 BROOKLYN,Encampment,2,2026-09-13T00:00:00.000,2026-09-16T21:27:18.235405+00:00
08 BROOKLYN,Food Establishment,2,2026-09-13T00:00:00.000,2026-09-16T21:27:18.235405+00:00
07 BROOKLYN,Water Conservation,2,2026-09-13T00:00:00.000,2026-09-16T21:27:18.235405+00:00
07 BROOKLYN,Wood Pile Remaining,2,2026-09-13T00:00:00.000,2026-09-16T21:27:18.235405+00:00
07 MANHATTAN,Abandoned Vehicle,2,2026-09-13T00:00:00.000,2026-09-16T21:27:18.235405+00:00
05 BROOKLYN,Illegal Tree Damage,2,2026-09-13T00:00:00.000,2026-09-16T21:27:18.235405+00:00
05 BROOKLYN,Lot Condition,2,2026-09-13T00:00:00.000,2026-09-16T21:27:18.235405+00:00
14 QUEENS,Street Sweeping Complaint,2,2026-09-13T00:00:00.000,2026-09-16T21:27:18.235405+00:00
14 QUEENS,Waste Water Treatment Plant,2,2026-09-13T00:00:00.000,2026-09-16T21:27:18.235405+00:00
08 BROOKLYN,General Construction/Plumbing,2,2026-09-13T00:00:00.000,2026-09-16T21:27:18.235405+00:00
08 BROOKLYN,Homeless Person Assistance,2,2026-09-13T00:00:00.000,2026-09-16T21:27:18.235405+00:00
04 MANHATTAN,Lost Property,2,2026-09-13T00:00:00.000,2026-09-16T21:27:18.235405+00:00
08 BROOKLYN,Abandoned Vehicle,2,2026-09-13T00:00:00.000,2026-09-16T21:27:18.235405+00:00
08 BROOKLYN,Consumer Complaint,2,2026-09-13T00:00:00.000,2026-09-16T21:27:18.235405+00:00
04 MANHATTAN,Sewer Maintenance,2,2026-09-13T00:00:00.000,2026-09-16T21:27:18.235405+00:00
04 MANHATTAN,Smoking or Vaping,2,2026-09-13T00:00:00.000,2026-09-16T21:27:18.235405+00:00
02 MANHATTAN,Elevator,2,2026-09-13T00:00:00.000,2026-09-16T21:27:18.235405+00:00
02 MANHATTAN,Graffiti,2,2026-09-13T00:00:00.000,2026-09-16T21:27:18.235405+00:00
04 MANHATTAN,Noise - Vehicle,2,2026-09-13T00:00:00.000,2026-09-16T21:27:18.235405+00:00
08 BROOKLYN,Noise - Vehicle,2,2026-09-13T00:00:00.000,2026-09-16T21:27:18.235405+00:00
08 BROOKLYN,OUTSIDE BUILDING,2,2026-09-13T00:00:00.000,2026-09-16T21:27:18.235405+00:00
04 MANHATTAN,Drug Activity,2,2026-09-13T00:00:00.000,2026-09-16T21:27:18.235405+00:00
04 MANHATTAN,Emergency Response Team (ERT),2,2026-09-13T00:00:00.000,2026-09-16T21:27:18.235405+00:00
12 MANHATTAN,Hazardous Material,2,2026-09-13T00:00:00.000,2026-09-16T21:27:18.235405+00:00
12 MANHATTAN,Illegal Tree Damage,2,2026-09-13T00:00:00.000,2026-09-16T21:27:18.235405+00:00
12 MANHATTAN,Indoor Air Quality,2,2026-09-13T00:00:00.000,2026-09-16T21:27:18.235405+00:00
12 MANHATTAN,Missed Collection,2,2026-09-13T00:00:00.000,2026-09-16T21:27:18.235405+00:00
12 MANHATTAN,Real Time Enforcement,2,2026-09-13T00:00:00.000,2026-09-16T21:27:18.235405+00:00
02 MANHATTAN,Abandoned Bike,2,2026-09-13T00:00:00.000,2026-09-16T21:27:18.235405+00:00
02 MANHATTAN,Commercial Disposal Complaint,2,2026-09-13T00:00:00.000,2026-09-16T21:27:18.235405+00:00
12 MANHATTAN,Violation of Park Rules,2,2026-09-13T00:00:00.000,2026-09-16T21:27:18.235405+00:00
08 BROOKLYN,Dead Animal,2,2026-09-13T00:00:00.000,2026-09-16T21:27:18.235405+00:00
02 MANHATTAN,PAINT/PLASTER,2,2026-09-13T00:00:00.000,2026-09-16T21:27:18.235405+00:00
04 MANHATTAN,HEAT/HOT WATER,2,2026-09-13T00:00:00.000,2026-09-16T21:27:18.235405+00:00
08 BROOKLYN,SAFETY,2,2026-09-13T00:00:00.000,2026-09-16T21:27:18.235405+00:00
08 BROOKLYN,Smoking or Vaping,2,2026-09-13T00:00:00.000,2026-09-16T21:27:18.235405+00:00
08 BROOKLYN,Street Light Condition,2,2026-09-13T00:00:00.000,2026-09-16T21:27:18.235405+00:00
15 BROOKLYN,Air Quality,2,2026-09-13T00:00:00.000,2026-09-16T21:27:18.235405+00:00
15 BROOKLYN,Building/Use,2,2026-09-13T00:00:00.000,2026-09-16T21:27:18.235405+00:00
15 BROOKLYN,Dead Animal,2,2026-09-13T00:00:00.000,2026-09-16T21:27:18.235405+00:00
15 BROOKLYN,Derelict Vehicles,2,2026-09-13T00:00:00.000,2026-09-16T21:27:18.235405+00:00
05 MANHATTAN,FLOORING/STAIRS,2,2026-09-13T00:00:00.000,2026-09-16T21:27:18.235405+00:00
07 BROOKLYN,GENERAL,2,2026-09-13T00:00:00.000,2026-09-16T21:27:18.235405+00:00
07 BROOKLYN,Illegal Dumping,2,2026-09-13T00:00:00.000,2026-09-16T21:27:18.235405+00:00
05 BROOKLYN,Rodent,2,2026-09-13T00:00:00.000,2026-09-16T21:27:18.235405+00:00
15 BROOKLYN,Elevator,2,2026-09-13T00:00:00.000,2026-09-16T21:27:18.235405+00:00
15 BROOKLYN,FLOORING/STAIRS,2,2026-09-13T00:00:00.000,2026-09-16T21:27:18.235405+00:00
12 MANHATTAN,Blocked Driveway,2,2026-09-13T00:00:00.000,2026-09-16T21:27:18.235405+00:00
15 BROOKLYN,Real Time Enforcement,2,2026-09-13T00:00:00.000,2026-09-16T21:27:18.235405+00:00
12 BROOKLYN,Indoor Air Quality,2,2026-09-13T00:00:00.000,2026-09-16T21:27:18.235405+00:00
02 QUEENS,Dead/Dying Tree,2,2026-09-13T00:00:00.000,2026-09-16T21:27:18.235405+00:00
02 QUEENS,Encampment,2,2026-09-13T00:00:00.000,2026-09-16T21:27:18.235405+00:00
02 MANHATTAN,Street Light Condition,2,2026-09-13T00:00:00.000,2026-09-16T21:27:18.235405+00:00
02 MANHATTAN,WATER LEAK,2,2026-09-13T00:00:00.000,2026-09-16T21:27:18.235405+00:00
12 BROOKLYN,Non-Emergency Police Matter,2,2026-09-13T00:00:00.000,2026-09-16T21:27:18.235405+00:00
12 BROOKLYN,Root/Sewer/Sidewalk Condition,2,2026-09-13T00:00:00.000,2026-09-16T21:27:18.235405+00:00
12 BROOKLYN,Street Light Condition,2,2026-09-13T00:00:00.000,2026-09-16T21:27:18.235405+00:00
12 BROOKLYN,Street Sign - Missing,2,2026-09-13T00:00:00.000,2026-09-16T21:27:18.235405+00:00
08 MANHATTAN,Consumer Complaint,2,2026-09-13T00:00:00.000,2026-09-16T21:27:18.235405+00:00
04 MANHATTAN,Building/Use,2,2026-09-13T00:00:00.000,2026-09-16T21:27:18.235405+00:00
12 BROOKLYN,Vendor Enforcement,2,2026-09-13T00:00:00.000,2026-09-16T21:27:18.235405+00:00
02 MANHATTAN,Litter Basket Request,2,2026-09-13T00:00:00.000,2026-09-16T21:27:18.235405+00:00
02 MANHATTAN,Maintenance or Facility,2,2026-09-13T00:00:00.000,2026-09-16T21:27:18.235405+00:00
02 MANHATTAN,Outdoor Dining,2,2026-09-13T00:00:00.000,2026-09-16T21:27:18.235405+00:00
12 BROOKLYN,Consumer Complaint,2,2026-09-13T00:00:00.000,2026-09-16T21:27:18.235405+00:00
08 MANHATTAN,Illegal Dumping,2,2026-09-13T00:00:00.000,2026-09-16T21:27:18.235405+00:00
08 MANHATTAN,Illegal Tree Damage,2,2026-09-13T00:00:00.000,2026-09-16T21:27:18.235405+00:00
08 MANHATTAN,Indoor Air Quality,2,2026-09-13T00:00:00.000,2026-09-16T21:27:18.235405+00:00
12 BROOKLYN,Homeless Person Assistance,2,2026-09-13T00:00:00.000,2026-09-16T21:27:18.235405+00:00
01 QUEENS,Curb Condition,2,2026-09-13T00:00:00.000,2026-09-16T21:27:18.235405+00:00
01 QUEENS,Dead/Dying Tree,2,2026-09-13T00:00:00.000,2026-09-16T21:27:18.235405+00:00
01 QUEENS,Encampment,2,2026-09-13T00:00:00.000,2026-09-16T21:27:18.235405+00:00
01 QUEENS,FLOORING/STAIRS,2,2026-09-13T00:00:00.000,2026-09-16T21:27:18.235405+00:00
15 BROOKLYN,HEAT/HOT WATER,2,2026-09-13T00:00:00.000,2026-09-16T21:27:18.235405+00:00
15 BROOKLYN,Homeless Person Assistance,2,2026-09-13T00:00:00.000,2026-09-16T21:27:18.235405+00:00
15 BROOKLYN,Industrial Waste,2,2026-09-13T00:00:00.000,2026-09-16T21:27:18.235405+00:00
15 BROOKLYN,Noise - Commercial,2,2026-09-13T00:00:00.000,2026-09-16T21:27:18.235405+00:00
15 BROOKLYN,Noise - Vehicle,2,2026-09-13T00:00:00.000,2026-09-16T21:27:18.235405+00:00
15 BROOKLYN,Non-Emergency Police Matter,2,2026-09-13T00:00:00.000,2026-09-16T21:27:18.235405+00:00
15 BROOKLYN,PAINT/PLASTER,2,2026-09-13T00:00:00.000,2026-09-16T21:27:18.235405+00:00
08 MANHATTAN,Real Time Enforcement,2,2026-09-13T00:00:00.000,2026-09-16T21:27:18.235405+00:00
08 MANHATTAN,Residential Disposal Complaint,2,2026-09-13T00:00:00.000,2026-09-16T21:27:18.235405+00:00
08 MANHATTAN,Sewer Maintenance,2,2026-09-13T00:00:00.000,2026-09-16T21:27:18.235405+00:00
08 MANHATTAN,Smoking or Vaping,2,2026-09-13T00:00:00.000,2026-09-16T21:27:18.235405+00:00
08 MANHATTAN,Standing Water,2,2026-09-13T00:00:00.000,2026-09-16T21:27:18.235405+00:00
08 MANHATTAN,Unsanitary Pigeon Condition,2,2026-09-13T00:00:00.000,2026-09-16T21:27:18.235405+00:00
05 MANHATTAN,Blocked Driveway,2,2026-09-13T00:00:00.000,2026-09-16T21:27:18.235405+00:00
16 BROOKLYN,Dirty Condition,2,2026-09-13T00:00:00.000,2026-09-16T21:27:18.235405+00:00
16 BROOKLYN,Dumpster Complaint,2,2026-09-13T00:00:00.000,2026-09-16T21:27:18.235405+00:00
16 BROOKLYN,ELECTRIC,2,2026-09-13T00:00:00.000,2026-09-16T21:27:18.235405+00:00
16 BROOKLYN,ELEVATOR,2,2026-09-13T00:00:00.000,2026-09-16T21:27:18.235405+00:00
05 MANHATTAN,GENERAL,2,2026-09-13T00:00:00.000,2026-09-16T21:27:18.235405+00:00
07 BRONX,Street Condition,2,2026-09-13T00:00:00.000,2026-09-16T21:27:18.235405+00:00
12 BROOKLYN,Abandoned Vehicle,2,2026-09-13T00:00:00.000,2026-09-16T21:27:18.235405+00:00
12 BROOKLYN,Building/Use,2,2026-09-13T00:00:00.000,2026-09-16T21:27:18.235405+00:00
12 BROOKLYN,Commercial Disposal Complaint,2,2026-09-13T00:00:00.000,2026-09-16T21:27:18.235405+00:00
07 BROOKLYN,APPLIANCE,2,2026-09-13T00:00:00.000,2026-09-16T21:27:18.235405+00:00
07 BRONX,Maintenance or Facility,2,2026-09-13T00:00:00.000,2026-09-16T21:27:18.235405+00:00
07 BRONX,Noise,2,2026-09-13T00:00:00.000,2026-09-16T21:27:18.235405+00:00
05 MANHATTAN,PAINT/PLASTER,2,2026-09-13T00:00:00.000,2026-09-16T21:27:18.235405+00:00
05 MANHATTAN,Rodent,2,2026-09-13T00:00:00.000,2026-09-16T21:27:18.235405+00:00
16 BROOKLYN,Homeless Person Assistance,2,2026-09-13T00:00:00.000,2026-09-16T21:27:18.235405+00:00
16 BROOKLYN,Illegal Dumping,2,2026-09-13T00:00:00.000,2026-09-16T21:27:18.235405+00:00
16 BROOKLYN,Illegal Posting,2,2026-09-13T00:00:00.000,2026-09-16T21:27:18.235405+00:00
16 BROOKLYN,Indoor Air Quality,2,2026-09-13T00:00:00.000,2026-09-16T21:27:18.235405+00:00
04 BROOKLYN,Sidewalk Condition,2,2026-09-13T00:00:00.000,2026-09-16T21:27:18.235405+00:00
04 BROOKLYN,Smoking or Vaping,2,2026-09-13T00:00:00.000,2026-09-16T21:27:18.235405+00:00
02 QUEENS,FLOORING/STAIRS,2,2026-09-13T00:00:00.000,2026-09-16T21:27:18.235405+00:00
02 QUEENS,For Hire Vehicle Complaint,2,2026-09-13T00:00:00.000,2026-09-16T21:27:18.235405+00:00
02 QUEENS,GENERAL,2,2026-09-13T00:00:00.000,2026-09-16T21:27:18.235405+00:00
02 QUEENS,Lead,2,2026-09-13T00:00:00.000,2026-09-16T21:27:18.235405+00:00
08 MANHATTAN,Overgrown Tree/Branches,2,2026-09-13T00:00:00.000,2026-09-16T21:27:18.235405+00:00
02 STATEN ISLAND,Day Care,2,2026-09-13T00:00:00.000,2026-09-16T21:27:18.235405+00:00
08 QUEENS,DOOR/WINDOW,2,2026-09-13T00:00:00.000,2026-09-16T21:27:18.235405+00:00
08 QUEENS,Dead/Dying Tree,2,2026-09-13T00:00:00.000,2026-09-16T21:27:18.235405+00:00
08 QUEENS,ELECTRIC,2,2026-09-13T00:00:00.000,2026-09-16T21:27:18.235405+00:00
04 BROOKLYN,Graffiti,2,2026-09-13T00:00:00.000,2026-09-16T21:27:18.235405+00:00
04 BROOKLYN,Lead,2,2026-09-13T00:00:00.000,2026-09-16T21:27:18.235405+00:00
04 BROOKLYN,Missed Collection,2,2026-09-13T00:00:00.000,2026-09-16T21:27:18.235405+00:00
12 BRONX,Curb Condition,2,2026-09-13T00:00:00.000,2026-09-16T21:27:18.235405+00:00
12 BRONX,ELECTRIC,2,2026-09-13T00:00:00.000,2026-09-16T21:27:18.235405+00:00
02 QUEENS,Overgrown Tree/Branches,2,2026-09-13T00:00:00.000,2026-09-16T21:27:18.235405+00:00
02 QUEENS,Residential Disposal Complaint,2,2026-09-13T00:00:00.000,2026-09-16T21:27:18.235405+00:00
12 BRONX,Residential Disposal Complaint,2,2026-09-13T00:00:00.000,2026-09-16T21:27:18.235405+00:00
12 BRONX,Rodent,2,2026-09-13T00:00:00.000,2026-09-16T21:27:18.235405+00:00
12 BRONX,Root/Sewer/Sidewalk Condition,2,2026-09-13T00:00:00.000,2026-09-16T21:27:18.235405+00:00
04 BROOKLYN,Obstruction,2,2026-09-13T00:00:00.000,2026-09-16T21:27:18.235405+00:00
07 BRONX,Water Maintenance,2,2026-09-13T00:00:00.000,2026-09-16T21:27:18.235405+00:00
07 BRONX,For Hire Vehicle Complaint,2,2026-09-13T00:00:00.000,2026-09-16T21:27:18.235405+00:00
07 BRONX,GENERAL,2,2026-09-13T00:00:00.000,2026-09-16T21:27:18.235405+00:00
07 BRONX,General Construction/Plumbing,2,2026-09-13T00:00:00.000,2026-09-16T21:27:18.235405+00:00
01 MANHATTAN,HEAT/HOT WATER,2,2026-09-13T00:00:00.000,2026-09-16T21:27:18.235405+00:00
08 QUEENS,PLUMBING,2,2026-09-13T00:00:00.000,2026-09-16T21:27:18.235405+00:00
08 QUEENS,Root/Sewer/Sidewalk Condition,2,2026-09-13T00:00:00.000,2026-09-16T21:27:18.235405+00:00
08 QUEENS,Traffic Signal Condition,2,2026-09-13T00:00:00.000,2026-09-16T21:27:18.235405+00:00
11 QUEENS,Illegal Dumping,2,2026-09-13T00:00:00.000,2026-09-16T21:27:18.235405+00:00
11 QUEENS,Root/Sewer/Sidewalk Condition,2,2026-09-13T00:00:00.000,2026-09-16T21:27:18.235405+00:00
08 QUEENS,HEAT/HOT WATER,2,2026-09-13T00:00:00.000,2026-09-16T21:27:18.235405+00:00
08 QUEENS,Noise,2,2026-09-13T00:00:00.000,2026-09-16T21:27:18.235405+00:00
11 QUEENS,WATER LEAK,2,2026-09-13T00:00:00.000,2026-09-16T21:27:18.235405+00:00
02 QUEENS,Street Light Condition,2,2026-09-13T00:00:00.000,2026-09-16T21:27:18.235405+00:00
02 STATEN ISLAND,Bike/Roller/Skate,2,2026-09-13T00:00:00.000,2026-09-16T21:27:18.235405+00:00
02 STATEN ISLAND,Building/Use,2,2026-09-13T00:00:00.000,2026-09-16T21:27:18.235405+00:00
02 STATEN ISLAND,Damaged Tree,2,2026-09-13T00:00:00.000,2026-09-16T21:27:18.235405+00:00
02 STATEN ISLAND,General Construction/Plumbing,2,2026-09-13T00:00:00.000,2026-09-16T21:27:18.235405+00:00
02 STATEN ISLAND,Illegal Dumping,2,2026-09-13T00:00:00.000,2026-09-16T21:27:18.235405+00:00
11 QUEENS,Food Establishment,2,2026-09-13T00:00:00.000,2026-09-16T21:27:18.235405+00:00
04 BROOKLYN,Food Establishment,2,2026-09-13T00:00:00.000,2026-09-16T21:27:18.235405+00:00
08 QUEENS,Noise - House of Worship,2,2026-09-13T00:00:00.000,2026-09-16T21:27:18.235405+00:00
08 QUEENS,Overgrown Tree/Branches,2,2026-09-13T00:00:00.000,2026-09-16T21:27:18.235405+00:00
16 BROOKLYN,Noise - Vehicle,2,2026-09-13T00:00:00.000,2026-09-16T21:27:18.235405+00:00
01 BROOKLYN,Unsanitary Animal Pvt Property,2,2026-09-13T00:00:00.000,2026-09-16T21:27:18.235405+00:00
01 BROOKLYN,Unsanitary Pigeon Condition,2,2026-09-13T00:00:00.000,2026-09-16T21:27:18.235405+00:00
01 BROOKLYN,Vendor Enforcement,2,2026-09-13T00:00:00.000,2026-09-16T21:27:18.235405+00:00
01 BROOKLYN,WATER LEAK,2,2026-09-13T00:00:00.000,2026-09-16T21:27:18.235405+00:00
01 MANHATTAN,Blocked Driveway,2,2026-09-13T00:00:00.000,2026-09-16T21:27:18.235405+00:00
06 QUEENS,Water Maintenance,2,2026-09-13T00:00:00.000,2026-09-16T21:27:18.235405+00:00
07 BRONX,Animal-Abuse,2,2026-09-13T00:00:00.000,2026-09-16T21:27:18.235405+00:00
07 BRONX,Dirty Condition,2,2026-09-13T00:00:00.000,2026-09-16T21:27:18.235405+00:00
07 BRONX,Drinking,2,2026-09-13T00:00:00.000,2026-09-16T21:27:18.235405+00:00
04 BROOKLYN,Animal in a Park,2,2026-09-13T00:00:00.000,2026-09-16T21:27:18.235405+00:00
11 MANHATTAN,Panhandling,2,2026-09-13T00:00:00.000,2026-09-16T21:27:18.235405+00:00
11 MANHATTAN,SAFETY,2,2026-09-13T00:00:00.000,2026-09-16T21:27:18.235405+00:00
16 BROOKLYN,Residential Disposal Complaint,2,2026-09-13T00:00:00.000,2026-09-16T21:27:18.235405+00:00
16 BROOKLYN,Rodent,2,2026-09-13T00:00:00.000,2026-09-16T21:27:18.235405+00:00
16 BROOKLYN,Water Maintenance,2,2026-09-13T00:00:00.000,2026-09-16T21:27:18.235405+00:00
01 BROOKLYN,PLUMBING,2,2026-09-13T00:00:00.000,2026-09-16T21:27:18.235405+00:00
06 QUEENS,Sidewalk Condition,2,2026-09-13T00:00:00.000,2026-09-16T21:27:18.235405+00:00
05 MANHATTAN,WATER LEAK,2,2026-09-13T00:00:00.000,2026-09-16T21:27:18.235405+00:00
05 QUEENS,Animal-Abuse,2,2026-09-13T00:00:00.000,2026-09-16T21:27:18.235405+00:00
05 QUEENS,Curb Condition,2,2026-09-13T00:00:00.000,2026-09-16T21:27:18.235405+00:00
11 MANHATTAN,Unsanitary Animal Pvt Property,2,2026-09-13T00:00:00.000,2026-09-16T21:27:18.235405+00:00
11 QUEENS,Dead Animal,2,2026-09-13T00:00:00.000,2026-09-16T21:27:18.235405+00:00
11 QUEENS,Derelict Vehicles,2,2026-09-13T00:00:00.000,2026-09-16T21:27:18.235405+00:00
02 STATEN ISLAND,Food Establishment,2,2026-09-13T00:00:00.000,2026-09-16T21:27:18.235405+00:00
02 STATEN ISLAND,GENERAL,2,2026-09-13T00:00:00.000,2026-09-16T21:27:18.235405+00:00
04 BRONX,Noise,2,2026-09-13T00:00:00.000,2026-09-16T21:27:18.235405+00:00
02 STATEN ISLAND,Maintenance or Facility,2,2026-09-13T00:00:00.000,2026-09-16T21:27:18.235405+00:00
01 BROOKLYN,Taxi Complaint,2,2026-09-13T00:00:00.000,2026-09-16T21:27:18.235405+00:00
17 BROOKLYN,Derelict Vehicles,2,2026-09-13T00:00:00.000,2026-09-16T21:27:18.235405+00:00
06 QUEENS,Illegal Dumping,2,2026-09-13T00:00:00.000,2026-09-16T21:27:18.235405+00:00
06 QUEENS,Lead,2,2026-09-13T00:00:00.000,2026-09-16T21:27:18.235405+00:00
06 QUEENS,PAINT/PLASTER,2,2026-09-13T00:00:00.000,2026-09-16T21:27:18.235405+00:00
06 QUEENS,Sewer Maintenance,2,2026-09-13T00:00:00.000,2026-09-16T21:27:18.235405+00:00
01 BROOKLYN,Noise - Park,2,2026-09-13T00:00:00.000,2026-09-16T21:27:18.235405+00:00
01 BROOKLYN,Non-Emergency Police Matter,2,2026-09-13T00:00:00.000,2026-09-16T21:27:18.235405+00:00
02 STATEN ISLAND,Noise,2,2026-09-13T00:00:00.000,2026-09-16T21:27:18.235405+00:00
02 STATEN ISLAND,Noise - Street/Sidewalk,2,2026-09-13T00:00:00.000,2026-09-16T21:27:18.235405+00:00
11 MANHATTAN,Noise - Park,2,2026-09-13T00:00:00.000,2026-09-16T21:27:18.235405+00:00
09 BRONX,APPLIANCE,2,2026-09-13T00:00:00.000,2026-09-16T21:27:18.235405+00:00
09 BRONX,Building/Use,2,2026-09-13T00:00:00.000,2026-09-16T21:27:18.235405+00:00
04 BRONX,Traffic Signal Condition,2,2026-09-13T00:00:00.000,2026-09-16T21:27:18.235405+00:00
11 BROOKLYN,PLUMBING,2,2026-09-13T00:00:00.000,2026-09-16T21:27:18.235405+00:00
11 BROOKLYN,Real Time Enforcement,2,2026-09-13T00:00:00.000,2026-09-16T21:27:18.235405+00:00
11 BROOKLYN,Residential Disposal Complaint,2,2026-09-13T00:00:00.000,2026-09-16T21:27:18.235405+00:00
11 BROOKLYN,Rodent,2,2026-09-13T00:00:00.000,2026-09-16T21:27:18.235405+00:00
11 BROOKLYN,Unsanitary Animal Pvt Property,2,2026-09-13T00:00:00.000,2026-09-16T21:27:18.235405+00:00
09 BRONX,Homeless Person Assistance,2,2026-09-13T00:00:00.000,2026-09-16T21:27:18.235405+00:00
04 BRONX,Drinking,2,2026-09-13T00:00:00.000,2026-09-16T21:27:18.235405+00:00
04 BRONX,General Construction/Plumbing,2,2026-09-13T00:00:00.000,2026-09-16T21:27:18.235405+00:00
04 BRONX,Homeless Person Assistance,2,2026-09-13T00:00:00.000,2026-09-16T21:27:18.235405+00:00
11 MANHATTAN,Air Quality,2,2026-09-13T00:00:00.000,2026-09-16T21:27:18.235405+00:00
11 MANHATTAN,Elevator,2,2026-09-13T00:00:00.000,2026-09-16T21:27:18.235405+00:00
11 MANHATTAN,Hazardous Material,2,2026-09-13T00:00:00.000,2026-09-16T21:27:18.235405+00:00
04 BROOKLYN,Bike/Roller/Skate,2,2026-09-13T00:00:00.000,2026-09-16T21:27:18.235405+00:00
04 BROOKLYN,Consumer Complaint,2,2026-09-13T00:00:00.000,2026-09-16T21:27:18.235405+00:00
09 BRONX,General Construction/Plumbing,2,2026-09-13T00:00:00.000,2026-09-16T21:27:18.235405+00:00
09 BRONX,Graffiti,2,2026-09-13T00:00:00.000,2026-09-16T21:27:18.235405+00:00
11 BROOKLYN,Litter Basket Complaint,2,2026-09-13T00:00:00.000,2026-09-16T21:27:18.235405+00:00
11 BROOKLYN,Maintenance or Facility,2,2026-09-13T00:00:00.000,2026-09-16T21:27:18.235405+00:00
11 BROOKLYN,Mobile Food Vendor,2,2026-09-13T00:00:00.000,2026-09-16T21:27:18.235405+00:00
11 BROOKLYN,New Tree Request,2,2026-09-13T00:00:00.000,2026-09-16T21:27:18.235405+00:00
11 BROOKLYN,Noise - Commercial,2,2026-09-13T00:00:00.000,2026-09-16T21:27:18.235405+00:00
02 STATEN ISLAND,Street Sign - Missing,2,2026-09-13T00:00:00.000,2026-09-16T21:27:18.235405+00:00
04 BRONX,Indoor Air Quality,2,2026-09-13T00:00:00.000,2026-09-16T21:27:18.235405+00:00
09 BRONX,Residential Disposal Complaint,2,2026-09-13T00:00:00.000,2026-09-16T21:27:18.235405+00:00
09 BRONX,Street Sweeping Complaint,2,2026-09-13T00:00:00.000,2026-09-16T21:27:18.235405+00:00
09 BRONX,Traffic Signal Condition,2,2026-09-13T00:00:00.000,2026-09-16T21:27:18.235405+00:00
09 BROOKLYN,APPLIANCE,2,2026-09-13T00:00:00.000,2026-09-16T21:27:18.235405+00:00
03 STATEN ISLAND,Traffic Signal Condition,2,2026-09-13T00:00:00.000,2026-09-16T21:27:18.235405+00:00
04 BRONX,Building/Use,2,2026-09-13T00:00:00.000,2026-09-16T21:27:18.235405+00:00
03 BRONX,Abandoned Vehicle,2,2026-09-13T00:00:00.000,2026-09-16T21:27:18.235405+00:00
03 BRONX,Building/Use,2,2026-09-13T00:00:00.000,2026-09-16T21:27:18.235405+00:00
11 BROOKLYN,PAINT/PLASTER,2,2026-09-13T00:00:00.000,2026-09-16T21:27:18.235405+00:00
09 BROOKLYN,Dumpster Complaint,2,2026-09-13T00:00:00.000,2026-09-16T21:27:18.235405+00:00
03 STATEN ISLAND,Residential Disposal Complaint,2,2026-09-13T00:00:00.000,2026-09-16T21:27:18.235405+00:00
17 BROOKLYN,Mosquitoes,2,2026-09-13T00:00:00.000,2026-09-16T21:27:18.235405+00:00
17 BROOKLYN,Noise,2,2026-09-13T00:00:00.000,2026-09-16T21:27:18.235405+00:00
01 BROOKLYN,ELECTRIC,2,2026-09-13T00:00:00.000,2026-09-16T21:27:18.235405+00:00
01 BROOKLYN,Elevator,2,2026-09-13T00:00:00.000,2026-09-16T21:27:18.235405+00:00
01 BROOKLYN,FLOORING/STAIRS,2,2026-09-13T00:00:00.000,2026-09-16T21:27:18.235405+00:00
01 BROOKLYN,GENERAL,2,2026-09-13T00:00:00.000,2026-09-16T21:27:18.235405+00:00
01 BROOKLYN,General Construction/Plumbing,2,2026-09-13T00:00:00.000,2026-09-16T21:27:18.235405+00:00
01 BROOKLYN,Graffiti,2,2026-09-13T00:00:00.000,2026-09-16T21:27:18.235405+00:00
01 BROOKLYN,Illegal Fireworks,2,2026-09-13T00:00:00.000,2026-09-16T21:27:18.235405+00:00
17 BROOKLYN,Rodent,2,2026-09-13T00:00:00.000,2026-09-16T21:27:18.235405+00:00
17 BROOKLYN,Sewer Maintenance,2,2026-09-13T00:00:00.000,2026-09-16T21:27:18.235405+00:00
05 QUEENS,ELECTRIC,2,2026-09-13T00:00:00.000,2026-09-16T21:27:18.235405+00:00
05 QUEENS,Food Establishment,2,2026-09-13T00:00:00.000,2026-09-16T21:27:18.235405+00:00
11 BROOKLYN,Indoor Air Quality,2,2026-09-13T00:00:00.000,2026-09-16T21:27:18.235405+00:00
11 BRONX,Traffic Signal Condition,2,2026-09-13T00:00:00.000,2026-09-16T21:27:18.235405+00:00
11 BROOKLYN,Abandoned Vehicle,2,2026-09-13T00:00:00.000,2026-09-16T21:27:18.235405+00:00
11 BROOKLYN,Building/Use,2,2026-09-13T00:00:00.000,2026-09-16T21:27:18.235405+00:00
11 BROOKLYN,Consumer Complaint,2,2026-09-13T00:00:00.000,2026-09-16T21:27:18.235405+00:00
11 BROOKLYN,Dead Animal,2,2026-09-13T00:00:00.000,2026-09-16T21:27:18.235405+00:00
11 BROOKLYN,Dead/Dying Tree,2,2026-09-13T00:00:00.000,2026-09-16T21:27:18.235405+00:00
11 BROOKLYN,ELECTRIC,2,2026-09-13T00:00:00.000,2026-09-16T21:27:18.235405+00:00
03 STATEN ISLAND,Street Sign - Missing,2,2026-09-13T00:00:00.000,2026-09-16T21:27:18.235405+00:00
03 BRONX,Drug Activity,2,2026-09-13T00:00:00.000,2026-09-16T21:27:18.235405+00:00
03 BRONX,ELECTRIC,2,2026-09-13T00:00:00.000,2026-09-16T21:27:18.235405+00:00
03 BRONX,Encampment,2,2026-09-13T00:00:00.000,2026-09-16T21:27:18.235405+00:00
03 BRONX,Food Establishment,2,2026-09-13T00:00:00.000,2026-09-16T21:27:18.235405+00:00
03 BRONX,GENERAL,2,2026-09-13T00:00:00.000,2026-09-16T21:27:18.235405+00:00
03 BRONX,General Construction/Plumbing,2,2026-09-13T00:00:00.000,2026-09-16T21:27:18.235405+00:00
09 BROOKLYN,Abandoned Vehicle,2,2026-09-13T00:00:00.000,2026-09-16T21:27:18.235405+00:00
09 BROOKLYN,Animal-Abuse,2,2026-09-13T00:00:00.000,2026-09-16T21:27:18.235405+00:00
09 MANHATTAN,Consumer Complaint,2,2026-09-13T00:00:00.000,2026-09-16T21:27:18.235405+00:00
03 STATEN ISLAND,Derelict Vehicles,2,2026-09-13T00:00:00.000,2026-09-16T21:27:18.235405+00:00
03 STATEN ISLAND,ELECTRIC,2,2026-09-13T00:00:00.000,2026-09-16T21:27:18.235405+00:00
11 BRONX,ELEVATOR,2,2026-09-13T00:00:00.000,2026-09-16T21:27:18.235405+00:00
11 BRONX,Illegal Dumping,2,2026-09-13T00:00:00.000,2026-09-16T21:27:18.235405+00:00
03 BRONX,Indoor Air Quality,2,2026-09-13T00:00:00.000,2026-09-16T21:27:18.235405+00:00
03 BRONX,Sidewalk Condition,2,2026-09-13T00:00:00.000,2026-09-16T21:27:18.235405+00:00
11 BRONX,Non-Emergency Police Matter,2,2026-09-13T00:00:00.000,2026-09-16T21:27:18.235405+00:00
09 BROOKLYN,Street Light Condition,2,2026-09-13T00:00:00.000,2026-09-16T21:27:18.235405+00:00
03 STATEN ISLAND,Noise,2,2026-09-13T00:00:00.000,2026-09-16T21:27:18.235405+00:00
03 STATEN ISLAND,Noise - House of Worship,2,2026-09-13T00:00:00.000,2026-09-16T21:27:18.235405+00:00
11 BRONX,Overgrown Tree/Branches,2,2026-09-13T00:00:00.000,2026-09-16T21:27:18.235405+00:00
11 BRONX,SAFETY,2,2026-09-13T00:00:00.000,2026-09-16T21:27:18.235405+00:00
11 BRONX,Sewer Maintenance,2,2026-09-13T00:00:00.000,2026-09-16T21:27:18.235405+00:00
11 BRONX,Street Sign - Damaged,2,2026-09-13T00:00:00.000,2026-09-16T21:27:18.235405+00:00
11 BRONX,Street Sign - Dangling,2,2026-09-13T00:00:00.000,2026-09-16T21:27:18.235405+00:00
09 BROOKLYN,Vendor Enforcement,2,2026-09-13T00:00:00.000,2026-09-16T21:27:18.235405+00:00
09 BROOKLYN,Water Maintenance,2,2026-09-13T00:00:00.000,2026-09-16T21:27:18.235405+00:00
09 MANHATTAN,Animal-Abuse,2,2026-09-13T00:00:00.000,2026-09-16T21:27:18.235405+00:00
09 MANHATTAN,Blocked Driveway,2,2026-09-13T00:00:00.000,2026-09-16T21:27:18.235405+00:00
05 QUEENS,Illegal Tree Damage,2,2026-09-13T00:00:00.000,2026-09-16T21:27:18.235405+00:00
18 BROOKLYN,Building/Use,2,2026-09-13T00:00:00.000,2026-09-16T21:27:18.235405+00:00
18 BROOKLYN,Cannabis Retailer,2,2026-09-13T00:00:00.000,2026-09-16T21:27:18.235405+00:00
01 BROOKLYN,Building/Use,2,2026-09-13T00:00:00.000,2026-09-16T21:27:18.235405+00:00
01 BROOKLYN,Consumer Complaint,2,2026-09-13T00:00:00.000,2026-09-16T21:27:18.235405+00:00
06 MANHATTAN,Sewer Maintenance,2,2026-09-13T00:00:00.000,2026-09-16T21:27:18.235405+00:00
06 MANHATTAN,Smoking or Vaping,2,2026-09-13T00:00:00.000,2026-09-16T21:27:18.235405+00:00
06 MANHATTAN,Taxi Complaint,2,2026-09-13T00:00:00.000,2026-09-16T21:27:18.235405+00:00
06 MANHATTAN,Traffic Signal Condition,2,2026-09-13T00:00:00.000,2026-09-16T21:27:18.235405+00:00
06 MANHATTAN,WATER LEAK,2,2026-09-13T00:00:00.000,2026-09-16T21:27:18.235405+00:00
06 QUEENS,Consumer Complaint,2,2026-09-13T00:00:00.000,2026-09-16T21:27:18.235405+00:00
01 BROOKLYN,Drug Activity,2,2026-09-13T00:00:00.000,2026-09-16T21:27:18.235405+00:00
01 BRONX,Rodent,2,2026-09-13T00:00:00.000,2026-09-16T21:27:18.235405+00:00
10 QUEENS,WATER LEAK,2,2026-09-13T00:00:00.000,2026-09-16T21:27:18.235405+00:00
03 STATEN ISLAND,Graffiti,2,2026-09-13T00:00:00.000,2026-09-16T21:27:18.235405+00:00
03 STATEN ISLAND,HEAT/HOT WATER,2,2026-09-13T00:00:00.000,2026-09-16T21:27:18.235405+00:00
09 MANHATTAN,General Construction/Plumbing,2,2026-09-13T00:00:00.000,2026-09-16T21:27:18.235405+00:00
09 MANHATTAN,Illegal Dumping,2,2026-09-13T00:00:00.000,2026-09-16T21:27:18.235405+00:00
09 MANHATTAN,Missed Collection,2,2026-09-13T00:00:00.000,2026-09-16T21:27:18.235405+00:00
09 MANHATTAN,Non-Emergency Police Matter,2,2026-09-13T00:00:00.000,2026-09-16T21:27:18.235405+00:00
03 QUEENS,Traffic Signal Condition,2,2026-09-13T00:00:00.000,2026-09-16T21:27:18.235405+00:00
11 BRONX,Air Quality,2,2026-09-13T00:00:00.000,2026-09-16T21:27:18.235405+00:00
11 BRONX,Consumer Complaint,2,2026-09-13T00:00:00.000,2026-09-16T21:27:18.235405+00:00
11 BRONX,Curb Condition,2,2026-09-13T00:00:00.000,2026-09-16T21:27:18.235405+00:00
03 BRONX,Traffic Signal Condition,2,2026-09-13T00:00:00.000,2026-09-16T21:27:18.235405+00:00
03 BRONX,Unsanitary Animal Pvt Property,2,2026-09-13T00:00:00.000,2026-09-16T21:27:18.235405+00:00
03 BROOKLYN,Air Quality,2,2026-09-13T00:00:00.000,2026-09-16T21:27:18.235405+00:00
03 STATEN ISLAND,Non-Emergency Police Matter,2,2026-09-13T00:00:00.000,2026-09-16T21:27:18.235405+00:00
03 BROOKLYN,FLOORING/STAIRS,2,2026-09-13T00:00:00.000,2026-09-16T21:27:18.235405+00:00
03 BROOKLYN,Food Establishment,2,2026-09-13T00:00:00.000,2026-09-16T21:27:18.235405+00:00
03 STATEN ISLAND,Air Quality,2,2026-09-13T00:00:00.000,2026-09-16T21:27:18.235405+00:00
03 STATEN ISLAND,DOOR/WINDOW,2,2026-09-13T00:00:00.000,2026-09-16T21:27:18.235405+00:00
09 MANHATTAN,Street Condition,2,2026-09-13T00:00:00.000,2026-09-16T21:27:18.235405+00:00
09 QUEENS,APPLIANCE,2,2026-09-13T00:00:00.000,2026-09-16T21:27:18.235405+00:00
18 BROOKLYN,Food Poisoning,2,2026-09-13T00:00:00.000,2026-09-16T21:27:18.235405+00:00
18 BROOKLYN,GENERAL,2,2026-09-13T00:00:00.000,2026-09-16T21:27:18.235405+00:00
18 BROOKLYN,Missed Collection,2,2026-09-13T00:00:00.000,2026-09-16T21:27:18.235405+00:00
06 MANHATTAN,Residential Disposal Complaint,2,2026-09-13T00:00:00.000,2026-09-16T21:27:18.235405+00:00
05 QUEENS,Indoor Air Quality,2,2026-09-13T00:00:00.000,2026-09-16T21:27:18.235405+00:00
05 QUEENS,Litter Basket Complaint,2,2026-09-13T00:00:00.000,2026-09-16T21:27:18.235405+00:00
05 QUEENS,Noise - Vehicle,2,2026-09-13T00:00:00.000,2026-09-16T21:27:18.235405+00:00
05 QUEENS,Non-Emergency Police Matter,2,2026-09-13T00:00:00.000,2026-09-16T21:27:18.235405+00:00
06 MANHATTAN,Rodent,2,2026-09-13T00:00:00.000,2026-09-16T21:27:18.235405+00:00
06 MANHATTAN,SAFETY,2,2026-09-13T00:00:00.000,2026-09-16T21:27:18.235405+00:00
09 QUEENS,Derelict Vehicles,2,2026-09-13T00:00:00.000,2026-09-16T21:27:18.235405+00:00
09 QUEENS,Drinking,2,2026-09-13T00:00:00.000,2026-09-16T21:27:18.235405+00:00
09 QUEENS,Encampment,2,2026-09-13T00:00:00.000,2026-09-16T21:27:18.235405+00:00
09 QUEENS,FLOORING/STAIRS,2,2026-09-13T00:00:00.000,2026-09-16T21:27:18.235405+00:00
09 QUEENS,Hazardous Material,2,2026-09-13T00:00:00.000,2026-09-16T21:27:18.235405+00:00
01 BRONX,Sewer Maintenance,2,2026-09-13T00:00:00.000,2026-09-16T21:27:18.235405+00:00
01 BRONX,Street Sweeping Complaint,2,2026-09-13T00:00:00.000,2026-09-16T21:27:18.235405+00:00
01 BROOKLYN,Air Quality,2,2026-09-13T00:00:00.000,2026-09-16T21:27:18.235405+00:00
18 BROOKLYN,Sidewalk Condition,2,2026-09-13T00:00:00.000,2026-09-16T21:27:18.235405+00:00
06 MANHATTAN,Maintenance or Facility,2,2026-09-13T00:00:00.000,2026-09-16T21:27:18.235405+00:00
06 MANHATTAN,Missed Collection,2,2026-09-13T00:00:00.000,2026-09-16T21:27:18.235405+00:00
09 QUEENS,Homeless Person Assistance,2,2026-09-13T00:00:00.000,2026-09-16T21:27:18.235405+00:00
09 QUEENS,Illegal Posting,2,2026-09-13T00:00:00.000,2026-09-16T21:27:18.235405+00:00
10 QUEENS,PLUMBING,2,2026-09-13T00:00:00.000,2026-09-16T21:27:18.235405+00:00
03 BROOKLYN,Consumer Complaint,2,2026-09-13T00:00:00.000,2026-09-16T21:27:18.235405+00:00
03 BROOKLYN,Dead Animal,2,2026-09-13T00:00:00.000,2026-09-16T21:27:18.235405+00:00
06 MANHATTAN,Air Quality,2,2026-09-13T00:00:00.000,2026-09-16T21:27:18.235405+00:00
03 QUEENS,HEAT/HOT WATER,2,2026-09-13T00:00:00.000,2026-09-16T21:27:18.235405+00:00
03 QUEENS,Illegal Tree Damage,2,2026-09-13T00:00:00.000,2026-09-16T21:27:18.235405+00:00
09 QUEENS,Unleashed Dog,2,2026-09-13T00:00:00.000,2026-09-16T21:27:18.235405+00:00
09 QUEENS,Noise - Commercial,2,2026-09-13T00:00:00.000,2026-09-16T21:27:18.235405+00:00
03 QUEENS,Overgrown Tree/Branches,2,2026-09-13T00:00:00.000,2026-09-16T21:27:18.235405+00:00
03 QUEENS,PLUMBING,2,2026-09-13T00:00:00.000,2026-09-16T21:27:18.235405+00:00
03 QUEENS,Smoking or Vaping,2,2026-09-13T00:00:00.000,2026-09-16T21:27:18.235405+00:00
09 QUEENS,PAINT/PLASTER,2,2026-09-13T00:00:00.000,2026-09-16T21:27:18.235405+00:00
03 BROOKLYN,Missed Collection,2,2026-09-13T00:00:00.000,2026-09-16T21:27:18.235405+00:00
10 QUEENS,Curb Condition,2,2026-09-13T00:00:00.000,2026-09-16T21:27:18.235405+00:00
10 QUEENS,Dead Animal,2,2026-09-13T00:00:00.000,2026-09-16T21:27:18.235405+00:00
10 QUEENS,Food Establishment,2,2026-09-13T00:00:00.000,2026-09-16T21:27:18.235405+00:00
10 QUEENS,GENERAL,2,2026-09-13T00:00:00.000,2026-09-16T21:27:18.235405+00:00
10 QUEENS,HEAT/HOT WATER,2,2026-09-13T00:00:00.000,2026-09-16T21:27:18.235405+00:00
10 QUEENS,Lead,2,2026-09-13T00:00:00.000,2026-09-16T21:27:18.235405+00:00
03 BROOKLYN,Sewer Maintenance,2,2026-09-13T00:00:00.000,2026-09-16T21:27:18.235405+00:00
10 MANHATTAN,Street Condition,2,2026-09-13T00:00:00.000,2026-09-16T21:27:18.235405+00:00
10 MANHATTAN,Water Maintenance,2,2026-09-13T00:00:00.000,2026-09-16T21:27:18.235405+00:00
10 QUEENS,APPLIANCE,2,2026-09-13T00:00:00.000,2026-09-16T21:27:18.235405+00:00
03 BROOKLYN,Homeless Person Assistance,2,2026-09-13T00:00:00.000,2026-09-16T21:27:18.235405+00:00
09 QUEENS,PLUMBING,2,2026-09-13T00:00:00.000,2026-09-16T21:27:18.235405+00:00
18 BROOKLYN,UNSANITARY CONDITION,2,2026-09-13T00:00:00.000,2026-09-16T21:27:18.235405+00:00
18 BROOKLYN,WATER LEAK,2,2026-09-13T00:00:00.000,2026-09-16T21:27:18.235405+00:00
26 BRONX,Illegal Parking,2,2026-09-13T00:00:00.000,2026-09-16T21:27:18.235405+00:00
26 BRONX,Noise - Park,2,2026-09-13T00:00:00.000,2026-09-16T21:27:18.235405+00:00
27 BRONX,Street Light Condition,2,2026-09-13T00:00:00.000,2026-09-16T21:27:18.235405+00:00
55 BROOKLYN,Illegal Parking,2,2026-09-13T00:00:00.000,2026-09-16T21:27:18.235405+00:00
55 BROOKLYN,Maintenance or Facility,2,2026-09-13T00:00:00.000,2026-09-16T21:27:18.235405+00:00
64 MANHATTAN,Lost Property,2,2026-09-13T00:00:00.000,2026-09-16T21:27:18.235405+00:00
80 QUEENS,Lost Property,2,2026-09-13T00:00:00.000,2026-09-16T21:27:18.235405+00:00
06 MANHATTAN,APPLIANCE,2,2026-09-13T00:00:00.000,2026-09-16T21:27:18.235405+00:00
10 BRONX,ELECTRIC,2,2026-09-13T00:00:00.000,2026-09-16T21:27:18.235405+00:00
10 BRONX,General Construction/Plumbing,2,2026-09-13T00:00:00.000,2026-09-16T21:27:18.235405+00:00
06 MANHATTAN,Blocked Driveway,2,2026-09-13T00:00:00.000,2026-09-16T21:27:18.235405+00:00
06 MANHATTAN,FLOORING/STAIRS,2,2026-09-13T00:00:00.000,2026-09-16T21:27:18.235405+00:00
06 BROOKLYN,Residential Disposal Complaint,2,2026-09-13T00:00:00.000,2026-09-16T21:27:18.235405+00:00
06 BROOKLYN,SAFETY,2,2026-09-13T00:00:00.000,2026-09-16T21:27:18.235405+00:00
06 BROOKLYN,Smoking or Vaping,2,2026-09-13T00:00:00.000,2026-09-16T21:27:18.235405+00:00
06 BROOKLYN,Street Sweeping Complaint,2,2026-09-13T00:00:00.000,2026-09-16T21:27:18.235405+00:00
05 QUEENS,Street Sign - Missing,2,2026-09-13T00:00:00.000,2026-09-16T21:27:18.235405+00:00
Unspecified BRONX,Broken Parking Meter,2,2026-09-13T00:00:00.000,2026-09-16T21:27:18.235405+00:00
Unspecified BRONX,Graffiti,2,2026-09-13T00:00:00.000,2026-09-16T21:27:18.235405+00:00
10 MANHATTAN,Obstruction,2,2026-09-13T00:00:00.000,2026-09-16T21:27:18.235405+00:00
03 BROOKLYN,Non-Emergency Police Matter,2,2026-09-13T00:00:00.000,2026-09-16T21:27:18.235405+00:00
03 BROOKLYN,Obstruction,2,2026-09-13T00:00:00.000,2026-09-16T21:27:18.235405+00:00
03 BROOKLYN,Overgrown Tree/Branches,2,2026-09-13T00:00:00.000,2026-09-16T21:27:18.235405+00:00
03 BROOKLYN,Root/Sewer/Sidewalk Condition,2,2026-09-13T00:00:00.000,2026-09-16T21:27:18.235405+00:00
Unspecified BRONX,Illegal Dumping,2,2026-09-13T00:00:00.000,2026-09-16T21:27:18.235405+00:00
Unspecified BRONX,Noise - Street/Sidewalk,2,2026-09-13T00:00:00.000,2026-09-16T21:27:18.235405+00:00
Unspecified BRONX,Noise - Vehicle,2,2026-09-13T00:00:00.000,2026-09-16T21:27:18.235405+00:00
Unspecified BRONX,Overgrown Tree/Branches,2,2026-09-13T00:00:00.000,2026-09-16T21:27:18.235405+00:00
Unspecified BRONX,Street Condition,2,2026-09-13T00:00:00.000,2026-09-16T21:27:18.235405+00:00
01 BRONX,Homeless Person Assistance,2,2026-09-13T00:00:00.000,2026-09-16T21:27:18.235405+00:00
01 BRONX,Maintenance or Facility,2,2026-09-13T00:00:00.000,2026-09-16T21:27:18.235405+00:00
06 BROOKLYN,General Construction/Plumbing,2,2026-09-13T00:00:00.000,2026-09-16T21:27:18.235405+00:00
06 BROOKLYN,Noise - Park,2,2026-09-13T00:00:00.000,2026-09-16T21:27:18.235405+00:00
05 QUEENS,WATER LEAK,2,2026-09-13T00:00:00.000,2026-09-16T21:27:18.235405+00:00
03 MANHATTAN,Dead Animal,2,2026-09-13T00:00:00.000,2026-09-16T21:27:18.235405+00:00
10 MANHATTAN,Food Establishment,2,2026-09-13T00:00:00.000,2026-09-16T21:27:18.235405+00:00
09 QUEENS,Water Conservation,2,2026-09-13T00:00:00.000,2026-09-16T21:27:18.235405+00:00
10 BRONX,Building/Use,2,2026-09-13T00:00:00.000,2026-09-16T21:27:18.235405+00:00
10 BRONX,DOOR/WINDOW,2,2026-09-13T00:00:00.000,2026-09-16T21:27:18.235405+00:00
10 BRONX,Derelict Vehicles,2,2026-09-13T00:00:00.000,2026-09-16T21:27:18.235405+00:00
Unspecified BROOKLYN,Noise,2,2026-09-13T00:00:00.000,2026-09-16T21:27:18.235405+00:00
01 BRONX,Encampment,2,2026-09-13T00:00:00.000,2026-09-16T21:27:18.235405+00:00
0 Unspecified,Food Establishment,2,2026-09-13T00:00:00.000,2026-09-16T21:27:18.235405+00:00
01 BRONX,ELECTRIC,2,2026-09-13T00:00:00.000,2026-09-16T21:27:18.235405+00:00
01 BRONX,Abandoned Vehicle,2,2026-09-13T00:00:00.000,2026-09-16T21:27:18.235405+00:00
Unspecified QUEENS,Encampment,2,2026-09-13T00:00:00.000,2026-09-16T21:27:18.235405+00:00
01 BRONX,Dead Animal,2,2026-09-13T00:00:00.000,2026-09-16T21:27:18.235405+00:00
03 QUEENS,Animal-Abuse,2,2026-09-13T00:00:00.000,2026-09-16T21:27:18.235405+00:00
03 MANHATTAN,Residential Disposal Complaint,2,2026-09-13T00:00:00.000,2026-09-16T21:27:18.235405+00:00
03 MANHATTAN,SAFETY,2,2026-09-13T00:00:00.000,2026-09-16T21:27:18.235405+00:00
10 BROOKLYN,Illegal Tree Damage,2,2026-09-13T00:00:00.000,2026-09-16T21:27:18.235405+00:00
10 BROOKLYN,Noise - Commercial,2,2026-09-13T00:00:00.000,2026-09-16T21:27:18.235405+00:00
10 BROOKLYN,Noise - Park,2,2026-09-13T00:00:00.000,2026-09-16T21:27:18.235405+00:00
10 BROOKLYN,Non-Emergency Police Matter,2,2026-09-13T00:00:00.000,2026-09-16T21:27:18.235405+00:00
10 BROOKLYN,PAINT/PLASTER,2,2026-09-13T00:00:00.000,2026-09-16T21:27:18.235405+00:00
10 BROOKLYN,Rodent,2,2026-09-13T00:00:00.000,2026-09-16T21:27:18.235405+00:00
07 MANHATTAN,Street Sign - Missing,2,2026-09-13T00:00:00.000,2026-09-16T21:27:18.235405+00:00
07 MANHATTAN,Taxi Complaint,2,2026-09-13T00:00:00.000,2026-09-16T21:27:18.235405+00:00
07 MANHATTAN,Traffic Signal Condition,2,2026-09-13T00:00:00.000,2026-09-16T21:27:18.235405+00:00
07 MANHATTAN,Violation of Park Rules,2,2026-09-13T00:00:00.000,2026-09-16T21:27:18.235405+00:00
Unspecified BROOKLYN,Street Sweeping Complaint,2,2026-09-13T00:00:00.000,2026-09-16T21:27:18.235405+00:00
Unspecified QUEENS,Bridge Condition,2,2026-09-13T00:00:00.000,2026-09-16T21:27:18.235405+00:00
Unspecified STATEN ISLAND,Highway Condition,2,2026-09-13T00:00:00.000,2026-09-16T21:27:18.235405+00:00
10 BROOKLYN,Encampment,2,2026-09-13T00:00:00.000,2026-09-16T21:27:18.235405+00:00
10 BROOKLYN,GENERAL,2,2026-09-13T00:00:00.000,2026-09-16T21:27:18.235405+00:00
10 BROOKLYN,Graffiti,2,2026-09-13T00:00:00.000,2026-09-16T21:27:18.235405+00:00
03 MANHATTAN,Outdoor Dining,2,2026-09-13T00:00:00.000,2026-09-16T21:27:18.235405+00:00
10 BROOKLYN,Curb Condition,2,2026-09-13T00:00:00.000,2026-09-16T21:27:18.235405+00:00
10 BROOKLYN,DOOR/WINDOW,2,2026-09-13T00:00:00.000,2026-09-16T21:27:18.235405+00:00
Unspecified BROOKLYN,Dead Animal,2,2026-09-13T00:00:00.000,2026-09-16T21:27:18.235405+00:00
Unspecified BROOKLYN,Graffiti,2,2026-09-13T00:00:00.000,2026-09-16T21:27:18.235405+00:00
Unspecified BROOKLYN,Hazardous Material,2,2026-09-13T00:00:00.000,2026-09-16T21:27:18.235405+00:00
Unspecified STATEN ISLAND,Obstruction,1,2026-09-13T00:00:00.000,2026-09-16T21:27:18.235405+00:00
0 Unspecified,Dead/Dying Tree,1,2026-09-13T00:00:00.000,2026-09-16T21:27:18.235405+00:00
0 Unspecified,Dry Weather Discharge,1,2026-09-13T00:00:00.000,2026-09-16T21:27:18.235405+00:00
0 Unspecified,Illegal Tree Damage,1,2026-09-13T00:00:00.000,2026-09-16T21:27:18.235405+00:00
0 Unspecified,Lost Property,1,2026-09-13T00:00:00.000,2026-09-16T21:27:18.235405+00:00
0 Unspecified,Municipal Parking Facility,1,2026-09-13T00:00:00.000,2026-09-16T21:27:18.235405+00:00
06 BRONX,Panhandling,1,2026-09-13T00:00:00.000,2026-09-16T21:27:18.235405+00:00
Unspecified QUEENS,Sanitation Worker or Vehicle Complaint,1,2026-09-13T00:00:00.000,2026-09-16T21:27:18.235405+00:00
Unspecified QUEENS,Panhandling,1,2026-09-13T00:00:00.000,2026-09-16T21:27:18.235405+00:00
Unspecified QUEENS,Overgrown Tree/Branches,1,2026-09-13T00:00:00.000,2026-09-16T21:27:18.235405+00:00
Unspecified QUEENS,Obstruction,1,2026-09-13T00:00:00.000,2026-09-16T21:27:18.235405+00:00
Unspecified QUEENS,Noise - Vehicle,1,2026-09-13T00:00:00.000,2026-09-16T21:27:18.235405+00:00
Unspecified BROOKLYN,Sanitation Worker or Vehicle Complaint,1,2026-09-13T00:00:00.000,2026-09-16T21:27:18.235405+00:00
Unspecified BROOKLYN,Obstruction,1,2026-09-13T00:00:00.000,2026-09-16T21:27:18.235405+00:00
Unspecified BROOKLYN,Maintenance or Facility,1,2026-09-13T00:00:00.000,2026-09-16T21:27:18.235405+00:00
Unspecified BROOKLYN,Illegal Dumping,1,2026-09-13T00:00:00.000,2026-09-16T21:27:18.235405+00:00
Unspecified BROOKLYN,Drug Activity,1,2026-09-13T00:00:00.000,2026-09-16T21:27:18.235405+00:00
06 BRONX,Maintenance or Facility,1,2026-09-13T00:00:00.000,2026-09-16T21:27:18.235405+00:00
06 BRONX,Illegal Tree Damage,1,2026-09-13T00:00:00.000,2026-09-16T21:27:18.235405+00:00
06 BRONX,Food Establishment,1,2026-09-13T00:00:00.000,2026-09-16T21:27:18.235405+00:00
06 BROOKLYN,Dead/Dying Tree,1,2026-09-13T00:00:00.000,2026-09-16T21:27:18.235405+00:00
06 BROOKLYN,Consumer Complaint,1,2026-09-13T00:00:00.000,2026-09-16T21:27:18.235405+00:00
03 MANHATTAN,Plumbing,1,2026-09-13T00:00:00.000,2026-09-16T21:27:18.235405+00:00
10 BROOKLYN,Dead Animal,1,2026-09-13T00:00:00.000,2026-09-16T21:27:18.235405+00:00
03 QUEENS,Abandoned Bike,1,2026-09-13T00:00:00.000,2026-09-16T21:27:18.235405+00:00
03 QUEENS,APPLIANCE,1,2026-09-13T00:00:00.000,2026-09-16T21:27:18.235405+00:00
03 MANHATTAN,Urinating in Public,1,2026-09-13T00:00:00.000,2026-09-16T21:27:18.235405+00:00
03 MANHATTAN,Traffic,1,2026-09-13T00:00:00.000,2026-09-16T21:27:18.235405+00:00
03 MANHATTAN,Taxi Report,1,2026-09-13T00:00:00.000,2026-09-16T21:27:18.235405+00:00
03 MANHATTAN,Taxi Complaint,1,2026-09-13T00:00:00.000,2026-09-16T21:27:18.235405+00:00
03 MANHATTAN,Sidewalk Condition,1,2026-09-13T00:00:00.000,2026-09-16T21:27:18.235405+00:00
10 BROOKLYN,Consumer Complaint,1,2026-09-13T00:00:00.000,2026-09-16T21:27:18.235405+00:00
03 MANHATTAN,Noise - Park,1,2026-09-13T00:00:00.000,2026-09-16T21:27:18.235405+00:00
10 BROOKLYN,Illegal Dumping,1,2026-09-13T00:00:00.000,2026-09-16T21:27:18.235405+00:00
10 BROOKLYN,Illegal Animal Sold,1,2026-09-13T00:00:00.000,2026-09-16T21:27:18.235405+00:00
10 BROOKLYN,Homeless Person Assistance,1,2026-09-13T00:00:00.000,2026-09-16T21:27:18.235405+00:00
10 BROOKLYN,Hazardous Material,1,2026-09-13T00:00:00.000,2026-09-16T21:27:18.235405+00:00
10 BROOKLYN,Food Establishment,1,2026-09-13T00:00:00.000,2026-09-16T21:27:18.235405+00:00
10 BRONX,Water Maintenance,1,2026-09-13T00:00:00.000,2026-09-16T21:27:18.235405+00:00
10 BRONX,WATER LEAK,1,2026-09-13T00:00:00.000,2026-09-16T21:27:18.235405+00:00
10 BRONX,Vendor Enforcement,1,2026-09-13T00:00:00.000,2026-09-16T21:27:18.235405+00:00
10 BRONX,Traffic,1,2026-09-13T00:00:00.000,2026-09-16T21:27:18.235405+00:00
10 BRONX,Street Sweeping Complaint,1,2026-09-13T00:00:00.000,2026-09-16T21:27:18.235405+00:00
10 BRONX,Special Projects Inspection Team (SPIT),1,2026-09-13T00:00:00.000,2026-09-16T21:27:18.235405+00:00
10 BRONX,Sanitation Worker or Vehicle Complaint,1,2026-09-13T00:00:00.000,2026-09-16T21:27:18.235405+00:00
10 BRONX,Residential Disposal Complaint,1,2026-09-13T00:00:00.000,2026-09-16T21:27:18.235405+00:00
10 BRONX,Plumbing,1,2026-09-13T00:00:00.000,2026-09-16T21:27:18.235405+00:00
10 BROOKLYN,Residential Disposal Complaint,1,2026-09-13T00:00:00.000,2026-09-16T21:27:18.235405+00:00
10 BROOKLYN,Real Time Enforcement,1,2026-09-13T00:00:00.000,2026-09-16T21:27:18.235405+00:00
10 BROOKLYN,Pet Sale,1,2026-09-13T00:00:00.000,2026-09-16T21:27:18.235405+00:00
10 BROOKLYN,Obstruction,1,2026-09-13T00:00:00.000,2026-09-16T21:27:18.235405+00:00
10 BROOKLYN,Lead,1,2026-09-13T00:00:00.000,2026-09-16T21:27:18.235405+00:00
10 BROOKLYN,Industrial Waste,1,2026-09-13T00:00:00.000,2026-09-16T21:27:18.235405+00:00
03 MANHATTAN,Real Time Enforcement,1,2026-09-13T00:00:00.000,2026-09-16T21:27:18.235405+00:00
10 MANHATTAN,Cannabis Retailer,1,2026-09-13T00:00:00.000,2026-09-16T21:27:18.235405+00:00
10 MANHATTAN,Air Quality,1,2026-09-13T00:00:00.000,2026-09-16T21:27:18.235405+00:00
10 BROOKLYN,WATER LEAK,1,2026-09-13T00:00:00.000,2026-09-16T21:27:18.235405+00:00
10 BROOKLYN,Violation of Park Rules,1,2026-09-13T00:00:00.000,2026-09-16T21:27:18.235405+00:00
03 MANHATTAN,Litter Basket Request,1,2026-09-13T00:00:00.000,2026-09-16T21:27:18.235405+00:00
03 MANHATTAN,Illegal Tree Damage,1,2026-09-13T00:00:00.000,2026-09-16T21:27:18.235405+00:00
03 MANHATTAN,GENERAL,1,2026-09-13T00:00:00.000,2026-09-16T21:27:18.235405+00:00
10 BROOKLYN,Traffic,1,2026-09-13T00:00:00.000,2026-09-16T21:27:18.235405+00:00
10 BROOKLYN,Street Sign - Dangling,1,2026-09-13T00:00:00.000,2026-09-16T21:27:18.235405+00:00
10 BROOKLYN,Standing Water,1,2026-09-13T00:00:00.000,2026-09-16T21:27:18.235405+00:00
10 BROOKLYN,Special Projects Inspection Team (SPIT),1,2026-09-13T00:00:00.000,2026-09-16T21:27:18.235405+00:00
10 BROOKLYN,Smoking or Vaping,1,2026-09-13T00:00:00.000,2026-09-16T21:27:18.235405+00:00
10 BROOKLYN,Sanitation Worker or Vehicle Complaint,1,2026-09-13T00:00:00.000,2026-09-16T21:27:18.235405+00:00
10 BROOKLYN,Animal-Abuse,1,2026-09-13T00:00:00.000,2026-09-16T21:27:18.235405+00:00
10 BROOKLYN,Animal in a Park,1,2026-09-13T00:00:00.000,2026-09-16T21:27:18.235405+00:00
10 BROOKLYN,Abandoned Bike,1,2026-09-13T00:00:00.000,2026-09-16T21:27:18.235405+00:00
03 QUEENS,Encampment,1,2026-09-13T00:00:00.000,2026-09-16T21:27:18.235405+00:00
03 QUEENS,Elevator,1,2026-09-13T00:00:00.000,2026-09-16T21:27:18.235405+00:00
03 QUEENS,Drug Activity,1,2026-09-13T00:00:00.000,2026-09-16T21:27:18.235405+00:00
03 QUEENS,Drinking,1,2026-09-13T00:00:00.000,2026-09-16T21:27:18.235405+00:00
03 QUEENS,Curb Condition,1,2026-09-13T00:00:00.000,2026-09-16T21:27:18.235405+00:00
03 QUEENS,Consumer Complaint,1,2026-09-13T00:00:00.000,2026-09-16T21:27:18.235405+00:00
03 QUEENS,Building/Use,1,2026-09-13T00:00:00.000,2026-09-16T21:27:18.235405+00:00
10 BRONX,Lot Condition,1,2026-09-13T00:00:00.000,2026-09-16T21:27:18.235405+00:00
10 BRONX,Lead,1,2026-09-13T00:00:00.000,2026-09-16T21:27:18.235405+00:00
10 BRONX,Industrial Waste,1,2026-09-13T00:00:00.000,2026-09-16T21:27:18.235405+00:00
10 BRONX,Illegal Tree Damage,1,2026-09-13T00:00:00.000,2026-09-16T21:27:18.235405+00:00
03 MANHATTAN,Building Drinking Water Tank,1,2026-09-13T00:00:00.000,2026-09-16T21:27:18.235405+00:00
03 MANHATTAN,Bike/Roller/Skate,1,2026-09-13T00:00:00.000,2026-09-16T21:27:18.235405+00:00
10 MANHATTAN,Dumpster Complaint,1,2026-09-13T00:00:00.000,2026-09-16T21:27:18.235405+00:00
10 MANHATTAN,Consumer Complaint,1,2026-09-13T00:00:00.000,2026-09-16T21:27:18.235405+00:00
10 MANHATTAN,Commercial Disposal Complaint,1,2026-09-13T00:00:00.000,2026-09-16T21:27:18.235405+00:00
10 BRONX,Elevator,1,2026-09-13T00:00:00.000,2026-09-16T21:27:18.235405+00:00
10 BRONX,Electrical,1,2026-09-13T00:00:00.000,2026-09-16T21:27:18.235405+00:00
10 BRONX,Animal-Abuse,1,2026-09-13T00:00:00.000,2026-09-16T21:27:18.235405+00:00
10 BRONX,Air Quality,1,2026-09-13T00:00:00.000,2026-09-16T21:27:18.235405+00:00
03 MANHATTAN,Abandoned Vehicle,1,2026-09-13T00:00:00.000,2026-09-16T21:27:18.235405+00:00
03 BROOKLYN,Violation of Park Rules,1,2026-09-13T00:00:00.000,2026-09-16T21:27:18.235405+00:00
03 BROOKLYN,Urinating in Public,1,2026-09-13T00:00:00.000,2026-09-16T21:27:18.235405+00:00
10 MANHATTAN,Litter Basket Request,1,2026-09-13T00:00:00.000,2026-09-16T21:27:18.235405+00:00
10 MANHATTAN,Lead,1,2026-09-13T00:00:00.000,2026-09-16T21:27:18.235405+00:00
10 MANHATTAN,Food Poisoning,1,2026-09-13T00:00:00.000,2026-09-16T21:27:18.235405+00:00
03 MANHATTAN,Elevator,1,2026-09-13T00:00:00.000,2026-09-16T21:27:18.235405+00:00
03 MANHATTAN,Electrical,1,2026-09-13T00:00:00.000,2026-09-16T21:27:18.235405+00:00
03 MANHATTAN,Commercial Disposal Complaint,1,2026-09-13T00:00:00.000,2026-09-16T21:27:18.235405+00:00
10 BRONX,Noise - Vehicle,1,2026-09-13T00:00:00.000,2026-09-16T21:27:18.235405+00:00
03 QUEENS,Food Establishment,1,2026-09-13T00:00:00.000,2026-09-16T21:27:18.235405+00:00
03 QUEENS,FLOORING/STAIRS,1,2026-09-13T00:00:00.000,2026-09-16T21:27:18.235405+00:00
10 QUEENS,Air Quality,1,2026-09-13T00:00:00.000,2026-09-16T21:27:18.235405+00:00
10 MANHATTAN,Urinating in Public,1,2026-09-13T00:00:00.000,2026-09-16T21:27:18.235405+00:00
10 MANHATTAN,Street Sign - Damaged,1,2026-09-13T00:00:00.000,2026-09-16T21:27:18.235405+00:00
10 MANHATTAN,Smoking or Vaping,1,2026-09-13T00:00:00.000,2026-09-16T21:27:18.235405+00:00
03 BROOKLYN,Residential Disposal Complaint,1,2026-09-13T00:00:00.000,2026-09-16T21:27:18.235405+00:00
03 BROOKLYN,Plumbing,1,2026-09-13T00:00:00.000,2026-09-16T21:27:18.235405+00:00
10 MANHATTAN,Sidewalk Condition,1,2026-09-13T00:00:00.000,2026-09-16T21:27:18.235405+00:00
10 MANHATTAN,Sanitation Worker or Vehicle Complaint,1,2026-09-13T00:00:00.000,2026-09-16T21:27:18.235405+00:00
10 MANHATTAN,Real Time Enforcement,1,2026-09-13T00:00:00.000,2026-09-16T21:27:18.235405+00:00
10 MANHATTAN,Outdoor Dining,1,2026-09-13T00:00:00.000,2026-09-16T21:27:18.235405+00:00
03 MANHATTAN,Asbestos,1,2026-09-13T00:00:00.000,2026-09-16T21:27:18.235405+00:00
03 MANHATTAN,Animal in a Park,1,2026-09-13T00:00:00.000,2026-09-16T21:27:18.235405+00:00
03 MANHATTAN,Air Quality,1,2026-09-13T00:00:00.000,2026-09-16T21:27:18.235405+00:00
10 BRONX,Hazardous Material,1,2026-09-13T00:00:00.000,2026-09-16T21:27:18.235405+00:00
10 BRONX,GENERAL,1,2026-09-13T00:00:00.000,2026-09-16T21:27:18.235405+00:00
10 BRONX,FLOORING/STAIRS,1,2026-09-13T00:00:00.000,2026-09-16T21:27:18.235405+00:00
03 QUEENS,Obstruction,1,2026-09-13T00:00:00.000,2026-09-16T21:27:18.235405+00:00
09 QUEENS,Unsanitary Pigeon Condition,1,2026-09-13T00:00:00.000,2026-09-16T21:27:18.235405+00:00
03 QUEENS,Mobile Food Vendor,1,2026-09-13T00:00:00.000,2026-09-16T21:27:18.235405+00:00
03 QUEENS,Lead,1,2026-09-13T00:00:00.000,2026-09-16T21:27:18.235405+00:00
03 QUEENS,Hazardous Material,1,2026-09-13T00:00:00.000,2026-09-16T21:27:18.235405+00:00
03 QUEENS,General Construction/Plumbing,1,2026-09-13T00:00:00.000,2026-09-16T21:27:18.235405+00:00
09 QUEENS,Taxi Complaint,1,2026-09-13T00:00:00.000,2026-09-16T21:27:18.235405+00:00
09 QUEENS,Street Sign - Missing,1,2026-09-13T00:00:00.000,2026-09-16T21:27:18.235405+00:00
09 QUEENS,Smoking or Vaping,1,2026-09-13T00:00:00.000,2026-09-16T21:27:18.235405+00:00
09 QUEENS,Sidewalk Condition,1,2026-09-13T00:00:00.000,2026-09-16T21:27:18.235405+00:00
09 QUEENS,Sanitation Worker or Vehicle Complaint,1,2026-09-13T00:00:00.000,2026-09-16T21:27:18.235405+00:00
09 QUEENS,Root/Sewer/Sidewalk Condition,1,2026-09-13T00:00:00.000,2026-09-16T21:27:18.235405+00:00
03 BROOKLYN,Litter Basket Request,1,2026-09-13T00:00:00.000,2026-09-16T21:27:18.235405+00:00
03 BROOKLYN,Indoor Air Quality,1,2026-09-13T00:00:00.000,2026-09-16T21:27:18.235405+00:00
10 QUEENS,Consumer Complaint,1,2026-09-13T00:00:00.000,2026-09-16T21:27:18.235405+00:00
10 QUEENS,Animal-Abuse,1,2026-09-13T00:00:00.000,2026-09-16T21:27:18.235405+00:00
09 QUEENS,Lead,1,2026-09-13T00:00:00.000,2026-09-16T21:27:18.235405+00:00
09 QUEENS,Illegal Tree Damage,1,2026-09-13T00:00:00.000,2026-09-16T21:27:18.235405+00:00
09 QUEENS,Green Infrastructure,1,2026-09-13T00:00:00.000,2026-09-16T21:27:18.235405+00:00
09 QUEENS,Food Establishment,1,2026-09-13T00:00:00.000,2026-09-16T21:27:18.235405+00:00
09 QUEENS,Elevator,1,2026-09-13T00:00:00.000,2026-09-16T21:27:18.235405+00:00
09 QUEENS,ELEVATOR,1,2026-09-13T00:00:00.000,2026-09-16T21:27:18.235405+00:00
10 QUEENS,Industrial Waste,1,2026-09-13T00:00:00.000,2026-09-16T21:27:18.235405+00:00
10 QUEENS,Illegal Posting,1,2026-09-13T00:00:00.000,2026-09-16T21:27:18.235405+00:00
10 QUEENS,FLOORING/STAIRS,1,2026-09-13T00:00:00.000,2026-09-16T21:27:18.235405+00:00
10 QUEENS,Drinking,1,2026-09-13T00:00:00.000,2026-09-16T21:27:18.235405+00:00
03 QUEENS,Standing Water,1,2026-09-13T00:00:00.000,2026-09-16T21:27:18.235405+00:00
03 QUEENS,Sanitation Worker or Vehicle Complaint,1,2026-09-13T00:00:00.000,2026-09-16T21:27:18.235405+00:00
03 QUEENS,Root/Sewer/Sidewalk Condition,1,2026-09-13T00:00:00.000,2026-09-16T21:27:18.235405+00:00
03 QUEENS,Rodent,1,2026-09-13T00:00:00.000,2026-09-16T21:27:18.235405+00:00
03 QUEENS,Residential Disposal Complaint,1,2026-09-13T00:00:00.000,2026-09-16T21:27:18.235405+00:00
03 QUEENS,Real Time Enforcement,1,2026-09-13T00:00:00.000,2026-09-16T21:27:18.235405+00:00
09 QUEENS,Consumer Complaint,1,2026-09-13T00:00:00.000,2026-09-16T21:27:18.235405+00:00
09 MANHATTAN,Water Conservation,1,2026-09-13T00:00:00.000,2026-09-16T21:27:18.235405+00:00
09 MANHATTAN,Unsanitary Animal Pvt Property,1,2026-09-13T00:00:00.000,2026-09-16T21:27:18.235405+00:00
09 MANHATTAN,Rodent,1,2026-09-13T00:00:00.000,2026-09-16T21:27:18.235405+00:00
03 STATEN ISLAND,Animal-Abuse,1,2026-09-13T00:00:00.000,2026-09-16T21:27:18.235405+00:00
03 QUEENS,Violation of Park Rules,1,2026-09-13T00:00:00.000,2026-09-16T21:27:18.235405+00:00
03 QUEENS,Unleashed Dog,1,2026-09-13T00:00:00.000,2026-09-16T21:27:18.235405+00:00
03 BROOKLYN,Elevator,1,2026-09-13T00:00:00.000,2026-09-16T21:27:18.235405+00:00
03 BROOKLYN,Drug Activity,1,2026-09-13T00:00:00.000,2026-09-16T21:27:18.235405+00:00
03 BROOKLYN,Dead/Dying Tree,1,2026-09-13T00:00:00.000,2026-09-16T21:27:18.235405+00:00
03 BROOKLYN,Day Care,1,2026-09-13T00:00:00.000,2026-09-16T21:27:18.235405+00:00
03 BROOKLYN,Curb Condition,1,2026-09-13T00:00:00.000,2026-09-16T21:27:18.235405+00:00
10 QUEENS,PAINT/PLASTER,1,2026-09-13T00:00:00.000,2026-09-16T21:27:18.235405+00:00
10 QUEENS,Non-Emergency Police Matter,1,2026-09-13T00:00:00.000,2026-09-16T21:27:18.235405+00:00
10 QUEENS,Mold,1,2026-09-13T00:00:00.000,2026-09-16T21:27:18.235405+00:00
09 QUEENS,Noise,1,2026-09-13T00:00:00.000,2026-09-16T21:27:18.235405+00:00
09 MANHATTAN,Noise - Vehicle,1,2026-09-13T00:00:00.000,2026-09-16T21:27:18.235405+00:00
09 MANHATTAN,Lost Property,1,2026-09-13T00:00:00.000,2026-09-16T21:27:18.235405+00:00
03 STATEN ISLAND,Illegal Posting,1,2026-09-13T00:00:00.000,2026-09-16T21:27:18.235405+00:00
03 STATEN ISLAND,Illegal Fireworks,1,2026-09-13T00:00:00.000,2026-09-16T21:27:18.235405+00:00
10 QUEENS,Water Maintenance,1,2026-09-13T00:00:00.000,2026-09-16T21:27:18.235405+00:00
10 QUEENS,Water Conservation,1,2026-09-13T00:00:00.000,2026-09-16T21:27:18.235405+00:00
10 QUEENS,Vendor Enforcement,1,2026-09-13T00:00:00.000,2026-09-16T21:27:18.235405+00:00
10 QUEENS,Urinating in Public,1,2026-09-13T00:00:00.000,2026-09-16T21:27:18.235405+00:00
10 QUEENS,Uprooted Stump,1,2026-09-13T00:00:00.000,2026-09-16T21:27:18.235405+00:00
10 QUEENS,Unsanitary Animal Pvt Property,1,2026-09-13T00:00:00.000,2026-09-16T21:27:18.235405+00:00
10 QUEENS,Traffic,1,2026-09-13T00:00:00.000,2026-09-16T21:27:18.235405+00:00
10 QUEENS,Special Projects Inspection Team (SPIT),1,2026-09-13T00:00:00.000,2026-09-16T21:27:18.235405+00:00
10 QUEENS,SAFETY,1,2026-09-13T00:00:00.000,2026-09-16T21:27:18.235405+00:00
10 QUEENS,Root/Sewer/Sidewalk Condition,1,2026-09-13T00:00:00.000,2026-09-16T21:27:18.235405+00:00
10 QUEENS,Recycling Basket Complaint,1,2026-09-13T00:00:00.000,2026-09-16T21:27:18.235405+00:00
09 QUEENS,DOOR/WINDOW,1,2026-09-13T00:00:00.000,2026-09-16T21:27:18.235405+00:00
03 BROOKLYN,Construction Lead Dust,1,2026-09-13T00:00:00.000,2026-09-16T21:27:18.235405+00:00
03 STATEN ISLAND,GENERAL,1,2026-09-13T00:00:00.000,2026-09-16T21:27:18.235405+00:00
03 STATEN ISLAND,Food Poisoning,1,2026-09-13T00:00:00.000,2026-09-16T21:27:18.235405+00:00
03 STATEN ISLAND,Food Establishment,1,2026-09-13T00:00:00.000,2026-09-16T21:27:18.235405+00:00
03 STATEN ISLAND,Encampment,1,2026-09-13T00:00:00.000,2026-09-16T21:27:18.235405+00:00
09 MANHATTAN,Derelict Vehicles,1,2026-09-13T00:00:00.000,2026-09-16T21:27:18.235405+00:00
09 MANHATTAN,Dead/Dying Tree,1,2026-09-13T00:00:00.000,2026-09-16T21:27:18.235405+00:00
03 STATEN ISLAND,Noise - Vehicle,1,2026-09-13T00:00:00.000,2026-09-16T21:27:18.235405+00:00
03 BROOKLYN,Commercial Disposal Complaint,1,2026-09-13T00:00:00.000,2026-09-16T21:27:18.235405+00:00
03 BROOKLYN,Building/Use,1,2026-09-13T00:00:00.000,2026-09-16T21:27:18.235405+00:00
03 BROOKLYN,Animal in a Park,1,2026-09-13T00:00:00.000,2026-09-16T21:27:18.235405+00:00
03 BRONX,Taxi Licensee Complaint,1,2026-09-13T00:00:00.000,2026-09-16T21:27:18.235405+00:00
03 BRONX,Street Light Condition,1,2026-09-13T00:00:00.000,2026-09-16T21:27:18.235405+00:00
11 BRONX,Drug Activity,1,2026-09-13T00:00:00.000,2026-09-16T21:27:18.235405+00:00
11 BRONX,Cannabis Retailer,1,2026-09-13T00:00:00.000,2026-09-16T21:27:18.235405+00:00
03 QUEENS,Taxi Complaint,1,2026-09-13T00:00:00.000,2026-09-16T21:27:18.235405+00:00
03 STATEN ISLAND,Litter Basket Request,1,2026-09-13T00:00:00.000,2026-09-16T21:27:18.235405+00:00
03 STATEN ISLAND,LinkNYC,1,2026-09-13T00:00:00.000,2026-09-16T21:27:18.235405+00:00
03 STATEN ISLAND,Lead,1,2026-09-13T00:00:00.000,2026-09-16T21:27:18.235405+00:00
03 STATEN ISLAND,Investigations and Discipline (IAD),1,2026-09-13T00:00:00.000,2026-09-16T21:27:18.235405+00:00
03 STATEN ISLAND,Illegal Tree Damage,1,2026-09-13T00:00:00.000,2026-09-16T21:27:18.235405+00:00
09 BROOKLYN,Smoking or Vaping,1,2026-09-13T00:00:00.000,2026-09-16T21:27:18.235405+00:00
09 BROOKLYN,Sewer Maintenance,1,2026-09-13T00:00:00.000,2026-09-16T21:27:18.235405+00:00
03 BRONX,Street Condition,1,2026-09-13T00:00:00.000,2026-09-16T21:27:18.235405+00:00
03 BRONX,Obstruction,1,2026-09-13T00:00:00.000,2026-09-16T21:27:18.235405+00:00
03 BRONX,Maintenance or Facility,1,2026-09-13T00:00:00.000,2026-09-16T21:27:18.235405+00:00
03 BRONX,Lead,1,2026-09-13T00:00:00.000,2026-09-16T21:27:18.235405+00:00
11 BRONX,Missed Collection,1,2026-09-13T00:00:00.000,2026-09-16T21:27:18.235405+00:00
11 BRONX,Maintenance or Facility,1,2026-09-13T00:00:00.000,2026-09-16T21:27:18.235405+00:00
11 BRONX,Illegal Tree Damage,1,2026-09-13T00:00:00.000,2026-09-16T21:27:18.235405+00:00
11 BRONX,Emergency Response Team (ERT),1,2026-09-13T00:00:00.000,2026-09-16T21:27:18.235405+00:00
11 BRONX,Elevator,1,2026-09-13T00:00:00.000,2026-09-16T21:27:18.235405+00:00
11 BROOKLYN,Drinking,1,2026-09-13T00:00:00.000,2026-09-16T21:27:18.235405+00:00
11 BROOKLYN,Derelict Vehicles,1,2026-09-13T00:00:00.000,2026-09-16T21:27:18.235405+00:00
11 BROOKLYN,Bike/Roller/Skate,1,2026-09-13T00:00:00.000,2026-09-16T21:27:18.235405+00:00
11 BROOKLYN,Bike Rack,1,2026-09-13T00:00:00.000,2026-09-16T21:27:18.235405+00:00
11 BROOKLYN,Animal-Abuse,1,2026-09-13T00:00:00.000,2026-09-16T21:27:18.235405+00:00
11 BROOKLYN,APPLIANCE,1,2026-09-13T00:00:00.000,2026-09-16T21:27:18.235405+00:00
11 BRONX,WATER LEAK,1,2026-09-13T00:00:00.000,2026-09-16T21:27:18.235405+00:00
11 BRONX,Violation of Park Rules,1,2026-09-13T00:00:00.000,2026-09-16T21:27:18.235405+00:00
11 BRONX,Street Sweeping Complaint,1,2026-09-13T00:00:00.000,2026-09-16T21:27:18.235405+00:00
11 BRONX,Standing Water,1,2026-09-13T00:00:00.000,2026-09-16T21:27:18.235405+00:00
11 BRONX,Smoking or Vaping,1,2026-09-13T00:00:00.000,2026-09-16T21:27:18.235405+00:00
11 BRONX,PAINT/PLASTER,1,2026-09-13T00:00:00.000,2026-09-16T21:27:18.235405+00:00
03 STATEN ISLAND,Noise - Street/Sidewalk,1,2026-09-13T00:00:00.000,2026-09-16T21:27:18.235405+00:00
03 STATEN ISLAND,New Tree Request,1,2026-09-13T00:00:00.000,2026-09-16T21:27:18.235405+00:00
03 STATEN ISLAND,Maintenance or Facility,1,2026-09-13T00:00:00.000,2026-09-16T21:27:18.235405+00:00
03 STATEN ISLAND,Lot Condition,1,2026-09-13T00:00:00.000,2026-09-16T21:27:18.235405+00:00
09 BROOKLYN,Real Time Enforcement,1,2026-09-13T00:00:00.000,2026-09-16T21:27:18.235405+00:00
09 BROOKLYN,Overgrown Tree/Branches,1,2026-09-13T00:00:00.000,2026-09-16T21:27:18.235405+00:00
09 BROOKLYN,Noise - Commercial,1,2026-09-13T00:00:00.000,2026-09-16T21:27:18.235405+00:00
09 BROOKLYN,Missed Collection,1,2026-09-13T00:00:00.000,2026-09-16T21:27:18.235405+00:00
09 BROOKLYN,Illegal Tree Damage,1,2026-09-13T00:00:00.000,2026-09-16T21:27:18.235405+00:00
09 BROOKLYN,Illegal Posting,1,2026-09-13T00:00:00.000,2026-09-16T21:27:18.235405+00:00
09 BROOKLYN,Illegal Dumping,1,2026-09-13T00:00:00.000,2026-09-16T21:27:18.235405+00:00
09 BROOKLYN,Homeless Person Assistance,1,2026-09-13T00:00:00.000,2026-09-16T21:27:18.235405+00:00
03 STATEN ISLAND,Street Sign - Dangling,1,2026-09-13T00:00:00.000,2026-09-16T21:27:18.235405+00:00
03 STATEN ISLAND,Street Sign - Damaged,1,2026-09-13T00:00:00.000,2026-09-16T21:27:18.235405+00:00
03 STATEN ISLAND,Special Projects Inspection Team (SPIT),1,2026-09-13T00:00:00.000,2026-09-16T21:27:18.235405+00:00
11 BROOKLYN,For Hire Vehicle Complaint,1,2026-09-13T00:00:00.000,2026-09-16T21:27:18.235405+00:00
11 BROOKLYN,Food Establishment,1,2026-09-13T00:00:00.000,2026-09-16T21:27:18.235405+00:00
11 BROOKLYN,FLOORING/STAIRS,1,2026-09-13T00:00:00.000,2026-09-16T21:27:18.235405+00:00
11 BROOKLYN,Encampment,1,2026-09-13T00:00:00.000,2026-09-16T21:27:18.235405+00:00
11 BROOKLYN,Emergency Response Team (ERT),1,2026-09-13T00:00:00.000,2026-09-16T21:27:18.235405+00:00
09 BROOKLYN,Damaged Tree,1,2026-09-13T00:00:00.000,2026-09-16T21:27:18.235405+00:00
09 BROOKLYN,Curb Condition,1,2026-09-13T00:00:00.000,2026-09-16T21:27:18.235405+00:00
09 BROOKLYN,Building/Use,1,2026-09-13T00:00:00.000,2026-09-16T21:27:18.235405+00:00
09 BROOKLYN,BEST/Site Safety,1,2026-09-13T00:00:00.000,2026-09-16T21:27:18.235405+00:00
09 BROOKLYN,Air Quality,1,2026-09-13T00:00:00.000,2026-09-16T21:27:18.235405+00:00
04 BRONX,Cooling Tower,1,2026-09-13T00:00:00.000,2026-09-16T21:27:18.235405+00:00
03 BRONX,Illegal Dumping,1,2026-09-13T00:00:00.000,2026-09-16T21:27:18.235405+00:00
03 BRONX,Homeless Person Assistance,1,2026-09-13T00:00:00.000,2026-09-16T21:27:18.235405+00:00
03 BRONX,HEAT/HOT WATER,1,2026-09-13T00:00:00.000,2026-09-16T21:27:18.235405+00:00
03 BRONX,For Hire Vehicle Complaint,1,2026-09-13T00:00:00.000,2026-09-16T21:27:18.235405+00:00
03 BRONX,Derelict Vehicles,1,2026-09-13T00:00:00.000,2026-09-16T21:27:18.235405+00:00
03 BRONX,Damaged Tree,1,2026-09-13T00:00:00.000,2026-09-16T21:27:18.235405+00:00
11 BROOKLYN,Homeless Person Assistance,1,2026-09-13T00:00:00.000,2026-09-16T21:27:18.235405+00:00
11 BROOKLYN,Harboring Bees/Wasps,1,2026-09-13T00:00:00.000,2026-09-16T21:27:18.235405+00:00
11 BROOKLYN,HEAT/HOT WATER,1,2026-09-13T00:00:00.000,2026-09-16T21:27:18.235405+00:00
09 BROOKLYN,Sanitation Worker or Vehicle Complaint,1,2026-09-13T00:00:00.000,2026-09-16T21:27:18.235405+00:00
03 STATEN ISLAND,Unsanitary Pigeon Condition,1,2026-09-13T00:00:00.000,2026-09-16T21:27:18.235405+00:00
03 STATEN ISLAND,Unsanitary Animal Pvt Property,1,2026-09-13T00:00:00.000,2026-09-16T21:27:18.235405+00:00
03 STATEN ISLAND,Traffic,1,2026-09-13T00:00:00.000,2026-09-16T21:27:18.235405+00:00
09 BRONX,Vendor Enforcement,1,2026-09-13T00:00:00.000,2026-09-16T21:27:18.235405+00:00
09 BRONX,Sanitation Worker or Vehicle Complaint,1,2026-09-13T00:00:00.000,2026-09-16T21:27:18.235405+00:00
02 STATEN ISLAND,Wood Pile Remaining,1,2026-09-13T00:00:00.000,2026-09-16T21:27:18.235405+00:00
02 STATEN ISLAND,Water Conservation,1,2026-09-13T00:00:00.000,2026-09-16T21:27:18.235405+00:00
02 STATEN ISLAND,Traffic,1,2026-09-13T00:00:00.000,2026-09-16T21:27:18.235405+00:00
02 STATEN ISLAND,Standing Water,1,2026-09-13T00:00:00.000,2026-09-16T21:27:18.235405+00:00
11 BROOKLYN,Noise - Park,1,2026-09-13T00:00:00.000,2026-09-16T21:27:18.235405+00:00
11 BROOKLYN,Lead,1,2026-09-13T00:00:00.000,2026-09-16T21:27:18.235405+00:00
11 BROOKLYN,Investigations and Discipline (IAD),1,2026-09-13T00:00:00.000,2026-09-16T21:27:18.235405+00:00
11 BROOKLYN,Industrial Waste,1,2026-09-13T00:00:00.000,2026-09-16T21:27:18.235405+00:00
03 STATEN ISLAND,SAFETY,1,2026-09-13T00:00:00.000,2026-09-16T21:27:18.235405+00:00
03 STATEN ISLAND,PLUMBING,1,2026-09-13T00:00:00.000,2026-09-16T21:27:18.235405+00:00
09 BROOKLYN,Day Care,1,2026-09-13T00:00:00.000,2026-09-16T21:27:18.235405+00:00
09 BRONX,Noise - Park,1,2026-09-13T00:00:00.000,2026-09-16T21:27:18.235405+00:00
09 BRONX,Mobile Food Vendor,1,2026-09-13T00:00:00.000,2026-09-16T21:27:18.235405+00:00
09 BRONX,Indoor Sewage,1,2026-09-13T00:00:00.000,2026-09-16T21:27:18.235405+00:00
09 BRONX,Illegal Fireworks,1,2026-09-13T00:00:00.000,2026-09-16T21:27:18.235405+00:00
04 BRONX,Smoking or Vaping,1,2026-09-13T00:00:00.000,2026-09-16T21:27:18.235405+00:00
04 BRONX,Rodent,1,2026-09-13T00:00:00.000,2026-09-16T21:27:18.235405+00:00
11 MANHATTAN,Abandoned Vehicle,1,2026-09-13T00:00:00.000,2026-09-16T21:27:18.235405+00:00
11 MANHATTAN,APPLIANCE,1,2026-09-13T00:00:00.000,2026-09-16T21:27:18.235405+00:00
11 BROOKLYN,Water Conservation,1,2026-09-13T00:00:00.000,2026-09-16T21:27:18.235405+00:00
11 BROOKLYN,Urinating in Public,1,2026-09-13T00:00:00.000,2026-09-16T21:27:18.235405+00:00
11 BROOKLYN,Traffic Signal Condition,1,2026-09-13T00:00:00.000,2026-09-16T21:27:18.235405+00:00
11 BROOKLYN,Standing Water,1,2026-09-13T00:00:00.000,2026-09-16T21:27:18.235405+00:00
03 BRONX,Consumer Complaint,1,2026-09-13T00:00:00.000,2026-09-16T21:27:18.235405+00:00
04 BRONX,Consumer Complaint,1,2026-09-13T00:00:00.000,2026-09-16T21:27:18.235405+00:00
04 BRONX,Cannabis Retailer,1,2026-09-13T00:00:00.000,2026-09-16T21:27:18.235405+00:00
03 STATEN ISLAND,WATER LEAK,1,2026-09-13T00:00:00.000,2026-09-16T21:27:18.235405+00:00
09 BRONX,Drinking,1,2026-09-13T00:00:00.000,2026-09-16T21:27:18.235405+00:00
09 BRONX,Dead/Dying Tree,1,2026-09-13T00:00:00.000,2026-09-16T21:27:18.235405+00:00
09 BRONX,Dead Animal,1,2026-09-13T00:00:00.000,2026-09-16T21:27:18.235405+00:00
11 MANHATTAN,Indoor Air Quality,1,2026-09-13T00:00:00.000,2026-09-16T21:27:18.235405+00:00
11 MANHATTAN,FLOORING/STAIRS,1,2026-09-13T00:00:00.000,2026-09-16T21:27:18.235405+00:00
11 MANHATTAN,Encampment,1,2026-09-13T00:00:00.000,2026-09-16T21:27:18.235405+00:00
11 MANHATTAN,ELECTRIC,1,2026-09-13T00:00:00.000,2026-09-16T21:27:18.235405+00:00
11 MANHATTAN,Derelict Vehicles,1,2026-09-13T00:00:00.000,2026-09-16T21:27:18.235405+00:00
11 MANHATTAN,Dead/Dying Tree,1,2026-09-13T00:00:00.000,2026-09-16T21:27:18.235405+00:00
11 MANHATTAN,Dead Animal,1,2026-09-13T00:00:00.000,2026-09-16T21:27:18.235405+00:00
11 MANHATTAN,Consumer Complaint,1,2026-09-13T00:00:00.000,2026-09-16T21:27:18.235405+00:00
11 MANHATTAN,Cannabis Retailer,1,2026-09-13T00:00:00.000,2026-09-16T21:27:18.235405+00:00
11 MANHATTAN,Bike/Roller/Skate,1,2026-09-13T00:00:00.000,2026-09-16T21:27:18.235405+00:00
04 BRONX,For Hire Vehicle Complaint,1,2026-09-13T00:00:00.000,2026-09-16T21:27:18.235405+00:00
04 BRONX,Dead/Dying Tree,1,2026-09-13T00:00:00.000,2026-09-16T21:27:18.235405+00:00
09 BRONX,Obstruction,1,2026-09-13T00:00:00.000,2026-09-16T21:27:18.235405+00:00
09 BRONX,Bus Stop Shelter Placement,1,2026-09-13T00:00:00.000,2026-09-16T21:27:18.235405+00:00
08 QUEENS,Water Quality,1,2026-09-13T00:00:00.000,2026-09-16T21:27:18.235405+00:00
08 QUEENS,Water Conservation,1,2026-09-13T00:00:00.000,2026-09-16T21:27:18.235405+00:00
02 STATEN ISLAND,Smoking or Vaping,1,2026-09-13T00:00:00.000,2026-09-16T21:27:18.235405+00:00
02 STATEN ISLAND,Sewer Maintenance,1,2026-09-13T00:00:00.000,2026-09-16T21:27:18.235405+00:00
02 STATEN ISLAND,SAFETY,1,2026-09-13T00:00:00.000,2026-09-16T21:27:18.235405+00:00
02 STATEN ISLAND,Residential Disposal Complaint,1,2026-09-13T00:00:00.000,2026-09-16T21:27:18.235405+00:00
02 STATEN ISLAND,Poison Ivy,1,2026-09-13T00:00:00.000,2026-09-16T21:27:18.235405+00:00
11 MANHATTAN,Mold,1,2026-09-13T00:00:00.000,2026-09-16T21:27:18.235405+00:00
11 MANHATTAN,Lost Property,1,2026-09-13T00:00:00.000,2026-09-16T21:27:18.235405+00:00
04 BRONX,Residential Disposal Complaint,1,2026-09-13T00:00:00.000,2026-09-16T21:27:18.235405+00:00
04 BRONX,Outdoor Dining,1,2026-09-13T00:00:00.000,2026-09-16T21:27:18.235405+00:00
04 BRONX,Maintenance or Facility,1,2026-09-13T00:00:00.000,2026-09-16T21:27:18.235405+00:00
04 BRONX,Industrial Waste,1,2026-09-13T00:00:00.000,2026-09-16T21:27:18.235405+00:00
09 BRONX,For Hire Vehicle Complaint,1,2026-09-13T00:00:00.000,2026-09-16T21:27:18.235405+00:00
09 BRONX,Food Establishment,1,2026-09-13T00:00:00.000,2026-09-16T21:27:18.235405+00:00
02 STATEN ISLAND,Dumpster Complaint,1,2026-09-13T00:00:00.000,2026-09-16T21:27:18.235405+00:00
02 STATEN ISLAND,Drug Activity,1,2026-09-13T00:00:00.000,2026-09-16T21:27:18.235405+00:00
11 QUEENS,Electrical,1,2026-09-13T00:00:00.000,2026-09-16T21:27:18.235405+00:00
11 QUEENS,Day Care,1,2026-09-13T00:00:00.000,2026-09-16T21:27:18.235405+00:00
11 QUEENS,Curb Condition,1,2026-09-13T00:00:00.000,2026-09-16T21:27:18.235405+00:00
11 QUEENS,Animal-Abuse,1,2026-09-13T00:00:00.000,2026-09-16T21:27:18.235405+00:00
11 QUEENS,Animal in a Park,1,2026-09-13T00:00:00.000,2026-09-16T21:27:18.235405+00:00
11 MANHATTAN,Water Maintenance,1,2026-09-13T00:00:00.000,2026-09-16T21:27:18.235405+00:00
11 MANHATTAN,Taxi Complaint,1,2026-09-13T00:00:00.000,2026-09-16T21:27:18.235405+00:00
11 MANHATTAN,Non-Emergency Police Matter,1,2026-09-13T00:00:00.000,2026-09-16T21:27:18.235405+00:00
04 BROOKLYN,Air Quality,1,2026-09-13T00:00:00.000,2026-09-16T21:27:18.235405+00:00
04 BROOKLYN,Abandoned Vehicle,1,2026-09-13T00:00:00.000,2026-09-16T21:27:18.235405+00:00
04 BRONX,Vendor Enforcement,1,2026-09-13T00:00:00.000,2026-09-16T21:27:18.235405+00:00
04 BRONX,Traffic,1,2026-09-13T00:00:00.000,2026-09-16T21:27:18.235405+00:00
04 BRONX,Taxi Report,1,2026-09-13T00:00:00.000,2026-09-16T21:27:18.235405+00:00
04 BRONX,Street Light Condition,1,2026-09-13T00:00:00.000,2026-09-16T21:27:18.235405+00:00
08 QUEENS,Street Sweeping Complaint,1,2026-09-13T00:00:00.000,2026-09-16T21:27:18.235405+00:00
08 QUEENS,Street Sign - Damaged,1,2026-09-13T00:00:00.000,2026-09-16T21:27:18.235405+00:00
08 QUEENS,Rodent,1,2026-09-13T00:00:00.000,2026-09-16T21:27:18.235405+00:00
08 QUEENS,Residential Disposal Complaint,1,2026-09-13T00:00:00.000,2026-09-16T21:27:18.235405+00:00
08 QUEENS,Non-Emergency Police Matter,1,2026-09-13T00:00:00.000,2026-09-16T21:27:18.235405+00:00
04 BROOKLYN,General Construction/Plumbing,1,2026-09-13T00:00:00.000,2026-09-16T21:27:18.235405+00:00
04 BROOKLYN,For Hire Vehicle Complaint,1,2026-09-13T00:00:00.000,2026-09-16T21:27:18.235405+00:00
04 BROOKLYN,FLOORING/STAIRS,1,2026-09-13T00:00:00.000,2026-09-16T21:27:18.235405+00:00
04 BROOKLYN,Elevator,1,2026-09-13T00:00:00.000,2026-09-16T21:27:18.235405+00:00
11 QUEENS,General Construction/Plumbing,1,2026-09-13T00:00:00.000,2026-09-16T21:27:18.235405+00:00
02 STATEN ISLAND,Lot Condition,1,2026-09-13T00:00:00.000,2026-09-16T21:27:18.235405+00:00
02 STATEN ISLAND,Indoor Air Quality,1,2026-09-13T00:00:00.000,2026-09-16T21:27:18.235405+00:00
02 STATEN ISLAND,Homeless Person Assistance,1,2026-09-13T00:00:00.000,2026-09-16T21:27:18.235405+00:00
02 STATEN ISLAND,HEAT/HOT WATER,1,2026-09-13T00:00:00.000,2026-09-16T21:27:18.235405+00:00
02 STATEN ISLAND,Graffiti,1,2026-09-13T00:00:00.000,2026-09-16T21:27:18.235405+00:00
02 STATEN ISLAND,Emergency Response Team (ERT),1,2026-09-13T00:00:00.000,2026-09-16T21:27:18.235405+00:00
08 QUEENS,Lead,1,2026-09-13T00:00:00.000,2026-09-16T21:27:18.235405+00:00
08 QUEENS,Indoor Air Quality,1,2026-09-13T00:00:00.000,2026-09-16T21:27:18.235405+00:00
08 QUEENS,Illegal Tree Damage,1,2026-09-13T00:00:00.000,2026-09-16T21:27:18.235405+00:00
08 QUEENS,Graffiti,1,2026-09-13T00:00:00.000,2026-09-16T21:27:18.235405+00:00
08 QUEENS,General Construction/Plumbing,1,2026-09-13T00:00:00.000,2026-09-16T21:27:18.235405+00:00
08 QUEENS,FLOORING/STAIRS,1,2026-09-13T00:00:00.000,2026-09-16T21:27:18.235405+00:00
11 QUEENS,Smoking or Vaping,1,2026-09-13T00:00:00.000,2026-09-16T21:27:18.235405+00:00
11 QUEENS,Noise - Commercial,1,2026-09-13T00:00:00.000,2026-09-16T21:27:18.235405+00:00
11 QUEENS,Missed Collection,1,2026-09-13T00:00:00.000,2026-09-16T21:27:18.235405+00:00
11 QUEENS,Lot Condition,1,2026-09-13T00:00:00.000,2026-09-16T21:27:18.235405+00:00
11 QUEENS,Lead,1,2026-09-13T00:00:00.000,2026-09-16T21:27:18.235405+00:00
11 QUEENS,Indoor Air Quality,1,2026-09-13T00:00:00.000,2026-09-16T21:27:18.235405+00:00
11 QUEENS,Illegal Tree Damage,1,2026-09-13T00:00:00.000,2026-09-16T21:27:18.235405+00:00
11 QUEENS,Illegal Fireworks,1,2026-09-13T00:00:00.000,2026-09-16T21:27:18.235405+00:00
11 QUEENS,Hazardous Material,1,2026-09-13T00:00:00.000,2026-09-16T21:27:18.235405+00:00
11 QUEENS,Harboring Bees/Wasps,1,2026-09-13T00:00:00.000,2026-09-16T21:27:18.235405+00:00
08 QUEENS,Consumer Complaint,1,2026-09-13T00:00:00.000,2026-09-16T21:27:18.235405+00:00
08 QUEENS,Building/Use,1,2026-09-13T00:00:00.000,2026-09-16T21:27:18.235405+00:00
02 STATEN ISLAND,Dead Animal,1,2026-09-13T00:00:00.000,2026-09-16T21:27:18.235405+00:00
02 STATEN ISLAND,APPLIANCE,1,2026-09-13T00:00:00.000,2026-09-16T21:27:18.235405+00:00
02 QUEENS,Water Conservation,1,2026-09-13T00:00:00.000,2026-09-16T21:27:18.235405+00:00
02 QUEENS,Traffic Signal Condition,1,2026-09-13T00:00:00.000,2026-09-16T21:27:18.235405+00:00
02 QUEENS,Street Sign - Damaged,1,2026-09-13T00:00:00.000,2026-09-16T21:27:18.235405+00:00
12 BRONX,APPLIANCE,1,2026-09-13T00:00:00.000,2026-09-16T21:27:18.235405+00:00
11 QUEENS,Violation of Park Rules,1,2026-09-13T00:00:00.000,2026-09-16T21:27:18.235405+00:00
11 QUEENS,Street Sign - Dangling,1,2026-09-13T00:00:00.000,2026-09-16T21:27:18.235405+00:00
11 QUEENS,Street Sign - Damaged,1,2026-09-13T00:00:00.000,2026-09-16T21:27:18.235405+00:00
04 BROOKLYN,Drinking,1,2026-09-13T00:00:00.000,2026-09-16T21:27:18.235405+00:00
04 BROOKLYN,Derelict Vehicles,1,2026-09-13T00:00:00.000,2026-09-16T21:27:18.235405+00:00
04 BROOKLYN,Curb Condition,1,2026-09-13T00:00:00.000,2026-09-16T21:27:18.235405+00:00
08 QUEENS,Noise - Commercial,1,2026-09-13T00:00:00.000,2026-09-16T21:27:18.235405+00:00
08 QUEENS,Lot Condition,1,2026-09-13T00:00:00.000,2026-09-16T21:27:18.235405+00:00
02 QUEENS,Sidewalk Condition,1,2026-09-13T00:00:00.000,2026-09-16T21:27:18.235405+00:00
02 QUEENS,Rodent,1,2026-09-13T00:00:00.000,2026-09-16T21:27:18.235405+00:00
02 QUEENS,Real Time Enforcement,1,2026-09-13T00:00:00.000,2026-09-16T21:27:18.235405+00:00
02 QUEENS,Outdoor Dining,1,2026-09-13T00:00:00.000,2026-09-16T21:27:18.235405+00:00
02 QUEENS,Obstruction,1,2026-09-13T00:00:00.000,2026-09-16T21:27:18.235405+00:00
12 BRONX,Dumpster Complaint,1,2026-09-13T00:00:00.000,2026-09-16T21:27:18.235405+00:00
12 BRONX,Cannabis Retailer,1,2026-09-13T00:00:00.000,2026-09-16T21:27:18.235405+00:00
12 BRONX,Building/Use,1,2026-09-13T00:00:00.000,2026-09-16T21:27:18.235405+00:00
12 BRONX,Air Quality,1,2026-09-13T00:00:00.000,2026-09-16T21:27:18.235405+00:00
08 QUEENS,Elevator,1,2026-09-13T00:00:00.000,2026-09-16T21:27:18.235405+00:00
04 BROOKLYN,Maintenance or Facility,1,2026-09-13T00:00:00.000,2026-09-16T21:27:18.235405+00:00
04 BROOKLYN,Lost Property,1,2026-09-13T00:00:00.000,2026-09-16T21:27:18.235405+00:00
04 BROOKLYN,Indoor Sewage,1,2026-09-13T00:00:00.000,2026-09-16T21:27:18.235405+00:00
04 BROOKLYN,Harboring Bees/Wasps,1,2026-09-13T00:00:00.000,2026-09-16T21:27:18.235405+00:00
08 QUEENS,Day Care,1,2026-09-13T00:00:00.000,2026-09-16T21:27:18.235405+00:00
08 QUEENS,Curb Condition,1,2026-09-13T00:00:00.000,2026-09-16T21:27:18.235405+00:00
08 MANHATTAN,Wood Pile Remaining,1,2026-09-13T00:00:00.000,2026-09-16T21:27:18.235405+00:00
04 BROOKLYN,Street Sweeping Complaint,1,2026-09-13T00:00:00.000,2026-09-16T21:27:18.235405+00:00
04 BROOKLYN,Street Sign - Dangling,1,2026-09-13T00:00:00.000,2026-09-16T21:27:18.235405+00:00
04 BROOKLYN,Special Projects Inspection Team (SPIT),1,2026-09-13T00:00:00.000,2026-09-16T21:27:18.235405+00:00
04 BROOKLYN,Root/Sewer/Sidewalk Condition,1,2026-09-13T00:00:00.000,2026-09-16T21:27:18.235405+00:00
04 BROOKLYN,Residential Disposal Complaint,1,2026-09-13T00:00:00.000,2026-09-16T21:27:18.235405+00:00
04 BROOKLYN,Plumbing,1,2026-09-13T00:00:00.000,2026-09-16T21:27:18.235405+00:00
04 BROOKLYN,Non-Emergency Police Matter,1,2026-09-13T00:00:00.000,2026-09-16T21:27:18.235405+00:00
08 MANHATTAN,WATER LEAK,1,2026-09-13T00:00:00.000,2026-09-16T21:27:18.235405+00:00
12 BRONX,Real Time Enforcement,1,2026-09-13T00:00:00.000,2026-09-16T21:27:18.235405+00:00
12 BRONX,Noise,1,2026-09-13T00:00:00.000,2026-09-16T21:27:18.235405+00:00
12 BRONX,Litter Basket Request,1,2026-09-13T00:00:00.000,2026-09-16T21:27:18.235405+00:00
12 BRONX,Litter Basket Complaint,1,2026-09-13T00:00:00.000,2026-09-16T21:27:18.235405+00:00
12 BRONX,Illegal Posting,1,2026-09-13T00:00:00.000,2026-09-16T21:27:18.235405+00:00
12 BRONX,General Construction/Plumbing,1,2026-09-13T00:00:00.000,2026-09-16T21:27:18.235405+00:00
02 QUEENS,Smoking or Vaping,1,2026-09-13T00:00:00.000,2026-09-16T21:27:18.235405+00:00
08 MANHATTAN,Plumbing,1,2026-09-13T00:00:00.000,2026-09-16T21:27:18.235405+00:00
08 MANHATTAN,Panhandling,1,2026-09-13T00:00:00.000,2026-09-16T21:27:18.235405+00:00
08 MANHATTAN,PLUMBING,1,2026-09-13T00:00:00.000,2026-09-16T21:27:18.235405+00:00
08 MANHATTAN,Outdoor Dining,1,2026-09-13T00:00:00.000,2026-09-16T21:27:18.235405+00:00
08 MANHATTAN,Non-Emergency Police Matter,1,2026-09-13T00:00:00.000,2026-09-16T21:27:18.235405+00:00
12 BRONX,Water Conservation,1,2026-09-13T00:00:00.000,2026-09-16T21:27:18.235405+00:00
12 BRONX,Vendor Enforcement,1,2026-09-13T00:00:00.000,2026-09-16T21:27:18.235405+00:00
02 QUEENS,Noise - Park,1,2026-09-13T00:00:00.000,2026-09-16T21:27:18.235405+00:00
02 QUEENS,Mold,1,2026-09-13T00:00:00.000,2026-09-16T21:27:18.235405+00:00
02 QUEENS,Missed Collection,1,2026-09-13T00:00:00.000,2026-09-16T21:27:18.235405+00:00
02 QUEENS,Lot Condition,1,2026-09-13T00:00:00.000,2026-09-16T21:27:18.235405+00:00
02 QUEENS,Homeless Person Assistance,1,2026-09-13T00:00:00.000,2026-09-16T21:27:18.235405+00:00
12 BRONX,Unsanitary Animal Pvt Property,1,2026-09-13T00:00:00.000,2026-09-16T21:27:18.235405+00:00
12 BRONX,Traffic Signal Condition,1,2026-09-13T00:00:00.000,2026-09-16T21:27:18.235405+00:00
12 BRONX,Street Sign - Missing,1,2026-09-13T00:00:00.000,2026-09-16T21:27:18.235405+00:00
08 QUEENS,APPLIANCE,1,2026-09-13T00:00:00.000,2026-09-16T21:27:18.235405+00:00
08 MANHATTAN,For Hire Vehicle Report,1,2026-09-13T00:00:00.000,2026-09-16T21:27:18.235405+00:00
08 MANHATTAN,For Hire Vehicle Complaint,1,2026-09-13T00:00:00.000,2026-09-16T21:27:18.235405+00:00
08 MANHATTAN,Food Establishment,1,2026-09-13T00:00:00.000,2026-09-16T21:27:18.235405+00:00
04 MANHATTAN,Dead/Dying Tree,1,2026-09-13T00:00:00.000,2026-09-16T21:27:18.235405+00:00
04 MANHATTAN,Damaged Tree,1,2026-09-13T00:00:00.000,2026-09-16T21:27:18.235405+00:00
04 MANHATTAN,DOOR/WINDOW,1,2026-09-13T00:00:00.000,2026-09-16T21:27:18.235405+00:00
12 BROOKLYN,Harboring Bees/Wasps,1,2026-09-13T00:00:00.000,2026-09-16T21:27:18.235405+00:00
12 BROOKLYN,HEAT/HOT WATER,1,2026-09-13T00:00:00.000,2026-09-16T21:27:18.235405+00:00
12 BROOKLYN,For Hire Vehicle Complaint,1,2026-09-13T00:00:00.000,2026-09-16T21:27:18.235405+00:00
12 BROOKLYN,Emergency Response Team (ERT),1,2026-09-13T00:00:00.000,2026-09-16T21:27:18.235405+00:00
12 BROOKLYN,ELECTRIC,1,2026-09-13T00:00:00.000,2026-09-16T21:27:18.235405+00:00
12 BROOKLYN,DOOR/WINDOW,1,2026-09-13T00:00:00.000,2026-09-16T21:27:18.235405+00:00
12 BRONX,Wood Pile Remaining,1,2026-09-13T00:00:00.000,2026-09-16T21:27:18.235405+00:00
08 MANHATTAN,Street Sign - Missing,1,2026-09-13T00:00:00.000,2026-09-16T21:27:18.235405+00:00
08 MANHATTAN,Street Sign - Damaged,1,2026-09-13T00:00:00.000,2026-09-16T21:27:18.235405+00:00
08 MANHATTAN,SAFETY,1,2026-09-13T00:00:00.000,2026-09-16T21:27:18.235405+00:00
02 MANHATTAN,Street Sign - Missing,1,2026-09-13T00:00:00.000,2026-09-16T21:27:18.235405+00:00
02 MANHATTAN,Street Sign - Dangling,1,2026-09-13T00:00:00.000,2026-09-16T21:27:18.235405+00:00
02 MANHATTAN,SAFETY,1,2026-09-13T00:00:00.000,2026-09-16T21:27:18.235405+00:00
02 QUEENS,ELEVATOR,1,2026-09-13T00:00:00.000,2026-09-16T21:27:18.235405+00:00
02 QUEENS,ELECTRIC,1,2026-09-13T00:00:00.000,2026-09-16T21:27:18.235405+00:00
02 QUEENS,Derelict Vehicles,1,2026-09-13T00:00:00.000,2026-09-16T21:27:18.235405+00:00
02 QUEENS,Construction Lead Dust,1,2026-09-13T00:00:00.000,2026-09-16T21:27:18.235405+00:00
02 QUEENS,Air Quality,1,2026-09-13T00:00:00.000,2026-09-16T21:27:18.235405+00:00
02 QUEENS,Abandoned Bike,1,2026-09-13T00:00:00.000,2026-09-16T21:27:18.235405+00:00
02 QUEENS,APPLIANCE,1,2026-09-13T00:00:00.000,2026-09-16T21:27:18.235405+00:00
12 BROOKLYN,Litter Basket Complaint,1,2026-09-13T00:00:00.000,2026-09-16T21:27:18.235405+00:00
12 BROOKLYN,Lead,1,2026-09-13T00:00:00.000,2026-09-16T21:27:18.235405+00:00
08 MANHATTAN,Noise - Helicopter,1,2026-09-13T00:00:00.000,2026-09-16T21:27:18.235405+00:00
08 MANHATTAN,Noise - Commercial,1,2026-09-13T00:00:00.000,2026-09-16T21:27:18.235405+00:00
08 MANHATTAN,Mold,1,2026-09-13T00:00:00.000,2026-09-16T21:27:18.235405+00:00
08 MANHATTAN,Litter Basket Request,1,2026-09-13T00:00:00.000,2026-09-16T21:27:18.235405+00:00
04 MANHATTAN,Abandoned Vehicle,1,2026-09-13T00:00:00.000,2026-09-16T21:27:18.235405+00:00
04 BROOKLYN,Unsanitary Pigeon Condition,1,2026-09-13T00:00:00.000,2026-09-16T21:27:18.235405+00:00
08 MANHATTAN,FLOORING/STAIRS,1,2026-09-13T00:00:00.000,2026-09-16T21:27:18.235405+00:00
08 MANHATTAN,ELECTRIC,1,2026-09-13T00:00:00.000,2026-09-16T21:27:18.235405+00:00
08 MANHATTAN,Dead Animal,1,2026-09-13T00:00:00.000,2026-09-16T21:27:18.235405+00:00
08 MANHATTAN,Damaged Tree,1,2026-09-13T00:00:00.000,2026-09-16T21:27:18.235405+00:00
08 MANHATTAN,Commercial Disposal Complaint,1,2026-09-13T00:00:00.000,2026-09-16T21:27:18.235405+00:00
08 MANHATTAN,Boilers,1,2026-09-13T00:00:00.000,2026-09-16T21:27:18.235405+00:00
12 BROOKLYN,Street Sign - Damaged,1,2026-09-13T00:00:00.000,2026-09-16T21:27:18.235405+00:00
12 BROOKLYN,Smoking or Vaping,1,2026-09-13T00:00:00.000,2026-09-16T21:27:18.235405+00:00
12 BROOKLYN,Real Time Enforcement,1,2026-09-13T00:00:00.000,2026-09-16T21:27:18.235405+00:00
12 BROOKLYN,Overgrown Tree/Branches,1,2026-09-13T00:00:00.000,2026-09-16T21:27:18.235405+00:00
12 BROOKLYN,Noise - Commercial,1,2026-09-13T00:00:00.000,2026-09-16T21:27:18.235405+00:00
12 BROOKLYN,Mosquitoes,1,2026-09-13T00:00:00.000,2026-09-16T21:27:18.235405+00:00
02 MANHATTAN,Water Quality,1,2026-09-13T00:00:00.000,2026-09-16T21:27:18.235405+00:00
02 MANHATTAN,Urinating in Public,1,2026-09-13T00:00:00.000,2026-09-16T21:27:18.235405+00:00
08 BROOKLYN,Vendor Enforcement,1,2026-09-13T00:00:00.000,2026-09-16T21:27:18.235405+00:00
08 BROOKLYN,Root/Sewer/Sidewalk Condition,1,2026-09-13T00:00:00.000,2026-09-16T21:27:18.235405+00:00
08 BROOKLYN,Plumbing,1,2026-09-13T00:00:00.000,2026-09-16T21:27:18.235405+00:00
08 BROOKLYN,Panhandling,1,2026-09-13T00:00:00.000,2026-09-16T21:27:18.235405+00:00
04 MANHATTAN,Indoor Air Quality,1,2026-09-13T00:00:00.000,2026-09-16T21:27:18.235405+00:00
12 MANHATTAN,Air Quality,1,2026-09-13T00:00:00.000,2026-09-16T21:27:18.235405+00:00
02 MANHATTAN,Obstruction,1,2026-09-13T00:00:00.000,2026-09-16T21:27:18.235405+00:00
02 MANHATTAN,Mold,1,2026-09-13T00:00:00.000,2026-09-16T21:27:18.235405+00:00
02 MANHATTAN,Lot Condition,1,2026-09-13T00:00:00.000,2026-09-16T21:27:18.235405+00:00
12 MANHATTAN,Abandoned Vehicle,1,2026-09-13T00:00:00.000,2026-09-16T21:27:18.235405+00:00
12 BROOKLYN,Violation of Park Rules,1,2026-09-13T00:00:00.000,2026-09-16T21:27:18.235405+00:00
12 BROOKLYN,Unsanitary Animal Facility,1,2026-09-13T00:00:00.000,2026-09-16T21:27:18.235405+00:00
12 BROOKLYN,Traffic,1,2026-09-13T00:00:00.000,2026-09-16T21:27:18.235405+00:00
04 MANHATTAN,Curb Condition,1,2026-09-13T00:00:00.000,2026-09-16T21:27:18.235405+00:00
04 MANHATTAN,Commercial Disposal Complaint,1,2026-09-13T00:00:00.000,2026-09-16T21:27:18.235405+00:00
04 MANHATTAN,Air Quality,1,2026-09-13T00:00:00.000,2026-09-16T21:27:18.235405+00:00
04 MANHATTAN,Outdoor Dining,1,2026-09-13T00:00:00.000,2026-09-16T21:27:18.235405+00:00
04 MANHATTAN,Non-Emergency Police Matter,1,2026-09-13T00:00:00.000,2026-09-16T21:27:18.235405+00:00
02 MANHATTAN,Indoor Sewage,1,2026-09-13T00:00:00.000,2026-09-16T21:27:18.235405+00:00
02 MANHATTAN,Illegal Tree Damage,1,2026-09-13T00:00:00.000,2026-09-16T21:27:18.235405+00:00
02 MANHATTAN,GENERAL,1,2026-09-13T00:00:00.000,2026-09-16T21:27:18.235405+00:00
02 MANHATTAN,Emergency Response Team (ERT),1,2026-09-13T00:00:00.000,2026-09-16T21:27:18.235405+00:00
12 MANHATTAN,Food Establishment,1,2026-09-13T00:00:00.000,2026-09-16T21:27:18.235405+00:00
12 MANHATTAN,Encampment,1,2026-09-13T00:00:00.000,2026-09-16T21:27:18.235405+00:00
12 MANHATTAN,Drug Activity,1,2026-09-13T00:00:00.000,2026-09-16T21:27:18.235405+00:00
12 MANHATTAN,Damaged Tree,1,2026-09-13T00:00:00.000,2026-09-16T21:27:18.235405+00:00
12 MANHATTAN,Consumer Complaint,1,2026-09-13T00:00:00.000,2026-09-16T21:27:18.235405+00:00
12 MANHATTAN,Boilers,1,2026-09-13T00:00:00.000,2026-09-16T21:27:18.235405+00:00
12 MANHATTAN,Animal in a Park,1,2026-09-13T00:00:00.000,2026-09-16T21:27:18.235405+00:00
08 MANHATTAN,Bike/Roller/Skate,1,2026-09-13T00:00:00.000,2026-09-16T21:27:18.235405+00:00
08 MANHATTAN,Bike Rack,1,2026-09-13T00:00:00.000,2026-09-16T21:27:18.235405+00:00
08 MANHATTAN,Animal-Abuse,1,2026-09-13T00:00:00.000,2026-09-16T21:27:18.235405+00:00
02 MANHATTAN,Air Quality,1,2026-09-13T00:00:00.000,2026-09-16T21:27:18.235405+00:00
12 MANHATTAN,Vendor Enforcement,1,2026-09-13T00:00:00.000,2026-09-16T21:27:18.235405+00:00
12 MANHATTAN,Unsanitary Pigeon Condition,1,2026-09-13T00:00:00.000,2026-09-16T21:27:18.235405+00:00
12 MANHATTAN,Traffic,1,2026-09-13T00:00:00.000,2026-09-16T21:27:18.235405+00:00
12 MANHATTAN,Special Projects Inspection Team (SPIT),1,2026-09-13T00:00:00.000,2026-09-16T21:27:18.235405+00:00
12 MANHATTAN,Sanitation Worker or Vehicle Complaint,1,2026-09-13T00:00:00.000,2026-09-16T21:27:18.235405+00:00
12 MANHATTAN,Outdoor Dining,1,2026-09-13T00:00:00.000,2026-09-16T21:27:18.235405+00:00
12 MANHATTAN,Obstruction,1,2026-09-13T00:00:00.000,2026-09-16T21:27:18.235405+00:00
12 MANHATTAN,Lead,1,2026-09-13T00:00:00.000,2026-09-16T21:27:18.235405+00:00
02 MANHATTAN,Litter Basket Complaint,1,2026-09-13T00:00:00.000,2026-09-16T21:27:18.235405+00:00
04 MANHATTAN,General Construction/Plumbing,1,2026-09-13T00:00:00.000,2026-09-16T21:27:18.235405+00:00
04 MANHATTAN,For Hire Vehicle Complaint,1,2026-09-13T00:00:00.000,2026-09-16T21:27:18.235405+00:00
08 BROOKLYN,Obstruction,1,2026-09-13T00:00:00.000,2026-09-16T21:27:18.235405+00:00
08 BROOKLYN,Missed Collection,1,2026-09-13T00:00:00.000,2026-09-16T21:27:18.235405+00:00
08 BROOKLYN,Indoor Air Quality,1,2026-09-13T00:00:00.000,2026-09-16T21:27:18.235405+00:00
04 MANHATTAN,Panhandling,1,2026-09-13T00:00:00.000,2026-09-16T21:27:18.235405+00:00
04 MANHATTAN,Mobile Food Vendor,1,2026-09-13T00:00:00.000,2026-09-16T21:27:18.235405+00:00
04 MANHATTAN,Missed Collection,1,2026-09-13T00:00:00.000,2026-09-16T21:27:18.235405+00:00
04 MANHATTAN,Litter Basket Request,1,2026-09-13T00:00:00.000,2026-09-16T21:27:18.235405+00:00
04 MANHATTAN,Litter Basket Complaint,1,2026-09-13T00:00:00.000,2026-09-16T21:27:18.235405+00:00
08 BROOKLYN,For Hire Vehicle Complaint,1,2026-09-13T00:00:00.000,2026-09-16T21:27:18.235405+00:00
08 BROOKLYN,Emergency Response Team (ERT),1,2026-09-13T00:00:00.000,2026-09-16T21:27:18.235405+00:00
08 BROOKLYN,Derelict Vehicles,1,2026-09-13T00:00:00.000,2026-09-16T21:27:18.235405+00:00
08 BROOKLYN,Curb Condition,1,2026-09-13T00:00:00.000,2026-09-16T21:27:18.235405+00:00
04 MANHATTAN,WATER LEAK,1,2026-09-13T00:00:00.000,2026-09-16T21:27:18.235405+00:00
12 MANHATTAN,Water Conservation,1,2026-09-13T00:00:00.000,2026-09-16T21:27:18.235405+00:00
02 MANHATTAN,ELEVATOR,1,2026-09-13T00:00:00.000,2026-09-16T21:27:18.235405+00:00
02 MANHATTAN,Dead Animal,1,2026-09-13T00:00:00.000,2026-09-16T21:27:18.235405+00:00
02 MANHATTAN,Cannabis Retailer,1,2026-09-13T00:00:00.000,2026-09-16T21:27:18.235405+00:00
02 MANHATTAN,Building/Use,1,2026-09-13T00:00:00.000,2026-09-16T21:27:18.235405+00:00
02 MANHATTAN,Bike/Roller/Skate,1,2026-09-13T00:00:00.000,2026-09-16T21:27:18.235405+00:00
02 MANHATTAN,Bike Rack,1,2026-09-13T00:00:00.000,2026-09-16T21:27:18.235405+00:00
08 BRONX,Panhandling,1,2026-09-13T00:00:00.000,2026-09-16T21:27:18.235405+00:00
08 BRONX,Overgrown Tree/Branches,1,2026-09-13T00:00:00.000,2026-09-16T21:27:18.235405+00:00
08 BRONX,Obstruction,1,2026-09-13T00:00:00.000,2026-09-16T21:27:18.235405+00:00
08 BRONX,Noise - Park,1,2026-09-13T00:00:00.000,2026-09-16T21:27:18.235405+00:00
08 BRONX,Noise - Helicopter,1,2026-09-13T00:00:00.000,2026-09-16T21:27:18.235405+00:00
02 BROOKLYN,Unsanitary Pigeon Condition,1,2026-09-13T00:00:00.000,2026-09-16T21:27:18.235405+00:00
02 BROOKLYN,Root/Sewer/Sidewalk Condition,1,2026-09-13T00:00:00.000,2026-09-16T21:27:18.235405+00:00
12 QUEENS,Day Care,1,2026-09-13T00:00:00.000,2026-09-16T21:27:18.235405+00:00
12 QUEENS,Curb Condition,1,2026-09-13T00:00:00.000,2026-09-16T21:27:18.235405+00:00
04 MANHATTAN,Violation of Park Rules,1,2026-09-13T00:00:00.000,2026-09-16T21:27:18.235405+00:00
04 MANHATTAN,Traffic,1,2026-09-13T00:00:00.000,2026-09-16T21:27:18.235405+00:00
04 MANHATTAN,Street Sign - Dangling,1,2026-09-13T00:00:00.000,2026-09-16T21:27:18.235405+00:00
04 MANHATTAN,Standing Water,1,2026-09-13T00:00:00.000,2026-09-16T21:27:18.235405+00:00
04 MANHATTAN,Rodent,1,2026-09-13T00:00:00.000,2026-09-16T21:27:18.235405+00:00
08 BROOKLYN,Cannabis Retailer,1,2026-09-13T00:00:00.000,2026-09-16T21:27:18.235405+00:00
08 BROOKLYN,Animal-Abuse,1,2026-09-13T00:00:00.000,2026-09-16T21:27:18.235405+00:00
04 QUEENS,Consumer Complaint,1,2026-09-13T00:00:00.000,2026-09-16T21:27:18.235405+00:00
08 BRONX,Litter Basket Request,1,2026-09-13T00:00:00.000,2026-09-16T21:27:18.235405+00:00
02 BROOKLYN,Non-Emergency Police Matter,1,2026-09-13T00:00:00.000,2026-09-16T21:27:18.235405+00:00
02 BROOKLYN,Noise - Park,1,2026-09-13T00:00:00.000,2026-09-16T21:27:18.235405+00:00
02 BROOKLYN,Mobile Food Vendor,1,2026-09-13T00:00:00.000,2026-09-16T21:27:18.235405+00:00
02 BROOKLYN,Lot Condition,1,2026-09-13T00:00:00.000,2026-09-16T21:27:18.235405+00:00
02 BROOKLYN,Litter Basket Complaint,1,2026-09-13T00:00:00.000,2026-09-16T21:27:18.235405+00:00
12 QUEENS,Illegal Tree Damage,1,2026-09-13T00:00:00.000,2026-09-16T21:27:18.235405+00:00
12 QUEENS,FLOORING/STAIRS,1,2026-09-13T00:00:00.000,2026-09-16T21:27:18.235405+00:00
02 BROOKLYN,Violation of Park Rules,1,2026-09-13T00:00:00.000,2026-09-16T21:27:18.235405+00:00
08 BROOKLYN,Abandoned Bike,1,2026-09-13T00:00:00.000,2026-09-16T21:27:18.235405+00:00
08 BRONX,Traffic Signal Condition,1,2026-09-13T00:00:00.000,2026-09-16T21:27:18.235405+00:00
08 BRONX,Street Condition,1,2026-09-13T00:00:00.000,2026-09-16T21:27:18.235405+00:00
08 BRONX,Sidewalk Condition,1,2026-09-13T00:00:00.000,2026-09-16T21:27:18.235405+00:00
08 BRONX,Sewer Maintenance,1,2026-09-13T00:00:00.000,2026-09-16T21:27:18.235405+00:00
08 BRONX,Real Time Enforcement,1,2026-09-13T00:00:00.000,2026-09-16T21:27:18.235405+00:00
02 BRONX,Street Light Condition,1,2026-09-13T00:00:00.000,2026-09-16T21:27:18.235405+00:00
12 QUEENS,Water Conservation,1,2026-09-13T00:00:00.000,2026-09-16T21:27:18.235405+00:00
12 QUEENS,Smoking or Vaping,1,2026-09-13T00:00:00.000,2026-09-16T21:27:18.235405+00:00
12 QUEENS,Root/Sewer/Sidewalk Condition,1,2026-09-13T00:00:00.000,2026-09-16T21:27:18.235405+00:00
12 QUEENS,Noise,1,2026-09-13T00:00:00.000,2026-09-16T21:27:18.235405+00:00
02 BROOKLYN,HEAT/HOT WATER,1,2026-09-13T00:00:00.000,2026-09-16T21:27:18.235405+00:00
02 BROOKLYN,Graffiti,1,2026-09-13T00:00:00.000,2026-09-16T21:27:18.235405+00:00
02 BROOKLYN,Food Establishment,1,2026-09-13T00:00:00.000,2026-09-16T21:27:18.235405+00:00
02 BROOKLYN,ELECTRIC,1,2026-09-13T00:00:00.000,2026-09-16T21:27:18.235405+00:00
02 BROOKLYN,Drug Activity,1,2026-09-13T00:00:00.000,2026-09-16T21:27:18.235405+00:00
02 BROOKLYN,Day Care,1,2026-09-13T00:00:00.000,2026-09-16T21:27:18.235405+00:00
04 QUEENS,Graffiti,1,2026-09-13T00:00:00.000,2026-09-16T21:27:18.235405+00:00
04 QUEENS,GENERAL,1,2026-09-13T00:00:00.000,2026-09-16T21:27:18.235405+00:00
04 QUEENS,Food Establishment,1,2026-09-13T00:00:00.000,2026-09-16T21:27:18.235405+00:00
04 QUEENS,Encampment,1,2026-09-13T00:00:00.000,2026-09-16T21:27:18.235405+00:00
04 QUEENS,Derelict Vehicles,1,2026-09-13T00:00:00.000,2026-09-16T21:27:18.235405+00:00
08 BRONX,Derelict Vehicles,1,2026-09-13T00:00:00.000,2026-09-16T21:27:18.235405+00:00
08 BRONX,Damaged Tree,1,2026-09-13T00:00:00.000,2026-09-16T21:27:18.235405+00:00
08 BRONX,Consumer Complaint,1,2026-09-13T00:00:00.000,2026-09-16T21:27:18.235405+00:00
08 BRONX,Cannabis Retailer,1,2026-09-13T00:00:00.000,2026-09-16T21:27:18.235405+00:00
07 QUEENS,Wood Pile Remaining,1,2026-09-13T00:00:00.000,2026-09-16T21:27:18.235405+00:00
07 QUEENS,Water Maintenance,1,2026-09-13T00:00:00.000,2026-09-16T21:27:18.235405+00:00
07 QUEENS,Unleashed Dog,1,2026-09-13T00:00:00.000,2026-09-16T21:27:18.235405+00:00
07 QUEENS,Street Sign - Damaged,1,2026-09-13T00:00:00.000,2026-09-16T21:27:18.235405+00:00
13 BROOKLYN,Animal in a Park,1,2026-09-13T00:00:00.000,2026-09-16T21:27:18.235405+00:00
13 BROOKLYN,Abandoned Vehicle,1,2026-09-13T00:00:00.000,2026-09-16T21:27:18.235405+00:00
02 BROOKLYN,DOOR/WINDOW,1,2026-09-13T00:00:00.000,2026-09-16T21:27:18.235405+00:00
02 BROOKLYN,Boilers,1,2026-09-13T00:00:00.000,2026-09-16T21:27:18.235405+00:00
02 BROOKLYN,Bike/Roller/Skate,1,2026-09-13T00:00:00.000,2026-09-16T21:27:18.235405+00:00
02 BROOKLYN,Animal in a Park,1,2026-09-13T00:00:00.000,2026-09-16T21:27:18.235405+00:00
02 BROOKLYN,Air Quality,1,2026-09-13T00:00:00.000,2026-09-16T21:27:18.235405+00:00
02 BROOKLYN,Abandoned Bike,1,2026-09-13T00:00:00.000,2026-09-16T21:27:18.235405+00:00
02 BRONX,Indoor Air Quality,1,2026-09-13T00:00:00.000,2026-09-16T21:27:18.235405+00:00
13 BROOKLYN,Obstruction,1,2026-09-13T00:00:00.000,2026-09-16T21:27:18.235405+00:00
13 BROOKLYN,Noise - Vehicle,1,2026-09-13T00:00:00.000,2026-09-16T21:27:18.235405+00:00
13 BROOKLYN,Illegal Tree Damage,1,2026-09-13T00:00:00.000,2026-09-16T21:27:18.235405+00:00
13 BROOKLYN,Illegal Dumping,1,2026-09-13T00:00:00.000,2026-09-16T21:27:18.235405+00:00
13 BROOKLYN,Homeless Person Assistance,1,2026-09-13T00:00:00.000,2026-09-16T21:27:18.235405+00:00
13 BROOKLYN,FLOORING/STAIRS,1,2026-09-13T00:00:00.000,2026-09-16T21:27:18.235405+00:00
13 BROOKLYN,ELECTRIC,1,2026-09-13T00:00:00.000,2026-09-16T21:27:18.235405+00:00
13 BROOKLYN,Dead Animal,1,2026-09-13T00:00:00.000,2026-09-16T21:27:18.235405+00:00
13 BROOKLYN,Damaged Tree,1,2026-09-13T00:00:00.000,2026-09-16T21:27:18.235405+00:00
13 BROOKLYN,DOOR/WINDOW,1,2026-09-13T00:00:00.000,2026-09-16T21:27:18.235405+00:00
13 BROOKLYN,Bench,1,2026-09-13T00:00:00.000,2026-09-16T21:27:18.235405+00:00
13 BROOKLYN,Animal-Abuse,1,2026-09-13T00:00:00.000,2026-09-16T21:27:18.235405+00:00
08 BRONX,Homeless Person Assistance,1,2026-09-13T00:00:00.000,2026-09-16T21:27:18.235405+00:00
08 BRONX,General Construction/Plumbing,1,2026-09-13T00:00:00.000,2026-09-16T21:27:18.235405+00:00
08 BRONX,Food Establishment,1,2026-09-13T00:00:00.000,2026-09-16T21:27:18.235405+00:00
04 QUEENS,Noise,1,2026-09-13T00:00:00.000,2026-09-16T21:27:18.235405+00:00
04 QUEENS,Mobile Food Vendor,1,2026-09-13T00:00:00.000,2026-09-16T21:27:18.235405+00:00
04 QUEENS,Missed Collection,1,2026-09-13T00:00:00.000,2026-09-16T21:27:18.235405+00:00
04 QUEENS,Litter Basket Complaint,1,2026-09-13T00:00:00.000,2026-09-16T21:27:18.235405+00:00
07 QUEENS,Residential Disposal Complaint,1,2026-09-13T00:00:00.000,2026-09-16T21:27:18.235405+00:00
07 QUEENS,Real Time Enforcement,1,2026-09-13T00:00:00.000,2026-09-16T21:27:18.235405+00:00
07 QUEENS,Plumbing,1,2026-09-13T00:00:00.000,2026-09-16T21:27:18.235405+00:00
07 QUEENS,Outdoor Dining,1,2026-09-13T00:00:00.000,2026-09-16T21:27:18.235405+00:00
13 BROOKLYN,Street Light Condition,1,2026-09-13T00:00:00.000,2026-09-16T21:27:18.235405+00:00
02 BRONX,Sewer Maintenance,1,2026-09-13T00:00:00.000,2026-09-16T21:27:18.235405+00:00
02 BRONX,SAFETY,1,2026-09-13T00:00:00.000,2026-09-16T21:27:18.235405+00:00
02 BRONX,Rodent,1,2026-09-13T00:00:00.000,2026-09-16T21:27:18.235405+00:00
02 BRONX,Outdoor Dining,1,2026-09-13T00:00:00.000,2026-09-16T21:27:18.235405+00:00
02 BRONX,Missed Collection,1,2026-09-13T00:00:00.000,2026-09-16T21:27:18.235405+00:00
02 BRONX,Lead,1,2026-09-13T00:00:00.000,2026-09-16T21:27:18.235405+00:00
02 BRONX,Industrial Waste,1,2026-09-13T00:00:00.000,2026-09-16T21:27:18.235405+00:00
07 QUEENS,Illegal Tree Damage,1,2026-09-13T00:00:00.000,2026-09-16T21:27:18.235405+00:00
07 QUEENS,Illegal Fireworks,1,2026-09-13T00:00:00.000,2026-09-16T21:27:18.235405+00:00
07 QUEENS,GENERAL,1,2026-09-13T00:00:00.000,2026-09-16T21:27:18.235405+00:00
07 QUEENS,For Hire Vehicle Complaint,1,2026-09-13T00:00:00.000,2026-09-16T21:27:18.235405+00:00
13 QUEENS,Hazardous Material,1,2026-09-13T00:00:00.000,2026-09-16T21:27:18.235405+00:00
13 QUEENS,General Construction/Plumbing,1,2026-09-13T00:00:00.000,2026-09-16T21:27:18.235405+00:00
13 QUEENS,GENERAL,1,2026-09-13T00:00:00.000,2026-09-16T21:27:18.235405+00:00
13 QUEENS,Food Poisoning,1,2026-09-13T00:00:00.000,2026-09-16T21:27:18.235405+00:00
13 QUEENS,Encampment,1,2026-09-13T00:00:00.000,2026-09-16T21:27:18.235405+00:00
13 QUEENS,Dead Animal,1,2026-09-13T00:00:00.000,2026-09-16T21:27:18.235405+00:00
13 QUEENS,Curb Condition,1,2026-09-13T00:00:00.000,2026-09-16T21:27:18.235405+00:00
13 QUEENS,Borough Office,1,2026-09-13T00:00:00.000,2026-09-16T21:27:18.235405+00:00
13 QUEENS,Animal in a Park,1,2026-09-13T00:00:00.000,2026-09-16T21:27:18.235405+00:00
13 BROOKLYN,Violation of Park Rules,1,2026-09-13T00:00:00.000,2026-09-16T21:27:18.235405+00:00
13 BROOKLYN,Unsanitary Animal Pvt Property,1,2026-09-13T00:00:00.000,2026-09-16T21:27:18.235405+00:00
04 QUEENS,Noise - Park,1,2026-09-13T00:00:00.000,2026-09-16T21:27:18.235405+00:00
01 STATEN ISLAND,Unleashed Dog,1,2026-09-13T00:00:00.000,2026-09-16T21:27:18.235405+00:00
01 STATEN ISLAND,Street Sign - Damaged,1,2026-09-13T00:00:00.000,2026-09-16T21:27:18.235405+00:00
01 STATEN ISLAND,Standing Water,1,2026-09-13T00:00:00.000,2026-09-16T21:27:18.235405+00:00
02 BRONX,Graffiti,1,2026-09-13T00:00:00.000,2026-09-16T21:27:18.235405+00:00
02 BRONX,General Construction/Plumbing,1,2026-09-13T00:00:00.000,2026-09-16T21:27:18.235405+00:00
02 BRONX,Encampment,1,2026-09-13T00:00:00.000,2026-09-16T21:27:18.235405+00:00
02 BRONX,Drinking Water,1,2026-09-13T00:00:00.000,2026-09-16T21:27:18.235405+00:00
02 BRONX,Dead Animal,1,2026-09-13T00:00:00.000,2026-09-16T21:27:18.235405+00:00
02 BRONX,Cooling Tower,1,2026-09-13T00:00:00.000,2026-09-16T21:27:18.235405+00:00
13 QUEENS,Illegal Tree Damage,1,2026-09-13T00:00:00.000,2026-09-16T21:27:18.235405+00:00
05 BRONX,Consumer Complaint,1,2026-09-13T00:00:00.000,2026-09-16T21:27:18.235405+00:00
04 QUEENS,Traffic Signal Condition,1,2026-09-13T00:00:00.000,2026-09-16T21:27:18.235405+00:00
04 QUEENS,Street Light Condition,1,2026-09-13T00:00:00.000,2026-09-16T21:27:18.235405+00:00
04 QUEENS,Sewer Maintenance,1,2026-09-13T00:00:00.000,2026-09-16T21:27:18.235405+00:00
07 QUEENS,Mosquitoes,1,2026-09-13T00:00:00.000,2026-09-16T21:27:18.235405+00:00
07 QUEENS,Lead,1,2026-09-13T00:00:00.000,2026-09-16T21:27:18.235405+00:00
07 QUEENS,Food Poisoning,1,2026-09-13T00:00:00.000,2026-09-16T21:27:18.235405+00:00
05 BRONX,Missed Collection,1,2026-09-13T00:00:00.000,2026-09-16T21:27:18.235405+00:00
05 BRONX,Maintenance or Facility,1,2026-09-13T00:00:00.000,2026-09-16T21:27:18.235405+00:00
05 BRONX,Lead,1,2026-09-13T00:00:00.000,2026-09-16T21:27:18.235405+00:00
05 BRONX,Illegal Tree Damage,1,2026-09-13T00:00:00.000,2026-09-16T21:27:18.235405+00:00
05 BRONX,Homeless Person Assistance,1,2026-09-13T00:00:00.000,2026-09-16T21:27:18.235405+00:00
07 QUEENS,Dead Animal,1,2026-09-13T00:00:00.000,2026-09-16T21:27:18.235405+00:00
01 STATEN ISLAND,Noise - Park,1,2026-09-13T00:00:00.000,2026-09-16T21:27:18.235405+00:00
01 STATEN ISLAND,Mosquitoes,1,2026-09-13T00:00:00.000,2026-09-16T21:27:18.235405+00:00
01 STATEN ISLAND,Lot Condition,1,2026-09-13T00:00:00.000,2026-09-16T21:27:18.235405+00:00
13 QUEENS,Plumbing,1,2026-09-13T00:00:00.000,2026-09-16T21:27:18.235405+00:00
13 QUEENS,New Tree Request,1,2026-09-13T00:00:00.000,2026-09-16T21:27:18.235405+00:00
13 QUEENS,Lot Condition,1,2026-09-13T00:00:00.000,2026-09-16T21:27:18.235405+00:00
13 QUEENS,Litter Basket Request,1,2026-09-13T00:00:00.000,2026-09-16T21:27:18.235405+00:00
01 STATEN ISLAND,Uprooted Stump,1,2026-09-13T00:00:00.000,2026-09-16T21:27:18.235405+00:00
01 STATEN ISLAND,Unsanitary Pigeon Condition,1,2026-09-13T00:00:00.000,2026-09-16T21:27:18.235405+00:00
07 QUEENS,Animal-Abuse,1,2026-09-13T00:00:00.000,2026-09-16T21:27:18.235405+00:00
07 QUEENS,Air Quality,1,2026-09-13T00:00:00.000,2026-09-16T21:27:18.235405+00:00
07 QUEENS,APPLIANCE,1,2026-09-13T00:00:00.000,2026-09-16T21:27:18.235405+00:00
07 MANHATTAN,Water Maintenance,1,2026-09-13T00:00:00.000,2026-09-16T21:27:18.235405+00:00
07 MANHATTAN,Street Sign - Dangling,1,2026-09-13T00:00:00.000,2026-09-16T21:27:18.235405+00:00
07 MANHATTAN,Street Sign - Damaged,1,2026-09-13T00:00:00.000,2026-09-16T21:27:18.235405+00:00
07 MANHATTAN,Special Projects Inspection Team (SPIT),1,2026-09-13T00:00:00.000,2026-09-16T21:27:18.235405+00:00
05 BRONX,Sidewalk Condition,1,2026-09-13T00:00:00.000,2026-09-16T21:27:18.235405+00:00
14 BROOKLYN,Dumpster Complaint,1,2026-09-13T00:00:00.000,2026-09-16T21:27:18.235405+00:00
14 BROOKLYN,Building/Use,1,2026-09-13T00:00:00.000,2026-09-16T21:27:18.235405+00:00
14 BROOKLYN,Boilers,1,2026-09-13T00:00:00.000,2026-09-16T21:27:18.235405+00:00
14 BROOKLYN,Animal-Abuse,1,2026-09-13T00:00:00.000,2026-09-16T21:27:18.235405+00:00
14 BROOKLYN,Air Quality,1,2026-09-13T00:00:00.000,2026-09-16T21:27:18.235405+00:00
13 QUEENS,Wood Pile Remaining,1,2026-09-13T00:00:00.000,2026-09-16T21:27:18.235405+00:00
13 QUEENS,Special Projects Inspection Team (SPIT),1,2026-09-13T00:00:00.000,2026-09-16T21:27:18.235405+00:00
01 STATEN ISLAND,Real Time Enforcement,1,2026-09-13T00:00:00.000,2026-09-16T21:27:18.235405+00:00
05 BRONX,Noise - Helicopter,1,2026-09-13T00:00:00.000,2026-09-16T21:27:18.235405+00:00
05 BRONX,Mobile Food Vendor,1,2026-09-13T00:00:00.000,2026-09-16T21:27:18.235405+00:00
07 MANHATTAN,Smoking or Vaping,1,2026-09-13T00:00:00.000,2026-09-16T21:27:18.235405+00:00
07 MANHATTAN,Residential Disposal Complaint,1,2026-09-13T00:00:00.000,2026-09-16T21:27:18.235405+00:00
07 MANHATTAN,Real Time Enforcement,1,2026-09-13T00:00:00.000,2026-09-16T21:27:18.235405+00:00
07 MANHATTAN,Obstruction,1,2026-09-13T00:00:00.000,2026-09-16T21:27:18.235405+00:00
07 MANHATTAN,OUTSIDE BUILDING,1,2026-09-13T00:00:00.000,2026-09-16T21:27:18.235405+00:00
01 QUEENS,Standing Water,1,2026-09-13T00:00:00.000,2026-09-16T21:27:18.235405+00:00
01 STATEN ISLAND,Illegal Animal Kept as Pet,1,2026-09-13T00:00:00.000,2026-09-16T21:27:18.235405+00:00
01 STATEN ISLAND,Elevator,1,2026-09-13T00:00:00.000,2026-09-16T21:27:18.235405+00:00
01 STATEN ISLAND,Derelict Vehicles,1,2026-09-13T00:00:00.000,2026-09-16T21:27:18.235405+00:00
14 BROOKLYN,For Hire Vehicle Complaint,1,2026-09-13T00:00:00.000,2026-09-16T21:27:18.235405+00:00
14 BROOKLYN,Food Establishment,1,2026-09-13T00:00:00.000,2026-09-16T21:27:18.235405+00:00
14 BROOKLYN,Encampment,1,2026-09-13T00:00:00.000,2026-09-16T21:27:18.235405+00:00
07 QUEENS,Commercial Disposal Complaint,1,2026-09-13T00:00:00.000,2026-09-16T21:27:18.235405+00:00
07 QUEENS,Cannabis Retailer,1,2026-09-13T00:00:00.000,2026-09-16T21:27:18.235405+00:00
14 BROOKLYN,Sewer Maintenance,1,2026-09-13T00:00:00.000,2026-09-16T21:27:18.235405+00:00
14 BROOKLYN,Sanitation Worker or Vehicle Complaint,1,2026-09-13T00:00:00.000,2026-09-16T21:27:18.235405+00:00
14 BROOKLYN,SAFETY,1,2026-09-13T00:00:00.000,2026-09-16T21:27:18.235405+00:00
14 BROOKLYN,Root/Sewer/Sidewalk Condition,1,2026-09-13T00:00:00.000,2026-09-16T21:27:18.235405+00:00
14 BROOKLYN,Panhandling,1,2026-09-13T00:00:00.000,2026-09-16T21:27:18.235405+00:00
14 BROOKLYN,Litter Basket Request,1,2026-09-13T00:00:00.000,2026-09-16T21:27:18.235405+00:00
14 BROOKLYN,Indoor Air Quality,1,2026-09-13T00:00:00.000,2026-09-16T21:27:18.235405+00:00
14 BROOKLYN,Illegal Animal Kept as Pet,1,2026-09-13T00:00:00.000,2026-09-16T21:27:18.235405+00:00
14 BROOKLYN,General Construction/Plumbing,1,2026-09-13T00:00:00.000,2026-09-16T21:27:18.235405+00:00
01 STATEN ISLAND,Building/Use,1,2026-09-13T00:00:00.000,2026-09-16T21:27:18.235405+00:00
01 STATEN ISLAND,Abandoned Bike,1,2026-09-13T00:00:00.000,2026-09-16T21:27:18.235405+00:00
01 QUEENS,Vendor Enforcement,1,2026-09-13T00:00:00.000,2026-09-16T21:27:18.235405+00:00
01 QUEENS,Street Sign - Dangling,1,2026-09-13T00:00:00.000,2026-09-16T21:27:18.235405+00:00
05 BRONX,Sanitation Worker or Vehicle Complaint,1,2026-09-13T00:00:00.000,2026-09-16T21:27:18.235405+00:00
05 BRONX,Root/Sewer/Sidewalk Condition,1,2026-09-13T00:00:00.000,2026-09-16T21:27:18.235405+00:00
05 BRONX,Residential Disposal Complaint,1,2026-09-13T00:00:00.000,2026-09-16T21:27:18.235405+00:00
07 MANHATTAN,Day Care,1,2026-09-13T00:00:00.000,2026-09-16T21:27:18.235405+00:00
05 BROOKLYN,Air Quality,1,2026-09-13T00:00:00.000,2026-09-16T21:27:18.235405+00:00
05 BROOKLYN,APPLIANCE,1,2026-09-13T00:00:00.000,2026-09-16T21:27:18.235405+00:00
05 BRONX,Unleashed Dog,1,2026-09-13T00:00:00.000,2026-09-16T21:27:18.235405+00:00
05 BRONX,Traffic Signal Condition,1,2026-09-13T00:00:00.000,2026-09-16T21:27:18.235405+00:00
05 BRONX,Traffic,1,2026-09-13T00:00:00.000,2026-09-16T21:27:18.235405+00:00
05 BRONX,Street Sweeping Complaint,1,2026-09-13T00:00:00.000,2026-09-16T21:27:18.235405+00:00
07 MANHATTAN,New Tree Request,1,2026-09-13T00:00:00.000,2026-09-16T21:27:18.235405+00:00
07 MANHATTAN,Indoor Sewage,1,2026-09-13T00:00:00.000,2026-09-16T21:27:18.235405+00:00
14 BROOKLYN,Vendor Enforcement,1,2026-09-13T00:00:00.000,2026-09-16T21:27:18.235405+00:00
01 QUEENS,Smoking or Vaping,1,2026-09-13T00:00:00.000,2026-09-16T21:27:18.235405+00:00
01 QUEENS,Real Time Enforcement,1,2026-09-13T00:00:00.000,2026-09-16T21:27:18.235405+00:00
01 QUEENS,Panhandling,1,2026-09-13T00:00:00.000,2026-09-16T21:27:18.235405+00:00
01 QUEENS,Outdoor Dining,1,2026-09-13T00:00:00.000,2026-09-16T21:27:18.235405+00:00
14 BROOKLYN,Street Sign - Dangling,1,2026-09-13T00:00:00.000,2026-09-16T21:27:18.235405+00:00
14 BROOKLYN,Street Condition,1,2026-09-13T00:00:00.000,2026-09-16T21:27:18.235405+00:00
14 QUEENS,Rodent,1,2026-09-13T00:00:00.000,2026-09-16T21:27:18.235405+00:00
14 QUEENS,Residential Disposal Complaint,1,2026-09-13T00:00:00.000,2026-09-16T21:27:18.235405+00:00
14 QUEENS,Obstruction,1,2026-09-13T00:00:00.000,2026-09-16T21:27:18.235405+00:00
14 QUEENS,Noise - Commercial,1,2026-09-13T00:00:00.000,2026-09-16T21:27:18.235405+00:00
14 QUEENS,Indoor Air Quality,1,2026-09-13T00:00:00.000,2026-09-16T21:27:18.235405+00:00
14 QUEENS,Illegal Fireworks,1,2026-09-13T00:00:00.000,2026-09-16T21:27:18.235405+00:00
14 QUEENS,Damaged Tree,1,2026-09-13T00:00:00.000,2026-09-16T21:27:18.235405+00:00
14 QUEENS,Curb Condition,1,2026-09-13T00:00:00.000,2026-09-16T21:27:18.235405+00:00
14 QUEENS,Cannabis Retailer,1,2026-09-13T00:00:00.000,2026-09-16T21:27:18.235405+00:00
14 BROOKLYN,Violation of Park Rules,1,2026-09-13T00:00:00.000,2026-09-16T21:27:18.235405+00:00
05 BROOKLYN,Green Infrastructure,1,2026-09-13T00:00:00.000,2026-09-16T21:27:18.235405+00:00
05 BROOKLYN,Drug Activity,1,2026-09-13T00:00:00.000,2026-09-16T21:27:18.235405+00:00
05 BROOKLYN,Derelict Vehicles,1,2026-09-13T00:00:00.000,2026-09-16T21:27:18.235405+00:00
05 BROOKLYN,Dead Animal,1,2026-09-13T00:00:00.000,2026-09-16T21:27:18.235405+00:00
07 MANHATTAN,Dumpster Complaint,1,2026-09-13T00:00:00.000,2026-09-16T21:27:18.235405+00:00
07 MANHATTAN,Drinking,1,2026-09-13T00:00:00.000,2026-09-16T21:27:18.235405+00:00
05 BROOKLYN,SAFETY,1,2026-09-13T00:00:00.000,2026-09-16T21:27:18.235405+00:00
07 MANHATTAN,Animal-Abuse,1,2026-09-13T00:00:00.000,2026-09-16T21:27:18.235405+00:00
07 MANHATTAN,Abandoned Bike,1,2026-09-13T00:00:00.000,2026-09-16T21:27:18.235405+00:00
07 BROOKLYN,Water Maintenance,1,2026-09-13T00:00:00.000,2026-09-16T21:27:18.235405+00:00
07 BROOKLYN,Vendor Enforcement,1,2026-09-13T00:00:00.000,2026-09-16T21:27:18.235405+00:00
07 BROOKLYN,Traffic,1,2026-09-13T00:00:00.000,2026-09-16T21:27:18.235405+00:00
07 BROOKLYN,Street Sweeping Complaint,1,2026-09-13T00:00:00.000,2026-09-16T21:27:18.235405+00:00
14 QUEENS,Street Sign - Damaged,1,2026-09-13T00:00:00.000,2026-09-16T21:27:18.235405+00:00
01 QUEENS,Noise - House of Worship,1,2026-09-13T00:00:00.000,2026-09-16T21:27:18.235405+00:00
01 QUEENS,Litter Basket Complaint,1,2026-09-13T00:00:00.000,2026-09-16T21:27:18.235405+00:00
01 QUEENS,Indoor Air Quality,1,2026-09-13T00:00:00.000,2026-09-16T21:27:18.235405+00:00
01 QUEENS,Illegal Tree Damage,1,2026-09-13T00:00:00.000,2026-09-16T21:27:18.235405+00:00
01 QUEENS,Illegal Posting,1,2026-09-13T00:00:00.000,2026-09-16T21:27:18.235405+00:00
01 QUEENS,Illegal Fireworks,1,2026-09-13T00:00:00.000,2026-09-16T21:27:18.235405+00:00
01 QUEENS,Homeless Person Assistance,1,2026-09-13T00:00:00.000,2026-09-16T21:27:18.235405+00:00
14 QUEENS,Root/Sewer/Sidewalk Condition,1,2026-09-13T00:00:00.000,2026-09-16T21:27:18.235405+00:00
07 BROOKLYN,Drinking,1,2026-09-13T00:00:00.000,2026-09-16T21:27:18.235405+00:00
05 MANHATTAN,Elevator,1,2026-09-13T00:00:00.000,2026-09-16T21:27:18.235405+00:00
05 MANHATTAN,Dumpster Complaint,1,2026-09-13T00:00:00.000,2026-09-16T21:27:18.235405+00:00
15 BROOKLYN,Dead/Dying Tree,1,2026-09-13T00:00:00.000,2026-09-16T21:27:18.235405+00:00
15 BROOKLYN,Consumer Complaint,1,2026-09-13T00:00:00.000,2026-09-16T21:27:18.235405+00:00
15 BROOKLYN,APPLIANCE,1,2026-09-13T00:00:00.000,2026-09-16T21:27:18.235405+00:00
14 QUEENS,Water Conservation,1,2026-09-13T00:00:00.000,2026-09-16T21:27:18.235405+00:00
14 QUEENS,Street Sign - Missing,1,2026-09-13T00:00:00.000,2026-09-16T21:27:18.235405+00:00
14 QUEENS,Street Sign - Dangling,1,2026-09-13T00:00:00.000,2026-09-16T21:27:18.235405+00:00
07 BROOKLYN,SAFETY,1,2026-09-13T00:00:00.000,2026-09-16T21:27:18.235405+00:00
07 BROOKLYN,Rodent,1,2026-09-13T00:00:00.000,2026-09-16T21:27:18.235405+00:00
07 BROOKLYN,Obstruction,1,2026-09-13T00:00:00.000,2026-09-16T21:27:18.235405+00:00
07 BROOKLYN,Noise,1,2026-09-13T00:00:00.000,2026-09-16T21:27:18.235405+00:00
05 BROOKLYN,Urinating in Public,1,2026-09-13T00:00:00.000,2026-09-16T21:27:18.235405+00:00
05 BROOKLYN,Unsanitary Animal Pvt Property,1,2026-09-13T00:00:00.000,2026-09-16T21:27:18.235405+00:00
05 BROOKLYN,Sidewalk Condition,1,2026-09-13T00:00:00.000,2026-09-16T21:27:18.235405+00:00
15 BROOKLYN,Graffiti,1,2026-09-13T00:00:00.000,2026-09-16T21:27:18.235405+00:00
15 BROOKLYN,Food Establishment,1,2026-09-13T00:00:00.000,2026-09-16T21:27:18.235405+00:00
01 QUEENS,For Hire Vehicle Complaint,1,2026-09-13T00:00:00.000,2026-09-16T21:27:18.235405+00:00
01 QUEENS,Elevator,1,2026-09-13T00:00:00.000,2026-09-16T21:27:18.235405+00:00
01 QUEENS,Dumpster Complaint,1,2026-09-13T00:00:00.000,2026-09-16T21:27:18.235405+00:00
01 QUEENS,Dead Animal,1,2026-09-13T00:00:00.000,2026-09-16T21:27:18.235405+00:00
01 QUEENS,DOOR/WINDOW,1,2026-09-13T00:00:00.000,2026-09-16T21:27:18.235405+00:00
15 BROOKLYN,Encampment,1,2026-09-13T00:00:00.000,2026-09-16T21:27:18.235405+00:00
15 BROOKLYN,Electrical,1,2026-09-13T00:00:00.000,2026-09-16T21:27:18.235405+00:00
15 BROOKLYN,Dumpster Complaint,1,2026-09-13T00:00:00.000,2026-09-16T21:27:18.235405+00:00
05 BROOKLYN,Panhandling,1,2026-09-13T00:00:00.000,2026-09-16T21:27:18.235405+00:00
07 BROOKLYN,Litter Basket Complaint,1,2026-09-13T00:00:00.000,2026-09-16T21:27:18.235405+00:00
07 BROOKLYN,Lead,1,2026-09-13T00:00:00.000,2026-09-16T21:27:18.235405+00:00
07 BROOKLYN,FLOORING/STAIRS,1,2026-09-13T00:00:00.000,2026-09-16T21:27:18.235405+00:00
07 BROOKLYN,ELECTRIC,1,2026-09-13T00:00:00.000,2026-09-16T21:27:18.235405+00:00
07 BROOKLYN,Drug Activity,1,2026-09-13T00:00:00.000,2026-09-16T21:27:18.235405+00:00
15 BROOKLYN,SAFETY,1,2026-09-13T00:00:00.000,2026-09-16T21:27:18.235405+00:00
15 BROOKLYN,Residential Disposal Complaint,1,2026-09-13T00:00:00.000,2026-09-16T21:27:18.235405+00:00
15 BROOKLYN,Panhandling,1,2026-09-13T00:00:00.000,2026-09-16T21:27:18.235405+00:00
15 BROOKLYN,Noise - Park,1,2026-09-13T00:00:00.000,2026-09-16T21:27:18.235405+00:00
15 BROOKLYN,Mold,1,2026-09-13T00:00:00.000,2026-09-16T21:27:18.235405+00:00
01 QUEENS,Bike Rack,1,2026-09-13T00:00:00.000,2026-09-16T21:27:18.235405+00:00
01 QUEENS,Animal in a Park,1,2026-09-13T00:00:00.000,2026-09-16T21:27:18.235405+00:00
01 QUEENS,Animal Facility - No Permit,1,2026-09-13T00:00:00.000,2026-09-16T21:27:18.235405+00:00
01 MANHATTAN,Water Maintenance,1,2026-09-13T00:00:00.000,2026-09-16T21:27:18.235405+00:00
01 MANHATTAN,Violation of Park Rules,1,2026-09-13T00:00:00.000,2026-09-16T21:27:18.235405+00:00
01 MANHATTAN,Smoking or Vaping,1,2026-09-13T00:00:00.000,2026-09-16T21:27:18.235405+00:00
15 BROOKLYN,Missed Collection,1,2026-09-13T00:00:00.000,2026-09-16T21:27:18.235405+00:00
15 BROOKLYN,Lead,1,2026-09-13T00:00:00.000,2026-09-16T21:27:18.235405+00:00
15 BROOKLYN,Illegal Tree Damage,1,2026-09-13T00:00:00.000,2026-09-16T21:27:18.235405+00:00
15 BROOKLYN,Illegal Posting,1,2026-09-13T00:00:00.000,2026-09-16T21:27:18.235405+00:00
15 BROOKLYN,Illegal Animal Kept as Pet,1,2026-09-13T00:00:00.000,2026-09-16T21:27:18.235405+00:00
15 BROOKLYN,Traffic Signal Condition,1,2026-09-13T00:00:00.000,2026-09-16T21:27:18.235405+00:00
05 MANHATTAN,Drinking,1,2026-09-13T00:00:00.000,2026-09-16T21:27:18.235405+00:00
05 MANHATTAN,Derelict Vehicles,1,2026-09-13T00:00:00.000,2026-09-16T21:27:18.235405+00:00
05 MANHATTAN,Building/Use,1,2026-09-13T00:00:00.000,2026-09-16T21:27:18.235405+00:00
05 MANHATTAN,Bike/Roller/Skate,1,2026-09-13T00:00:00.000,2026-09-16T21:27:18.235405+00:00
05 MANHATTAN,Animal-Abuse,1,2026-09-13T00:00:00.000,2026-09-16T21:27:18.235405+00:00
05 MANHATTAN,Abandoned Vehicle,1,2026-09-13T00:00:00.000,2026-09-16T21:27:18.235405+00:00
05 BROOKLYN,Water Conservation,1,2026-09-13T00:00:00.000,2026-09-16T21:27:18.235405+00:00
07 BROOKLYN,Dead Animal,1,2026-09-13T00:00:00.000,2026-09-16T21:27:18.235405+00:00
07 BROOKLYN,Damaged Tree,1,2026-09-13T00:00:00.000,2026-09-16T21:27:18.235405+00:00
07 BROOKLYN,Boilers,1,2026-09-13T00:00:00.000,2026-09-16T21:27:18.235405+00:00
07 BROOKLYN,Animal in a Park,1,2026-09-13T00:00:00.000,2026-09-16T21:27:18.235405+00:00
07 BROOKLYN,Air Quality,1,2026-09-13T00:00:00.000,2026-09-16T21:27:18.235405+00:00
07 BROOKLYN,Abandoned Vehicle,1,2026-09-13T00:00:00.000,2026-09-16T21:27:18.235405+00:00
15 BROOKLYN,Special Projects Inspection Team (SPIT),1,2026-09-13T00:00:00.000,2026-09-16T21:27:18.235405+00:00
15 BROOKLYN,Sidewalk Condition,1,2026-09-13T00:00:00.000,2026-09-16T21:27:18.235405+00:00
07 BRONX,Violation of Park Rules,1,2026-09-13T00:00:00.000,2026-09-16T21:27:18.235405+00:00
07 BRONX,Vendor Enforcement,1,2026-09-13T00:00:00.000,2026-09-16T21:27:18.235405+00:00
07 BRONX,Traffic Signal Condition,1,2026-09-13T00:00:00.000,2026-09-16T21:27:18.235405+00:00
07 BRONX,Sidewalk Condition,1,2026-09-13T00:00:00.000,2026-09-16T21:27:18.235405+00:00
07 BRONX,Root/Sewer/Sidewalk Condition,1,2026-09-13T00:00:00.000,2026-09-16T21:27:18.235405+00:00
07 BRONX,Real Time Enforcement,1,2026-09-13T00:00:00.000,2026-09-16T21:27:18.235405+00:00
07 BRONX,OUTSIDE BUILDING,1,2026-09-13T00:00:00.000,2026-09-16T21:27:18.235405+00:00
05 MANHATTAN,Lead,1,2026-09-13T00:00:00.000,2026-09-16T21:27:18.235405+00:00
16 BROOKLYN,Derelict Vehicles,1,2026-09-13T00:00:00.000,2026-09-16T21:27:18.235405+00:00
16 BROOKLYN,Consumer Complaint,1,2026-09-13T00:00:00.000,2026-09-16T21:27:18.235405+00:00
16 BROOKLYN,BEST/Site Safety,1,2026-09-13T00:00:00.000,2026-09-16T21:27:18.235405+00:00
16 BROOKLYN,Animal-Abuse,1,2026-09-13T00:00:00.000,2026-09-16T21:27:18.235405+00:00
16 BROOKLYN,Animal in a Park,1,2026-09-13T00:00:00.000,2026-09-16T21:27:18.235405+00:00
16 BROOKLYN,Abandoned Vehicle,1,2026-09-13T00:00:00.000,2026-09-16T21:27:18.235405+00:00
15 BROOKLYN,Water Quality,1,2026-09-13T00:00:00.000,2026-09-16T21:27:18.235405+00:00
15 BROOKLYN,Vendor Enforcement,1,2026-09-13T00:00:00.000,2026-09-16T21:27:18.235405+00:00
07 BRONX,Lot Condition,1,2026-09-13T00:00:00.000,2026-09-16T21:27:18.235405+00:00
07 BRONX,Illegal Fireworks,1,2026-09-13T00:00:00.000,2026-09-16T21:27:18.235405+00:00
01 MANHATTAN,Panhandling,1,2026-09-13T00:00:00.000,2026-09-16T21:27:18.235405+00:00
01 MANHATTAN,PAINT/PLASTER,1,2026-09-13T00:00:00.000,2026-09-16T21:27:18.235405+00:00
01 MANHATTAN,Outdoor Dining,1,2026-09-13T00:00:00.000,2026-09-16T21:27:18.235405+00:00
01 MANHATTAN,Non-Emergency Police Matter,1,2026-09-13T00:00:00.000,2026-09-16T21:27:18.235405+00:00
01 MANHATTAN,Noise - Vehicle,1,2026-09-13T00:00:00.000,2026-09-16T21:27:18.235405+00:00
01 MANHATTAN,Noise - Commercial,1,2026-09-13T00:00:00.000,2026-09-16T21:27:18.235405+00:00
01 MANHATTAN,Mobile Food Vendor,1,2026-09-13T00:00:00.000,2026-09-16T21:27:18.235405+00:00
01 MANHATTAN,Missed Collection,1,2026-09-13T00:00:00.000,2026-09-16T21:27:18.235405+00:00
01 MANHATTAN,Maintenance or Facility,1,2026-09-13T00:00:00.000,2026-09-16T21:27:18.235405+00:00
01 MANHATTAN,Litter Basket Complaint,1,2026-09-13T00:00:00.000,2026-09-16T21:27:18.235405+00:00
16 BROOKLYN,Food Establishment,1,2026-09-13T00:00:00.000,2026-09-16T21:27:18.235405+00:00
16 BROOKLYN,Encampment,1,2026-09-13T00:00:00.000,2026-09-16T21:27:18.235405+00:00
16 BROOKLYN,Elevator,1,2026-09-13T00:00:00.000,2026-09-16T21:27:18.235405+00:00
07 BRONX,Water Conservation,1,2026-09-13T00:00:00.000,2026-09-16T21:27:18.235405+00:00
07 BRONX,Building/Use,1,2026-09-13T00:00:00.000,2026-09-16T21:27:18.235405+00:00
06 QUEENS,Water Quality,1,2026-09-13T00:00:00.000,2026-09-16T21:27:18.235405+00:00
06 QUEENS,Water Conservation,1,2026-09-13T00:00:00.000,2026-09-16T21:27:18.235405+00:00
01 MANHATTAN,Consumer Complaint,1,2026-09-13T00:00:00.000,2026-09-16T21:27:18.235405+00:00
01 MANHATTAN,Abandoned Bike,1,2026-09-13T00:00:00.000,2026-09-16T21:27:18.235405+00:00
01 BROOKLYN,Transfer Station Complaint,1,2026-09-13T00:00:00.000,2026-09-16T21:27:18.235405+00:00
16 BROOKLYN,Noise - Commercial,1,2026-09-13T00:00:00.000,2026-09-16T21:27:18.235405+00:00
16 BROOKLYN,Litter Basket Complaint,1,2026-09-13T00:00:00.000,2026-09-16T21:27:18.235405+00:00
16 BROOKLYN,Lead,1,2026-09-13T00:00:00.000,2026-09-16T21:27:18.235405+00:00
05 MANHATTAN,For Hire Vehicle Report,1,2026-09-13T00:00:00.000,2026-09-16T21:27:18.235405+00:00
05 MANHATTAN,Sidewalk Condition,1,2026-09-13T00:00:00.000,2026-09-16T21:27:18.235405+00:00
05 MANHATTAN,Residential Disposal Complaint,1,2026-09-13T00:00:00.000,2026-09-16T21:27:18.235405+00:00
05 MANHATTAN,Real Time Enforcement,1,2026-09-13T00:00:00.000,2026-09-16T21:27:18.235405+00:00
05 MANHATTAN,Poison Ivy,1,2026-09-13T00:00:00.000,2026-09-16T21:27:18.235405+00:00
05 MANHATTAN,Obstruction,1,2026-09-13T00:00:00.000,2026-09-16T21:27:18.235405+00:00
05 MANHATTAN,Non-Emergency Police Matter,1,2026-09-13T00:00:00.000,2026-09-16T21:27:18.235405+00:00
06 QUEENS,Unsanitary Pigeon Condition,1,2026-09-13T00:00:00.000,2026-09-16T21:27:18.235405+00:00
06 QUEENS,Traffic Signal Condition,1,2026-09-13T00:00:00.000,2026-09-16T21:27:18.235405+00:00
06 QUEENS,Street Sign - Missing,1,2026-09-13T00:00:00.000,2026-09-16T21:27:18.235405+00:00
06 QUEENS,Smoking or Vaping,1,2026-09-13T00:00:00.000,2026-09-16T21:27:18.235405+00:00
01 BROOKLYN,Real Time Enforcement,1,2026-09-13T00:00:00.000,2026-09-16T21:27:18.235405+00:00
16 BROOKLYN,Street Sweeping Complaint,1,2026-09-13T00:00:00.000,2026-09-16T21:27:18.235405+00:00
16 BROOKLYN,Street Condition,1,2026-09-13T00:00:00.000,2026-09-16T21:27:18.235405+00:00
16 BROOKLYN,Standing Water,1,2026-09-13T00:00:00.000,2026-09-16T21:27:18.235405+00:00
16 BROOKLYN,Sidewalk Condition,1,2026-09-13T00:00:00.000,2026-09-16T21:27:18.235405+00:00
16 BROOKLYN,SAFETY,1,2026-09-13T00:00:00.000,2026-09-16T21:27:18.235405+00:00
01 MANHATTAN,Illegal Dumping,1,2026-09-13T00:00:00.000,2026-09-16T21:27:18.235405+00:00
07 BRONX,Illegal Dumping,1,2026-09-13T00:00:00.000,2026-09-16T21:27:18.235405+00:00
07 BRONX,Encampment,1,2026-09-13T00:00:00.000,2026-09-16T21:27:18.235405+00:00
07 BRONX,Drinking Water,1,2026-09-13T00:00:00.000,2026-09-16T21:27:18.235405+00:00
07 BRONX,Curb Condition,1,2026-09-13T00:00:00.000,2026-09-16T21:27:18.235405+00:00
07 BRONX,Consumer Complaint,1,2026-09-13T00:00:00.000,2026-09-16T21:27:18.235405+00:00
06 QUEENS,Homeless Person Assistance,1,2026-09-13T00:00:00.000,2026-09-16T21:27:18.235405+00:00
06 QUEENS,Graffiti,1,2026-09-13T00:00:00.000,2026-09-16T21:27:18.235405+00:00
06 QUEENS,GENERAL,1,2026-09-13T00:00:00.000,2026-09-16T21:27:18.235405+00:00
01 BROOKLYN,Litter Basket Request,1,2026-09-13T00:00:00.000,2026-09-16T21:27:18.235405+00:00
01 BROOKLYN,Litter Basket Complaint,1,2026-09-13T00:00:00.000,2026-09-16T21:27:18.235405+00:00
17 BROOKLYN,ELEVATOR,1,2026-09-13T00:00:00.000,2026-09-16T21:27:18.235405+00:00
17 BROOKLYN,Dead/Dying Tree,1,2026-09-13T00:00:00.000,2026-09-16T21:27:18.235405+00:00
17 BROOKLYN,Building/Use,1,2026-09-13T00:00:00.000,2026-09-16T21:27:18.235405+00:00
17 BROOKLYN,Boilers,1,2026-09-13T00:00:00.000,2026-09-16T21:27:18.235405+00:00
01 BROOKLYN,Street Sign - Damaged,1,2026-09-13T00:00:00.000,2026-09-16T21:27:18.235405+00:00
01 BROOKLYN,Smoking or Vaping,1,2026-09-13T00:00:00.000,2026-09-16T21:27:18.235405+00:00
01 BROOKLYN,Sidewalk Condition,1,2026-09-13T00:00:00.000,2026-09-16T21:27:18.235405+00:00
01 BROOKLYN,Root/Sewer/Sidewalk Condition,1,2026-09-13T00:00:00.000,2026-09-16T21:27:18.235405+00:00
05 QUEENS,Bike Rack,1,2026-09-13T00:00:00.000,2026-09-16T21:27:18.235405+00:00
05 QUEENS,Air Quality,1,2026-09-13T00:00:00.000,2026-09-16T21:27:18.235405+00:00
05 MANHATTAN,Taxi Report,1,2026-09-13T00:00:00.000,2026-09-16T21:27:18.235405+00:00
01 BROOKLYN,Illegal Posting,1,2026-09-13T00:00:00.000,2026-09-16T21:27:18.235405+00:00
01 BROOKLYN,Hazardous Material,1,2026-09-13T00:00:00.000,2026-09-16T21:27:18.235405+00:00
17 BROOKLYN,Missed Collection,1,2026-09-13T00:00:00.000,2026-09-16T21:27:18.235405+00:00
17 BROOKLYN,Indoor Air Quality,1,2026-09-13T00:00:00.000,2026-09-16T21:27:18.235405+00:00
17 BROOKLYN,Illegal Fireworks,1,2026-09-13T00:00:00.000,2026-09-16T21:27:18.235405+00:00
17 BROOKLYN,Harboring Bees/Wasps,1,2026-09-13T00:00:00.000,2026-09-16T21:27:18.235405+00:00
17 BROOKLYN,For Hire Vehicle Report,1,2026-09-13T00:00:00.000,2026-09-16T21:27:18.235405+00:00
17 BROOKLYN,Food Establishment,1,2026-09-13T00:00:00.000,2026-09-16T21:27:18.235405+00:00
17 BROOKLYN,Emergency Response Team (ERT),1,2026-09-13T00:00:00.000,2026-09-16T21:27:18.235405+00:00
01 BROOKLYN,Mosquitoes,1,2026-09-13T00:00:00.000,2026-09-16T21:27:18.235405+00:00
01 BROOKLYN,Lost Property,1,2026-09-13T00:00:00.000,2026-09-16T21:27:18.235405+00:00
06 QUEENS,Root/Sewer/Sidewalk Condition,1,2026-09-13T00:00:00.000,2026-09-16T21:27:18.235405+00:00
06 QUEENS,Real Time Enforcement,1,2026-09-13T00:00:00.000,2026-09-16T21:27:18.235405+00:00
06 QUEENS,Overgrown Tree/Branches,1,2026-09-13T00:00:00.000,2026-09-16T21:27:18.235405+00:00
06 QUEENS,Noise - Vehicle,1,2026-09-13T00:00:00.000,2026-09-16T21:27:18.235405+00:00
06 QUEENS,Litter Basket Request,1,2026-09-13T00:00:00.000,2026-09-16T21:27:18.235405+00:00
05 QUEENS,GENERAL,1,2026-09-13T00:00:00.000,2026-09-16T21:27:18.235405+00:00
05 QUEENS,Drinking,1,2026-09-13T00:00:00.000,2026-09-16T21:27:18.235405+00:00
05 QUEENS,Dead Animal,1,2026-09-13T00:00:00.000,2026-09-16T21:27:18.235405+00:00
06 QUEENS,For Hire Vehicle Complaint,1,2026-09-13T00:00:00.000,2026-09-16T21:27:18.235405+00:00
06 QUEENS,Food Poisoning,1,2026-09-13T00:00:00.000,2026-09-16T21:27:18.235405+00:00
06 QUEENS,Food Establishment,1,2026-09-13T00:00:00.000,2026-09-16T21:27:18.235405+00:00
06 QUEENS,FLOORING/STAIRS,1,2026-09-13T00:00:00.000,2026-09-16T21:27:18.235405+00:00
06 QUEENS,Elevator,1,2026-09-13T00:00:00.000,2026-09-16T21:27:18.235405+00:00
06 QUEENS,ELECTRIC,1,2026-09-13T00:00:00.000,2026-09-16T21:27:18.235405+00:00
06 QUEENS,Dead Animal,1,2026-09-13T00:00:00.000,2026-09-16T21:27:18.235405+00:00
18 BROOKLYN,Animal in a Park,1,2026-09-13T00:00:00.000,2026-09-16T21:27:18.235405+00:00
17 BROOKLYN,Water Maintenance,1,2026-09-13T00:00:00.000,2026-09-16T21:27:18.235405+00:00
17 BROOKLYN,Water Conservation,1,2026-09-13T00:00:00.000,2026-09-16T21:27:18.235405+00:00
17 BROOKLYN,Root/Sewer/Sidewalk Condition,1,2026-09-13T00:00:00.000,2026-09-16T21:27:18.235405+00:00
17 BROOKLYN,Residential Disposal Complaint,1,2026-09-13T00:00:00.000,2026-09-16T21:27:18.235405+00:00
17 BROOKLYN,Noise - Vehicle,1,2026-09-13T00:00:00.000,2026-09-16T21:27:18.235405+00:00
06 MANHATTAN,Traffic,1,2026-09-13T00:00:00.000,2026-09-16T21:27:18.235405+00:00
06 MANHATTAN,Street Sweeping Complaint,1,2026-09-13T00:00:00.000,2026-09-16T21:27:18.235405+00:00
06 MANHATTAN,Street Sign - Missing,1,2026-09-13T00:00:00.000,2026-09-16T21:27:18.235405+00:00
06 MANHATTAN,Street Light Condition,1,2026-09-13T00:00:00.000,2026-09-16T21:27:18.235405+00:00
01 BROOKLYN,Drinking,1,2026-09-13T00:00:00.000,2026-09-16T21:27:18.235405+00:00
01 BROOKLYN,Derelict Vehicles,1,2026-09-13T00:00:00.000,2026-09-16T21:27:18.235405+00:00
01 BROOKLYN,Dead/Dying Tree,1,2026-09-13T00:00:00.000,2026-09-16T21:27:18.235405+00:00
01 BROOKLYN,Day Care,1,2026-09-13T00:00:00.000,2026-09-16T21:27:18.235405+00:00
01 BROOKLYN,Damaged Tree,1,2026-09-13T00:00:00.000,2026-09-16T21:27:18.235405+00:00
01 BROOKLYN,Commercial Disposal Complaint,1,2026-09-13T00:00:00.000,2026-09-16T21:27:18.235405+00:00
01 BROOKLYN,Boilers,1,2026-09-13T00:00:00.000,2026-09-16T21:27:18.235405+00:00
18 BROOKLYN,DOOR/WINDOW,1,2026-09-13T00:00:00.000,2026-09-16T21:27:18.235405+00:00
18 BROOKLYN,Construction Lead Dust,1,2026-09-13T00:00:00.000,2026-09-16T21:27:18.235405+00:00
18 BROOKLYN,Animal-Abuse,1,2026-09-13T00:00:00.000,2026-09-16T21:27:18.235405+00:00
05 QUEENS,HEAT/HOT WATER,1,2026-09-13T00:00:00.000,2026-09-16T21:27:18.235405+00:00
05 QUEENS,Green Infrastructure,1,2026-09-13T00:00:00.000,2026-09-16T21:27:18.235405+00:00
06 MANHATTAN,Real Time Enforcement,1,2026-09-13T00:00:00.000,2026-09-16T21:27:18.235405+00:00
06 MANHATTAN,PLUMBING,1,2026-09-13T00:00:00.000,2026-09-16T21:27:18.235405+00:00
18 BROOKLYN,Residential Disposal Complaint,1,2026-09-13T00:00:00.000,2026-09-16T21:27:18.235405+00:00
18 BROOKLYN,Non-Emergency Police Matter,1,2026-09-13T00:00:00.000,2026-09-16T21:27:18.235405+00:00
18 BROOKLYN,Noise,1,2026-09-13T00:00:00.000,2026-09-16T21:27:18.235405+00:00
18 BROOKLYN,Mosquitoes,1,2026-09-13T00:00:00.000,2026-09-16T21:27:18.235405+00:00
18 BROOKLYN,Lead,1,2026-09-13T00:00:00.000,2026-09-16T21:27:18.235405+00:00
18 BROOKLYN,Illegal Tree Damage,1,2026-09-13T00:00:00.000,2026-09-16T21:27:18.235405+00:00
18 BROOKLYN,FLOORING/STAIRS,1,2026-09-13T00:00:00.000,2026-09-16T21:27:18.235405+00:00
18 BROOKLYN,Emergency Response Team (ERT),1,2026-09-13T00:00:00.000,2026-09-16T21:27:18.235405+00:00
18 BROOKLYN,Dead/Dying Tree,1,2026-09-13T00:00:00.000,2026-09-16T21:27:18.235405+00:00
01 BROOKLYN,Dumpster Complaint,1,2026-09-13T00:00:00.000,2026-09-16T21:27:18.235405+00:00
06 QUEENS,Animal-Abuse,1,2026-09-13T00:00:00.000,2026-09-16T21:27:18.235405+00:00
06 QUEENS,APPLIANCE,1,2026-09-13T00:00:00.000,2026-09-16T21:27:18.235405+00:00
06 MANHATTAN,Water Maintenance,1,2026-09-13T00:00:00.000,2026-09-16T21:27:18.235405+00:00
06 MANHATTAN,Vendor Enforcement,1,2026-09-13T00:00:00.000,2026-09-16T21:27:18.235405+00:00
06 MANHATTAN,Noise - Vehicle,1,2026-09-13T00:00:00.000,2026-09-16T21:27:18.235405+00:00
06 MANHATTAN,Litter Basket Request,1,2026-09-13T00:00:00.000,2026-09-16T21:27:18.235405+00:00
06 MANHATTAN,HEAT/HOT WATER,1,2026-09-13T00:00:00.000,2026-09-16T21:27:18.235405+00:00
06 MANHATTAN,Graffiti,1,2026-09-13T00:00:00.000,2026-09-16T21:27:18.235405+00:00
06 MANHATTAN,General Construction/Plumbing,1,2026-09-13T00:00:00.000,2026-09-16T21:27:18.235405+00:00
01 BROOKLYN,Abandoned Bike,1,2026-09-13T00:00:00.000,2026-09-16T21:27:18.235405+00:00
01 BRONX,Violation of Park Rules,1,2026-09-13T00:00:00.000,2026-09-16T21:27:18.235405+00:00
01 BRONX,Taxi Complaint,1,2026-09-13T00:00:00.000,2026-09-16T21:27:18.235405+00:00
01 BRONX,Street Sign - Dangling,1,2026-09-13T00:00:00.000,2026-09-16T21:27:18.235405+00:00
01 BRONX,SAFETY,1,2026-09-13T00:00:00.000,2026-09-16T21:27:18.235405+00:00
18 BROOKLYN,Root/Sewer/Sidewalk Condition,1,2026-09-13T00:00:00.000,2026-09-16T21:27:18.235405+00:00
05 QUEENS,Noise - Park,1,2026-09-13T00:00:00.000,2026-09-16T21:27:18.235405+00:00
05 QUEENS,Mosquitoes,1,2026-09-13T00:00:00.000,2026-09-16T21:27:18.235405+00:00
05 QUEENS,Lead,1,2026-09-13T00:00:00.000,2026-09-16T21:27:18.235405+00:00
05 QUEENS,Industrial Waste,1,2026-09-13T00:00:00.000,2026-09-16T21:27:18.235405+00:00
05 QUEENS,Indoor Sewage,1,2026-09-13T00:00:00.000,2026-09-16T21:27:18.235405+00:00
64 MANHATTAN,Unsanitary Pigeon Condition,1,2026-09-13T00:00:00.000,2026-09-16T21:27:18.235405+00:00
64 MANHATTAN,Noise - Park,1,2026-09-13T00:00:00.000,2026-09-16T21:27:18.235405+00:00
64 MANHATTAN,Encampment,1,2026-09-13T00:00:00.000,2026-09-16T21:27:18.235405+00:00
64 MANHATTAN,Animal-Abuse,1,2026-09-13T00:00:00.000,2026-09-16T21:27:18.235405+00:00
64 MANHATTAN,Animal in a Park,1,2026-09-13T00:00:00.000,2026-09-16T21:27:18.235405+00:00
56 BROOKLYN,Animal in a Park,1,2026-09-13T00:00:00.000,2026-09-16T21:27:18.235405+00:00
55 BROOKLYN,Noise - Street/Sidewalk,1,2026-09-13T00:00:00.000,2026-09-16T21:27:18.235405+00:00
55 BROOKLYN,Dirty Condition,1,2026-09-13T00:00:00.000,2026-09-16T21:27:18.235405+00:00
26 BRONX,Noise - Street/Sidewalk,1,2026-09-13T00:00:00.000,2026-09-16T21:27:18.235405+00:00
26 BRONX,Maintenance or Facility,1,2026-09-13T00:00:00.000,2026-09-16T21:27:18.235405+00:00
18 BROOKLYN,Water Quality,1,2026-09-13T00:00:00.000,2026-09-16T21:27:18.235405+00:00
18 BROOKLYN,Vendor Enforcement,1,2026-09-13T00:00:00.000,2026-09-16T21:27:18.235405+00:00
18 BROOKLYN,Tobacco or Non-Tobacco Sale,1,2026-09-13T00:00:00.000,2026-09-16T21:27:18.235405+00:00
18 BROOKLYN,Street Sweeping Complaint,1,2026-09-13T00:00:00.000,2026-09-16T21:27:18.235405+00:00
18 BROOKLYN,Standing Water,1,2026-09-13T00:00:00.000,2026-09-16T21:27:18.235405+00:00
06 MANHATTAN,Non-Emergency Police Matter,1,2026-09-13T00:00:00.000,2026-09-16T21:27:18.235405+00:00
06 MANHATTAN,Dead Animal,1,2026-09-13T00:00:00.000,2026-09-16T21:27:18.235405+00:00
06 MANHATTAN,DOOR/WINDOW,1,2026-09-13T00:00:00.000,2026-09-16T21:27:18.235405+00:00
06 MANHATTAN,Commercial Disposal Complaint,1,2026-09-13T00:00:00.000,2026-09-16T21:27:18.235405+00:00
06 MANHATTAN,Bus Stop Shelter Complaint,1,2026-09-13T00:00:00.000,2026-09-16T21:27:18.235405+00:00
06 MANHATTAN,Animal in a Park,1,2026-09-13T00:00:00.000,2026-09-16T21:27:18.235405+00:00
06 MANHATTAN,Abandoned Vehicle,1,2026-09-13T00:00:00.000,2026-09-16T21:27:18.235405+00:00
06 BROOKLYN,Water Quality,1,2026-09-13T00:00:00.000,2026-09-16T21:27:18.235405+00:00
06 BROOKLYN,Water Conservation,1,2026-09-13T00:00:00.000,2026-09-16T21:27:18.235405+00:00
06 BROOKLYN,Violation of Park Rules,1,2026-09-13T00:00:00.000,2026-09-16T21:27:18.235405+00:00
06 BROOKLYN,Uprooted Stump,1,2026-09-13T00:00:00.000,2026-09-16T21:27:18.235405+00:00
06 BROOKLYN,Unsanitary Animal Pvt Property,1,2026-09-13T00:00:00.000,2026-09-16T21:27:18.235405+00:00
82 QUEENS,Drinking,1,2026-09-13T00:00:00.000,2026-09-16T21:27:18.235405+00:00
82 QUEENS,Dead/Dying Tree,1,2026-09-13T00:00:00.000,2026-09-16T21:27:18.235405+00:00
81 QUEENS,Animal in a Park,1,2026-09-13T00:00:00.000,2026-09-16T21:27:18.235405+00:00
80 QUEENS,Taxi Report,1,2026-09-13T00:00:00.000,2026-09-16T21:27:18.235405+00:00
80 QUEENS,For Hire Vehicle Complaint,1,2026-09-13T00:00:00.000,2026-09-16T21:27:18.235405+00:00
Unspecified BRONX,Water Maintenance,1,2026-09-13T00:00:00.000,2026-09-16T21:27:18.235405+00:00
Unspecified BRONX,Traffic Signal Condition,1,2026-09-13T00:00:00.000,2026-09-16T21:27:18.235405+00:00
Unspecified BRONX,Sanitation Worker or Vehicle Complaint,1,2026-09-13T00:00:00.000,2026-09-16T21:27:18.235405+00:00
Unspecified BRONX,Noise - Commercial,1,2026-09-13T00:00:00.000,2026-09-16T21:27:18.235405+00:00
Unspecified BRONX,Illegal Parking,1,2026-09-13T00:00:00.000,2026-09-16T21:27:18.235405+00:00
Unspecified BRONX,Dirty Condition,1,2026-09-13T00:00:00.000,2026-09-16T21:27:18.235405+00:00
Unspecified BRONX,Bridge Condition,1,2026-09-13T00:00:00.000,2026-09-16T21:27:18.235405+00:00
83 QUEENS,Taxi Compliment,1,2026-09-13T00:00:00.000,2026-09-16T21:27:18.235405+00:00
82 QUEENS,Violation of Park Rules,1,2026-09-13T00:00:00.000,2026-09-16T21:27:18.235405+00:00
82 QUEENS,Street Condition,1,2026-09-13T00:00:00.000,2026-09-16T21:27:18.235405+00:00
06 BROOKLYN,Traffic Signal Condition,1,2026-09-13T00:00:00.000,2026-09-16T21:27:18.235405+00:00
05 QUEENS,Street Sign - Damaged,1,2026-09-13T00:00:00.000,2026-09-16T21:27:18.235405+00:00
05 QUEENS,Smoking or Vaping,1,2026-09-13T00:00:00.000,2026-09-16T21:27:18.235405+00:00
06 BROOKLYN,Taxi Complaint,1,2026-09-13T00:00:00.000,2026-09-16T21:27:18.235405+00:00
06 BROOKLYN,Street Sign - Dangling,1,2026-09-13T00:00:00.000,2026-09-16T21:27:18.235405+00:00
06 BROOKLYN,Sewer Maintenance,1,2026-09-13T00:00:00.000,2026-09-16T21:27:18.235405+00:00
06 BRONX,ELEVATOR,1,2026-09-13T00:00:00.000,2026-09-16T21:27:18.235405+00:00
06 BRONX,Drinking,1,2026-09-13T00:00:00.000,2026-09-16T21:27:18.235405+00:00
06 BRONX,Consumer Complaint,1,2026-09-13T00:00:00.000,2026-09-16T21:27:18.235405+00:00
06 BRONX,Construction Lead Dust,1,2026-09-13T00:00:00.000,2026-09-16T21:27:18.235405+00:00
06 BRONX,Animal-Abuse,1,2026-09-13T00:00:00.000,2026-09-16T21:27:18.235405+00:00
05 QUEENS,Wood Pile Remaining,1,2026-09-13T00:00:00.000,2026-09-16T21:27:18.235405+00:00
05 QUEENS,Unsanitary Pigeon Condition,1,2026-09-13T00:00:00.000,2026-09-16T21:27:18.235405+00:00
06 BRONX,Missed Collection,1,2026-09-13T00:00:00.000,2026-09-16T21:27:18.235405+00:00
Unspecified BROOKLYN,Blocked Driveway,1,2026-09-13T00:00:00.000,2026-09-16T21:27:18.235405+00:00
01 BRONX,Residential Disposal Complaint,1,2026-09-13T00:00:00.000,2026-09-16T21:27:18.235405+00:00
01 BRONX,Overgrown Tree/Branches,1,2026-09-13T00:00:00.000,2026-09-16T21:27:18.235405+00:00
01 BRONX,Obstruction,1,2026-09-13T00:00:00.000,2026-09-16T21:27:18.235405+00:00
01 BRONX,Non-Emergency Police Matter,1,2026-09-13T00:00:00.000,2026-09-16T21:27:18.235405+00:00
01 BRONX,Noise - Commercial,1,2026-09-13T00:00:00.000,2026-09-16T21:27:18.235405+00:00
01 BRONX,Missed Collection,1,2026-09-13T00:00:00.000,2026-09-16T21:27:18.235405+00:00
01 BRONX,Lead,1,2026-09-13T00:00:00.000,2026-09-16T21:27:18.235405+00:00
0 Unspecified,Root/Sewer/Sidewalk Condition,1,2026-09-13T00:00:00.000,2026-09-16T21:27:18.235405+00:00
0 Unspecified,Damaged Tree,1,2026-09-13T00:00:00.000,2026-09-16T21:27:18.235405+00:00
01 BRONX,Food Poisoning,1,2026-09-13T00:00:00.000,2026-09-16T21:27:18.235405+00:00
01 BRONX,Food Establishment,1,2026-09-13T00:00:00.000,2026-09-16T21:27:18.235405+00:00
01 BRONX,Elevator,1,2026-09-13T00:00:00.000,2026-09-16T21:27:18.235405+00:00
01 BRONX,Damaged Tree,1,2026-09-13T00:00:00.000,2026-09-16T21:27:18.235405+00:00
01 BRONX,Consumer Complaint,1,2026-09-13T00:00:00.000,2026-09-16T21:27:18.235405+00:00
Unspecified MANHATTAN,Highway Condition,1,2026-09-13T00:00:00.000,2026-09-16T21:27:18.235405+00:00
Unspecified MANHATTAN,Graffiti,1,2026-09-13T00:00:00.000,2026-09-16T21:27:18.235405+00:00
Unspecified MANHATTAN,Dirty Condition,1,2026-09-13T00:00:00.000,2026-09-16T21:27:18.235405+00:00
Unspecified MANHATTAN,Bridge Condition,1,2026-09-13T00:00:00.000,2026-09-16T21:27:18.235405+00:00
Unspecified BROOKLYN,Traffic,1,2026-09-13T00:00:00.000,2026-09-16T21:27:18.235405+00:00
06 BROOKLYN,Animal in a Park,1,2026-09-13T00:00:00.000,2026-09-16T21:27:18.235405+00:00
06 BRONX,Violation of Park Rules,1,2026-09-13T00:00:00.000,2026-09-16T21:27:18.235405+00:00
06 BRONX,Rodent,1,2026-09-13T00:00:00.000,2026-09-16T21:27:18.235405+00:00
06 BRONX,Real Time Enforcement,1,2026-09-13T00:00:00.000,2026-09-16T21:27:18.235405+00:00
10 BROOKLYN,FLOORING/STAIRS,1,2026-09-13T00:00:00.000,2026-09-16T21:27:18.235405+00:00
10 BROOKLYN,Elevator,1,2026-09-13T00:00:00.000,2026-09-16T21:27:18.235405+00:00
10 BROOKLYN,Drinking,1,2026-09-13T00:00:00.000,2026-09-16T21:27:18.235405+00:00
Unspecified QUEENS,Water Maintenance,1,2026-09-13T00:00:00.000,2026-09-16T21:27:18.235405+00:00
0 Unspecified,Consumer Complaint,1,2026-09-13T00:00:00.000,2026-09-16T21:27:18.235405+00:00
Unspecified MANHATTAN,Traffic,1,2026-09-13T00:00:00.000,2026-09-16T21:27:18.235405+00:00
Unspecified MANHATTAN,Street Light Condition,1,2026-09-13T00:00:00.000,2026-09-16T21:27:18.235405+00:00
Unspecified MANHATTAN,Sewer Maintenance,1,2026-09-13T00:00:00.000,2026-09-16T21:27:18.235405+00:00
Unspecified MANHATTAN,Noise - Residential,1,2026-09-13T00:00:00.000,2026-09-16T21:27:18.235405+00:00
Unspecified MANHATTAN,Lost Property,1,2026-09-13T00:00:00.000,2026-09-16T21:27:18.235405+00:00
Unspecified MANHATTAN,Litter Basket Request,1,2026-09-13T00:00:00.000,2026-09-16T21:27:18.235405+00:00
Unspecified MANHATTAN,Illegal Parking,1,2026-09-13T00:00:00.000,2026-09-16T21:27:18.235405+00:00
01 BRONX,Hazardous Material,1,2026-09-13T00:00:00.000,2026-09-16T21:27:18.235405+00:00
Unspecified QUEENS,Illegal Dumping,1,2026-09-13T00:00:00.000,2026-09-16T21:27:18.235405+00:00
Unspecified QUEENS,Damaged Tree,1,2026-09-13T00:00:00.000,2026-09-16T21:27:18.235405+00:00
0 Unspecified,Street Condition,1,2026-09-13T00:00:00.000,2026-09-16T21:27:18.235405+00:00
