borough,complaint_type,count,date,ingested_at
BROOKLYN,Illegal Parking,2867,2026-09-12T00:00:00.000,2026-09-17T18:57:05.180022+00:00
QUEENS,Illegal Parking,2344,2026-09-12T00:00:00.000,2026-09-17T18:57:05.180022+00:00
BROOKLYN,Noise - Residential,1601,2026-09-12T00:00:00.000,2026-09-17T18:57:05.180022+00:00
QUEENS,Noise - Residential,1187,2026-09-12T00:00:00.000,2026-09-17T18:57:05.180022+00:00
BRONX,Illegal Parking,1104,2026-09-12T00:00:00.000,2026-09-17T18:57:05.180022+00:00
BRONX,Noise - Residential,1079,2026-09-12T00:00:00.000,2026-09-17T18:57:05.180022+00:00
BRONX,Noise - Street/Sidewalk,1052,2026-09-12T00:00:00.000,2026-09-17T18:57:05.180022+00:00
MANHATTAN,Illegal Parking,1009,2026-09-12T00:00:00.000,2026-09-17T18:57:05.180022+00:00
MANHATTAN,Noise - Street/Sidewalk,981,2026-09-12T00:00:00.000,2026-09-17T18:57:05.180022+00:00
QUEENS,Blocked Driveway,911,2026-09-12T00:00:00.000,2026-09-17T18:57:05.180022+00:00
BROOKLYN,Blocked Driveway,873,2026-09-12T00:00:00.000,2026-09-17T18:57:05.180022+00:00
MANHATTAN,Noise - Residential,826,2026-09-12T00:00:00.000,2026-09-17T18:57:05.180022+00:00
BROOKLYN,Noise - Street/Sidewalk,811,2026-09-12T00:00:00.000,2026-09-17T18:57:05.180022+00:00
MANHATTAN,Encampment,541,2026-09-12T00:00:00.000,2026-09-17T18:57:05.180022+00:00
QUEENS,Noise - Street/Sidewalk,515,2026-09-12T00:00:00.000,2026-09-17T18:57:05.180022+00:00
BROOKLYN,Damaged Tree,424,2026-09-12T00:00:00.000,2026-09-17T18:57:05.180022+00:00
BRONX,Blocked Driveway,401,2026-09-12T00:00:00.000,2026-09-17T18:57:05.180022+00:00
BRONX,UNSANITARY CONDITION,385,2026-09-12T00:00:00.000,2026-09-17T18:57:05.180022+00:00
BROOKLYN,UNSANITARY CONDITION,384,2026-09-12T00:00:00.000,2026-09-17T18:57:05.180022+00:00
QUEENS,Street Condition,378,2026-09-12T00:00:00.000,2026-09-17T18:57:05.180022+00:00
QUEENS,Noise - Vehicle,377,2026-09-12T00:00:00.000,2026-09-17T18:57:05.180022+00:00
QUEENS,Abandoned Vehicle,367,2026-09-12T00:00:00.000,2026-09-17T18:57:05.180022+00:00
BROOKLYN,Dirty Condition,361,2026-09-12T00:00:00.000,2026-09-17T18:57:05.180022+00:00
BROOKLYN,Overgrown Tree/Branches,358,2026-09-12T00:00:00.000,2026-09-17T18:57:05.180022+00:00
BROOKLYN,Noise - Commercial,347,2026-09-12T00:00:00.000,2026-09-17T18:57:05.180022+00:00
BROOKLYN,Street Condition,316,2026-09-12T00:00:00.000,2026-09-17T18:57:05.180022+00:00
MANHATTAN,Noise,312,2026-09-12T00:00:00.000,2026-09-17T18:57:05.180022+00:00
MANHATTAN,Noise - Commercial,312,2026-09-12T00:00:00.000,2026-09-17T18:57:05.180022+00:00
BROOKLYN,Noise,305,2026-09-12T00:00:00.000,2026-09-17T18:57:05.180022+00:00
BROOKLYN,Abandoned Vehicle,303,2026-09-12T00:00:00.000,2026-09-17T18:57:05.180022+00:00
MANHATTAN,Homeless Person Assistance,297,2026-09-12T00:00:00.000,2026-09-17T18:57:05.180022+00:00
MANHATTAN,UNSANITARY CONDITION,294,2026-09-12T00:00:00.000,2026-09-17T18:57:05.180022+00:00
QUEENS,Illegal Tree Damage,260,2026-09-12T00:00:00.000,2026-09-17T18:57:05.180022+00:00
BROOKLYN,Water Maintenance,238,2026-09-12T00:00:00.000,2026-09-17T18:57:05.180022+00:00
QUEENS,Water Maintenance,210,2026-09-12T00:00:00.000,2026-09-17T18:57:05.180022+00:00
QUEENS,Dirty Condition,199,2026-09-12T00:00:00.000,2026-09-17T18:57:05.180022+00:00
BROOKLYN,Illegal Dumping,198,2026-09-12T00:00:00.000,2026-09-17T18:57:05.180022+00:00
STATEN ISLAND,Illegal Parking,192,2026-09-12T00:00:00.000,2026-09-17T18:57:05.180022+00:00
BROOKLYN,PLUMBING,184,2026-09-12T00:00:00.000,2026-09-17T18:57:05.180022+00:00
MANHATTAN,Dirty Condition,181,2026-09-12T00:00:00.000,2026-09-17T18:57:05.180022+00:00
QUEENS,Noise - Commercial,178,2026-09-12T00:00:00.000,2026-09-17T18:57:05.180022+00:00
BRONX,PLUMBING,173,2026-09-12T00:00:00.000,2026-09-17T18:57:05.180022+00:00
BRONX,PAINT/PLASTER,170,2026-09-12T00:00:00.000,2026-09-17T18:57:05.180022+00:00
STATEN ISLAND,Noise - Residential,169,2026-09-12T00:00:00.000,2026-09-17T18:57:05.180022+00:00
QUEENS,Damaged Tree,168,2026-09-12T00:00:00.000,2026-09-17T18:57:05.180022+00:00
BROOKLYN,Maintenance or Facility,165,2026-09-12T00:00:00.000,2026-09-17T18:57:05.180022+00:00
QUEENS,Illegal Dumping,165,2026-09-12T00:00:00.000,2026-09-17T18:57:05.180022+00:00
BRONX,WATER LEAK,161,2026-09-12T00:00:00.000,2026-09-17T18:57:05.180022+00:00
QUEENS,UNSANITARY CONDITION,160,2026-09-12T00:00:00.000,2026-09-17T18:57:05.180022+00:00
BRONX,Dirty Condition,159,2026-09-12T00:00:00.000,2026-09-17T18:57:05.180022+00:00
BROOKLYN,Missed Collection,155,2026-09-12T00:00:00.000,2026-09-17T18:57:05.180022+00:00
QUEENS,Sewer Maintenance,152,2026-09-12T00:00:00.000,2026-09-17T18:57:05.180022+00:00
BROOKLYN,Noise - Vehicle,149,2026-09-12T00:00:00.000,2026-09-17T18:57:05.180022+00:00
QUEENS,Missed Collection,147,2026-09-12T00:00:00.000,2026-09-17T18:57:05.180022+00:00
STATEN ISLAND,Street Light Condition,147,2026-09-12T00:00:00.000,2026-09-17T18:57:05.180022+00:00
QUEENS,Obstruction,144,2026-09-12T00:00:00.000,2026-09-17T18:57:05.180022+00:00
BRONX,Water Maintenance,143,2026-09-12T00:00:00.000,2026-09-17T18:57:05.180022+00:00
BROOKLYN,Traffic Signal Condition,141,2026-09-12T00:00:00.000,2026-09-17T18:57:05.180022+00:00
MANHATTAN,Street Condition,140,2026-09-12T00:00:00.000,2026-09-17T18:57:05.180022+00:00
MANHATTAN,PAINT/PLASTER,139,2026-09-12T00:00:00.000,2026-09-17T18:57:05.180022+00:00
QUEENS,Noise,136,2026-09-12T00:00:00.000,2026-09-17T18:57:05.180022+00:00
MANHATTAN,Noise - Vehicle,136,2026-09-12T00:00:00.000,2026-09-17T18:57:05.180022+00:00
BRONX,Street Light Condition,136,2026-09-12T00:00:00.000,2026-09-17T18:57:05.180022+00:00
BROOKLYN,DOOR/WINDOW,136,2026-09-12T00:00:00.000,2026-09-17T18:57:05.180022+00:00
MANHATTAN,Vendor Enforcement,135,2026-09-12T00:00:00.000,2026-09-17T18:57:05.180022+00:00
BROOKLYN,Street Light Condition,133,2026-09-12T00:00:00.000,2026-09-17T18:57:05.180022+00:00
BROOKLYN,PAINT/PLASTER,133,2026-09-12T00:00:00.000,2026-09-17T18:57:05.180022+00:00
BRONX,Noise - Commercial,133,2026-09-12T00:00:00.000,2026-09-17T18:57:05.180022+00:00
BRONX,Noise - Vehicle,131,2026-09-12T00:00:00.000,2026-09-17T18:57:05.180022+00:00
BROOKLYN,GENERAL,129,2026-09-12T00:00:00.000,2026-09-17T18:57:05.180022+00:00
BROOKLYN,WATER LEAK,127,2026-09-12T00:00:00.000,2026-09-17T18:57:05.180022+00:00
MANHATTAN,PLUMBING,126,2026-09-12T00:00:00.000,2026-09-17T18:57:05.180022+00:00
BROOKLYN,Encampment,126,2026-09-12T00:00:00.000,2026-09-17T18:57:05.180022+00:00
BROOKLYN,HEAT/HOT WATER,124,2026-09-12T00:00:00.000,2026-09-17T18:57:05.180022+00:00
MANHATTAN,Traffic Signal Condition,123,2026-09-12T00:00:00.000,2026-09-17T18:57:05.180022+00:00
BROOKLYN,Rodent,120,2026-09-12T00:00:00.000,2026-09-17T18:57:05.180022+00:00
QUEENS,Street Light Condition,119,2026-09-12T00:00:00.000,2026-09-17T18:57:05.180022+00:00
MANHATTAN,HEAT/HOT WATER,118,2026-09-12T00:00:00.000,2026-09-17T18:57:05.180022+00:00
BROOKLYN,Homeless Person Assistance,115,2026-09-12T00:00:00.000,2026-09-17T18:57:05.180022+00:00
QUEENS,Overgrown Tree/Branches,111,2026-09-12T00:00:00.000,2026-09-17T18:57:05.180022+00:00
BRONX,DOOR/WINDOW,110,2026-09-12T00:00:00.000,2026-09-17T18:57:05.180022+00:00
BRONX,HEAT/HOT WATER,109,2026-09-12T00:00:00.000,2026-09-17T18:57:05.180022+00:00
BROOKLYN,Derelict Vehicles,108,2026-09-12T00:00:00.000,2026-09-17T18:57:05.180022+00:00
BRONX,Street Condition,108,2026-09-12T00:00:00.000,2026-09-17T18:57:05.180022+00:00
BROOKLYN,Sewer Maintenance,106,2026-09-12T00:00:00.000,2026-09-17T18:57:05.180022+00:00
BRONX,Abandoned Vehicle,106,2026-09-12T00:00:00.000,2026-09-17T18:57:05.180022+00:00
MANHATTAN,Maintenance or Facility,105,2026-09-12T00:00:00.000,2026-09-17T18:57:05.180022+00:00
QUEENS,Traffic Signal Condition,103,2026-09-12T00:00:00.000,2026-09-17T18:57:05.180022+00:00
BROOKLYN,Obstruction,102,2026-09-12T00:00:00.000,2026-09-17T18:57:05.180022+00:00
BROOKLYN,Sidewalk Condition,99,2026-09-12T00:00:00.000,2026-09-17T18:57:05.180022+00:00
MANHATTAN,WATER LEAK,98,2026-09-12T00:00:00.000,2026-09-17T18:57:05.180022+00:00
BROOKLYN,ELECTRIC,94,2026-09-12T00:00:00.000,2026-09-17T18:57:05.180022+00:00
MANHATTAN,Water Maintenance,89,2026-09-12T00:00:00.000,2026-09-17T18:57:05.180022+00:00
MANHATTAN,Rodent,87,2026-09-12T00:00:00.000,2026-09-17T18:57:05.180022+00:00
BROOKLYN,Consumer Complaint,86,2026-09-12T00:00:00.000,2026-09-17T18:57:05.180022+00:00
QUEENS,Derelict Vehicles,86,2026-09-12T00:00:00.000,2026-09-17T18:57:05.180022+00:00
QUEENS,Maintenance or Facility,86,2026-09-12T00:00:00.000,2026-09-17T18:57:05.180022+00:00
BRONX,Illegal Dumping,85,2026-09-12T00:00:00.000,2026-09-17T18:57:05.180022+00:00
BROOKLYN,General Construction/Plumbing,84,2026-09-12T00:00:00.000,2026-09-17T18:57:05.180022+00:00
QUEENS,Sidewalk Condition,83,2026-09-12T00:00:00.000,2026-09-17T18:57:05.180022+00:00
MANHATTAN,DOOR/WINDOW,83,2026-09-12T00:00:00.000,2026-09-17T18:57:05.180022+00:00
BROOKLYN,Lead,82,2026-09-12T00:00:00.000,2026-09-17T18:57:05.180022+00:00
QUEENS,Noise - Park,81,2026-09-12T00:00:00.000,2026-09-17T18:57:05.180022+00:00
QUEENS,Dead/Dying Tree,81,2026-09-12T00:00:00.000,2026-09-17T18:57:05.180022+00:00
BRONX,Noise,81,2026-09-12T00:00:00.000,2026-09-17T18:57:05.180022+00:00
MANHATTAN,Consumer Complaint,81,2026-09-12T00:00:00.000,2026-09-17T18:57:05.180022+00:00
MANHATTAN,Street Light Condition,80,2026-09-12T00:00:00.000,2026-09-17T18:57:05.180022+00:00
MANHATTAN,Panhandling,78,2026-09-12T00:00:00.000,2026-09-17T18:57:05.180022+00:00
MANHATTAN,For Hire Vehicle Complaint,78,2026-09-12T00:00:00.000,2026-09-17T18:57:05.180022+00:00
BROOKLYN,Residential Disposal Complaint,78,2026-09-12T00:00:00.000,2026-09-17T18:57:05.180022+00:00
MANHATTAN,Non-Emergency Police Matter,77,2026-09-12T00:00:00.000,2026-09-17T18:57:05.180022+00:00
QUEENS,Encampment,76,2026-09-12T00:00:00.000,2026-09-17T18:57:05.180022+00:00
QUEENS,GENERAL,76,2026-09-12T00:00:00.000,2026-09-17T18:57:05.180022+00:00
BRONX,ELECTRIC,75,2026-09-12T00:00:00.000,2026-09-17T18:57:05.180022+00:00
BROOKLYN,APPLIANCE,73,2026-09-12T00:00:00.000,2026-09-17T18:57:05.180022+00:00
QUEENS,General Construction/Plumbing,72,2026-09-12T00:00:00.000,2026-09-17T18:57:05.180022+00:00
BROOKLYN,FLOORING/STAIRS,71,2026-09-12T00:00:00.000,2026-09-17T18:57:05.180022+00:00
BRONX,APPLIANCE,69,2026-09-12T00:00:00.000,2026-09-17T18:57:05.180022+00:00
STATEN ISLAND,Missed Collection,68,2026-09-12T00:00:00.000,2026-09-17T18:57:05.180022+00:00
BROOKLYN,Dead Animal,68,2026-09-12T00:00:00.000,2026-09-17T18:57:05.180022+00:00
MANHATTAN,GENERAL,67,2026-09-12T00:00:00.000,2026-09-17T18:57:05.180022+00:00
BRONX,FLOORING/STAIRS,67,2026-09-12T00:00:00.000,2026-09-17T18:57:05.180022+00:00
BRONX,Traffic Signal Condition,66,2026-09-12T00:00:00.000,2026-09-17T18:57:05.180022+00:00
STATEN ISLAND,Abandoned Vehicle,64,2026-09-12T00:00:00.000,2026-09-17T18:57:05.180022+00:00
MANHATTAN,Illegal Dumping,62,2026-09-12T00:00:00.000,2026-09-17T18:57:05.180022+00:00
STATEN ISLAND,Street Condition,62,2026-09-12T00:00:00.000,2026-09-17T18:57:05.180022+00:00
QUEENS,PLUMBING,62,2026-09-12T00:00:00.000,2026-09-17T18:57:05.180022+00:00
MANHATTAN,Lost Property,62,2026-09-12T00:00:00.000,2026-09-17T18:57:05.180022+00:00
MANHATTAN,Air Quality,61,2026-09-12T00:00:00.000,2026-09-17T18:57:05.180022+00:00
MANHATTAN,Blocked Driveway,61,2026-09-12T00:00:00.000,2026-09-17T18:57:05.180022+00:00
BRONX,Rodent,60,2026-09-12T00:00:00.000,2026-09-17T18:57:05.180022+00:00
MANHATTAN,Food Establishment,60,2026-09-12T00:00:00.000,2026-09-17T18:57:05.180022+00:00
MANHATTAN,Sidewalk Condition,60,2026-09-12T00:00:00.000,2026-09-17T18:57:05.180022+00:00
QUEENS,Building/Use,60,2026-09-12T00:00:00.000,2026-09-17T18:57:05.180022+00:00
BRONX,Non-Emergency Police Matter,59,2026-09-12T00:00:00.000,2026-09-17T18:57:05.180022+00:00
STATEN ISLAND,Blocked Driveway,58,2026-09-12T00:00:00.000,2026-09-17T18:57:05.180022+00:00
QUEENS,Lead,57,2026-09-12T00:00:00.000,2026-09-17T18:57:05.180022+00:00
BROOKLYN,Noise - Park,57,2026-09-12T00:00:00.000,2026-09-17T18:57:05.180022+00:00
BROOKLYN,Vendor Enforcement,57,2026-09-12T00:00:00.000,2026-09-17T18:57:05.180022+00:00
BROOKLYN,Non-Emergency Police Matter,57,2026-09-12T00:00:00.000,2026-09-17T18:57:05.180022+00:00
MANHATTAN,Lead,57,2026-09-12T00:00:00.000,2026-09-17T18:57:05.180022+00:00
MANHATTAN,ELECTRIC,56,2026-09-12T00:00:00.000,2026-09-17T18:57:05.180022+00:00
QUEENS,Rodent,56,2026-09-12T00:00:00.000,2026-09-17T18:57:05.180022+00:00
BRONX,GENERAL,55,2026-09-12T00:00:00.000,2026-09-17T18:57:05.180022+00:00
BRONX,Encampment,55,2026-09-12T00:00:00.000,2026-09-17T18:57:05.180022+00:00
QUEENS,Homeless Person Assistance,54,2026-09-12T00:00:00.000,2026-09-17T18:57:05.180022+00:00
QUEENS,Non-Emergency Police Matter,54,2026-09-12T00:00:00.000,2026-09-17T18:57:05.180022+00:00
BRONX,Derelict Vehicles,53,2026-09-12T00:00:00.000,2026-09-17T18:57:05.180022+00:00
BRONX,Elevator,52,2026-09-12T00:00:00.000,2026-09-17T18:57:05.180022+00:00
MANHATTAN,Taxi Complaint,52,2026-09-12T00:00:00.000,2026-09-17T18:57:05.180022+00:00
BROOKLYN,Graffiti,50,2026-09-12T00:00:00.000,2026-09-17T18:57:05.180022+00:00
BRONX,Sewer Maintenance,50,2026-09-12T00:00:00.000,2026-09-17T18:57:05.180022+00:00
MANHATTAN,Elevator,50,2026-09-12T00:00:00.000,2026-09-17T18:57:05.180022+00:00
QUEENS,Vendor Enforcement,50,2026-09-12T00:00:00.000,2026-09-17T18:57:05.180022+00:00
MANHATTAN,FLOORING/STAIRS,49,2026-09-12T00:00:00.000,2026-09-17T18:57:05.180022+00:00
QUEENS,Food Establishment,49,2026-09-12T00:00:00.000,2026-09-17T18:57:05.180022+00:00
MANHATTAN,Sewer Maintenance,48,2026-09-12T00:00:00.000,2026-09-17T18:57:05.180022+00:00
QUEENS,Consumer Complaint,48,2026-09-12T00:00:00.000,2026-09-17T18:57:05.180022+00:00
BRONX,Missed Collection,47,2026-09-12T00:00:00.000,2026-09-17T18:57:05.180022+00:00
STATEN ISLAND,Water Maintenance,47,2026-09-12T00:00:00.000,2026-09-17T18:57:05.180022+00:00
QUEENS,PAINT/PLASTER,47,2026-09-12T00:00:00.000,2026-09-17T18:57:05.180022+00:00
BROOKLYN,Elevator,47,2026-09-12T00:00:00.000,2026-09-17T18:57:05.180022+00:00
MANHATTAN,Missed Collection,47,2026-09-12T00:00:00.000,2026-09-17T18:57:05.180022+00:00
BROOKLYN,Street Sweeping Complaint,46,2026-09-12T00:00:00.000,2026-09-17T18:57:05.180022+00:00
BROOKLYN,Food Establishment,46,2026-09-12T00:00:00.000,2026-09-17T18:57:05.180022+00:00
QUEENS,DOOR/WINDOW,46,2026-09-12T00:00:00.000,2026-09-17T18:57:05.180022+00:00
BROOKLYN,Indoor Air Quality,46,2026-09-12T00:00:00.000,2026-09-17T18:57:05.180022+00:00
STATEN ISLAND,Noise - Street/Sidewalk,45,2026-09-12T00:00:00.000,2026-09-17T18:57:05.180022+00:00
STATEN ISLAND,Dirty Condition,44,2026-09-12T00:00:00.000,2026-09-17T18:57:05.180022+00:00
BROOKLYN,Curb Condition,44,2026-09-12T00:00:00.000,2026-09-17T18:57:05.180022+00:00
BROOKLYN,For Hire Vehicle Complaint,43,2026-09-12T00:00:00.000,2026-09-17T18:57:05.180022+00:00
QUEENS,HEAT/HOT WATER,42,2026-09-12T00:00:00.000,2026-09-17T18:57:05.180022+00:00
QUEENS,Taxi Complaint,42,2026-09-12T00:00:00.000,2026-09-17T18:57:05.180022+00:00
QUEENS,Root/Sewer/Sidewalk Condition,42,2026-09-12T00:00:00.000,2026-09-17T18:57:05.180022+00:00
QUEENS,Residential Disposal Complaint,42,2026-09-12T00:00:00.000,2026-09-17T18:57:05.180022+00:00
QUEENS,Drug Activity,42,2026-09-12T00:00:00.000,2026-09-17T18:57:05.180022+00:00
MANHATTAN,Violation of Park Rules,41,2026-09-12T00:00:00.000,2026-09-17T18:57:05.180022+00:00
QUEENS,Traffic,41,2026-09-12T00:00:00.000,2026-09-17T18:57:05.180022+00:00
MANHATTAN,General Construction/Plumbing,41,2026-09-12T00:00:00.000,2026-09-17T18:57:05.180022+00:00
QUEENS,WATER LEAK,40,2026-09-12T00:00:00.000,2026-09-17T18:57:05.180022+00:00
STATEN ISLAND,Overgrown Tree/Branches,40,2026-09-12T00:00:00.000,2026-09-17T18:57:05.180022+00:00
BROOKLYN,Root/Sewer/Sidewalk Condition,40,2026-09-12T00:00:00.000,2026-09-17T18:57:05.180022+00:00
BRONX,Sidewalk Condition,40,2026-09-12T00:00:00.000,2026-09-17T18:57:05.180022+00:00
BRONX,Obstruction,40,2026-09-12T00:00:00.000,2026-09-17T18:57:05.180022+00:00
QUEENS,For Hire Vehicle Complaint,39,2026-09-12T00:00:00.000,2026-09-17T18:57:05.180022+00:00
BRONX,Consumer Complaint,39,2026-09-12T00:00:00.000,2026-09-17T18:57:05.180022+00:00
MANHATTAN,Indoor Air Quality,39,2026-09-12T00:00:00.000,2026-09-17T18:57:05.180022+00:00
BROOKLYN,Illegal Tree Damage,39,2026-09-12T00:00:00.000,2026-09-17T18:57:05.180022+00:00
BROOKLYN,Animal-Abuse,38,2026-09-12T00:00:00.000,2026-09-17T18:57:05.180022+00:00
BROOKLYN,Dead/Dying Tree,38,2026-09-12T00:00:00.000,2026-09-17T18:57:05.180022+00:00
BROOKLYN,Building/Use,38,2026-09-12T00:00:00.000,2026-09-17T18:57:05.180022+00:00
QUEENS,Curb Condition,37,2026-09-12T00:00:00.000,2026-09-17T18:57:05.180022+00:00
BROOKLYN,Cannabis Retailer,37,2026-09-12T00:00:00.000,2026-09-17T18:57:05.180022+00:00
MANHATTAN,Obstruction,36,2026-09-12T00:00:00.000,2026-09-17T18:57:05.180022+00:00
BRONX,Damaged Tree,35,2026-09-12T00:00:00.000,2026-09-17T18:57:05.180022+00:00
BRONX,General Construction/Plumbing,35,2026-09-12T00:00:00.000,2026-09-17T18:57:05.180022+00:00
STATEN ISLAND,Damaged Tree,34,2026-09-12T00:00:00.000,2026-09-17T18:57:05.180022+00:00
QUEENS,Dead Animal,34,2026-09-12T00:00:00.000,2026-09-17T18:57:05.180022+00:00
STATEN ISLAND,Obstruction,34,2026-09-12T00:00:00.000,2026-09-17T18:57:05.180022+00:00
BRONX,Maintenance or Facility,34,2026-09-12T00:00:00.000,2026-09-17T18:57:05.180022+00:00
BRONX,Animal-Abuse,34,2026-09-12T00:00:00.000,2026-09-17T18:57:05.180022+00:00
BRONX,Panhandling,33,2026-09-12T00:00:00.000,2026-09-17T18:57:05.180022+00:00
STATEN ISLAND,UNSANITARY CONDITION,33,2026-09-12T00:00:00.000,2026-09-17T18:57:05.180022+00:00
QUEENS,ELECTRIC,32,2026-09-12T00:00:00.000,2026-09-17T18:57:05.180022+00:00
MANHATTAN,Residential Disposal Complaint,32,2026-09-12T00:00:00.000,2026-09-17T18:57:05.180022+00:00
BROOKLYN,Litter Basket Request,32,2026-09-12T00:00:00.000,2026-09-17T18:57:05.180022+00:00
BROOKLYN,Panhandling,31,2026-09-12T00:00:00.000,2026-09-17T18:57:05.180022+00:00
QUEENS,Animal-Abuse,30,2026-09-12T00:00:00.000,2026-09-17T18:57:05.180022+00:00
MANHATTAN,APPLIANCE,29,2026-09-12T00:00:00.000,2026-09-17T18:57:05.180022+00:00
MANHATTAN,Noise - Park,29,2026-09-12T00:00:00.000,2026-09-17T18:57:05.180022+00:00
QUEENS,Panhandling,28,2026-09-12T00:00:00.000,2026-09-17T18:57:05.180022+00:00
STATEN ISLAND,Sidewalk Condition,28,2026-09-12T00:00:00.000,2026-09-17T18:57:05.180022+00:00
MANHATTAN,Animal-Abuse,28,2026-09-12T00:00:00.000,2026-09-17T18:57:05.180022+00:00
QUEENS,Drinking,27,2026-09-12T00:00:00.000,2026-09-17T18:57:05.180022+00:00
MANHATTAN,SAFETY,27,2026-09-12T00:00:00.000,2026-09-17T18:57:05.180022+00:00
BRONX,Homeless Person Assistance,27,2026-09-12T00:00:00.000,2026-09-17T18:57:05.180022+00:00
MANHATTAN,Noise - Helicopter,27,2026-09-12T00:00:00.000,2026-09-17T18:57:05.180022+00:00
MANHATTAN,Outdoor Dining,27,2026-09-12T00:00:00.000,2026-09-17T18:57:05.180022+00:00
BRONX,SAFETY,27,2026-09-12T00:00:00.000,2026-09-17T18:57:05.180022+00:00
QUEENS,Elevator,27,2026-09-12T00:00:00.000,2026-09-17T18:57:05.180022+00:00
STATEN ISLAND,Traffic Signal Condition,27,2026-09-12T00:00:00.000,2026-09-17T18:57:05.180022+00:00
BROOKLYN,Animal in a Park,26,2026-09-12T00:00:00.000,2026-09-17T18:57:05.180022+00:00
STATEN ISLAND,Root/Sewer/Sidewalk Condition,26,2026-09-12T00:00:00.000,2026-09-17T18:57:05.180022+00:00
BRONX,Overgrown Tree/Branches,25,2026-09-12T00:00:00.000,2026-09-17T18:57:05.180022+00:00
BRONX,Indoor Air Quality,25,2026-09-12T00:00:00.000,2026-09-17T18:57:05.180022+00:00
QUEENS,Illegal Posting,25,2026-09-12T00:00:00.000,2026-09-17T18:57:05.180022+00:00
BROOKLYN,Traffic,24,2026-09-12T00:00:00.000,2026-09-17T18:57:05.180022+00:00
MANHATTAN,Abandoned Vehicle,24,2026-09-12T00:00:00.000,2026-09-17T18:57:05.180022+00:00
MANHATTAN,Damaged Tree,24,2026-09-12T00:00:00.000,2026-09-17T18:57:05.180022+00:00
BRONX,Vendor Enforcement,24,2026-09-12T00:00:00.000,2026-09-17T18:57:05.180022+00:00
BROOKLYN,Air Quality,23,2026-09-12T00:00:00.000,2026-09-17T18:57:05.180022+00:00
BROOKLYN,Drinking,23,2026-09-12T00:00:00.000,2026-09-17T18:57:05.180022+00:00
BROOKLYN,Noise - Helicopter,23,2026-09-12T00:00:00.000,2026-09-17T18:57:05.180022+00:00
BROOKLYN,Illegal Posting,23,2026-09-12T00:00:00.000,2026-09-17T18:57:05.180022+00:00
BRONX,Drinking,23,2026-09-12T00:00:00.000,2026-09-17T18:57:05.180022+00:00
STATEN ISLAND,Illegal Dumping,23,2026-09-12T00:00:00.000,2026-09-17T18:57:05.180022+00:00
STATEN ISLAND,Sewer Maintenance,23,2026-09-12T00:00:00.000,2026-09-17T18:57:05.180022+00:00
QUEENS,SAFETY,22,2026-09-12T00:00:00.000,2026-09-17T18:57:05.180022+00:00
BROOKLYN,Smoking or Vaping,22,2026-09-12T00:00:00.000,2026-09-17T18:57:05.180022+00:00
STATEN ISLAND,Noise - Commercial,22,2026-09-12T00:00:00.000,2026-09-17T18:57:05.180022+00:00
QUEENS,Illegal Fireworks,22,2026-09-12T00:00:00.000,2026-09-17T18:57:05.180022+00:00
BRONX,Building/Use,21,2026-09-12T00:00:00.000,2026-09-17T18:57:05.180022+00:00
BRONX,Street Sweeping Complaint,21,2026-09-12T00:00:00.000,2026-09-17T18:57:05.180022+00:00
BROOKLYN,SAFETY,20,2026-09-12T00:00:00.000,2026-09-17T18:57:05.180022+00:00
STATEN ISLAND,General Construction/Plumbing,20,2026-09-12T00:00:00.000,2026-09-17T18:57:05.180022+00:00
STATEN ISLAND,Dead/Dying Tree,20,2026-09-12T00:00:00.000,2026-09-17T18:57:05.180022+00:00
QUEENS,Air Quality,20,2026-09-12T00:00:00.000,2026-09-17T18:57:05.180022+00:00
QUEENS,APPLIANCE,20,2026-09-12T00:00:00.000,2026-09-17T18:57:05.180022+00:00
MANHATTAN,Drug Activity,20,2026-09-12T00:00:00.000,2026-09-17T18:57:05.180022+00:00
STATEN ISLAND,Noise,20,2026-09-12T00:00:00.000,2026-09-17T18:57:05.180022+00:00
BRONX,Curb Condition,19,2026-09-12T00:00:00.000,2026-09-17T18:57:05.180022+00:00
STATEN ISLAND,Noise - Vehicle,19,2026-09-12T00:00:00.000,2026-09-17T18:57:05.180022+00:00
BRONX,Noise - Park,19,2026-09-12T00:00:00.000,2026-09-17T18:57:05.180022+00:00
BRONX,Graffiti,19,2026-09-12T00:00:00.000,2026-09-17T18:57:05.180022+00:00
QUEENS,Smoking or Vaping,19,2026-09-12T00:00:00.000,2026-09-17T18:57:05.180022+00:00
BRONX,Dead Animal,19,2026-09-12T00:00:00.000,2026-09-17T18:57:05.180022+00:00
MANHATTAN,Graffiti,19,2026-09-12T00:00:00.000,2026-09-17T18:57:05.180022+00:00
BROOKLYN,Drug Activity,19,2026-09-12T00:00:00.000,2026-09-17T18:57:05.180022+00:00
MANHATTAN,Traffic,18,2026-09-12T00:00:00.000,2026-09-17T18:57:05.180022+00:00
STATEN ISLAND,Non-Emergency Police Matter,18,2026-09-12T00:00:00.000,2026-09-17T18:57:05.180022+00:00
BROOKLYN,Mosquitoes,18,2026-09-12T00:00:00.000,2026-09-17T18:57:05.180022+00:00
QUEENS,FLOORING/STAIRS,18,2026-09-12T00:00:00.000,2026-09-17T18:57:05.180022+00:00
STATEN ISLAND,Dead Animal,18,2026-09-12T00:00:00.000,2026-09-17T18:57:05.180022+00:00
BROOKLYN,Real Time Enforcement,18,2026-09-12T00:00:00.000,2026-09-17T18:57:05.180022+00:00
QUEENS,Highway Condition,17,2026-09-12T00:00:00.000,2026-09-17T18:57:05.180022+00:00
QUEENS,Graffiti,17,2026-09-12T00:00:00.000,2026-09-17T18:57:05.180022+00:00
BRONX,Root/Sewer/Sidewalk Condition,17,2026-09-12T00:00:00.000,2026-09-17T18:57:05.180022+00:00
QUEENS,Street Sign - Dangling,17,2026-09-12T00:00:00.000,2026-09-17T18:57:05.180022+00:00
BROOKLYN,Violation of Park Rules,17,2026-09-12T00:00:00.000,2026-09-17T18:57:05.180022+00:00
BROOKLYN,Street Sign - Damaged,17,2026-09-12T00:00:00.000,2026-09-17T18:57:05.180022+00:00
BRONX,Violation of Park Rules,17,2026-09-12T00:00:00.000,2026-09-17T18:57:05.180022+00:00
BRONX,Residential Disposal Complaint,17,2026-09-12T00:00:00.000,2026-09-17T18:57:05.180022+00:00
MANHATTAN,Litter Basket Complaint,17,2026-09-12T00:00:00.000,2026-09-17T18:57:05.180022+00:00
BRONX,Drug Activity,16,2026-09-12T00:00:00.000,2026-09-17T18:57:05.180022+00:00
BRONX,For Hire Vehicle Complaint,16,2026-09-12T00:00:00.000,2026-09-17T18:57:05.180022+00:00
MANHATTAN,Smoking or Vaping,16,2026-09-12T00:00:00.000,2026-09-17T18:57:05.180022+00:00
QUEENS,Indoor Air Quality,16,2026-09-12T00:00:00.000,2026-09-17T18:57:05.180022+00:00
BRONX,Food Establishment,16,2026-09-12T00:00:00.000,2026-09-17T18:57:05.180022+00:00
QUEENS,Water Conservation,16,2026-09-12T00:00:00.000,2026-09-17T18:57:05.180022+00:00
STATEN ISLAND,Rodent,15,2026-09-12T00:00:00.000,2026-09-17T18:57:05.180022+00:00
STATEN ISLAND,Derelict Vehicles,15,2026-09-12T00:00:00.000,2026-09-17T18:57:05.180022+00:00
STATEN ISLAND,Graffiti,15,2026-09-12T00:00:00.000,2026-09-17T18:57:05.180022+00:00
QUEENS,Street Sign - Missing,15,2026-09-12T00:00:00.000,2026-09-17T18:57:05.180022+00:00
QUEENS,Broken Parking Meter,15,2026-09-12T00:00:00.000,2026-09-17T18:57:05.180022+00:00
MANHATTAN,Litter Basket Request,15,2026-09-12T00:00:00.000,2026-09-17T18:57:05.180022+00:00
MANHATTAN,Broken Parking Meter,15,2026-09-12T00:00:00.000,2026-09-17T18:57:05.180022+00:00
BROOKLYN,Illegal Fireworks,14,2026-09-12T00:00:00.000,2026-09-17T18:57:05.180022+00:00
MANHATTAN,Derelict Vehicles,14,2026-09-12T00:00:00.000,2026-09-17T18:57:05.180022+00:00
MANHATTAN,Mobile Food Vendor,14,2026-09-12T00:00:00.000,2026-09-17T18:57:05.180022+00:00
MANHATTAN,Cannabis Retailer,14,2026-09-12T00:00:00.000,2026-09-17T18:57:05.180022+00:00
STATEN ISLAND,Consumer Complaint,14,2026-09-12T00:00:00.000,2026-09-17T18:57:05.180022+00:00
QUEENS,Street Sign - Damaged,14,2026-09-12T00:00:00.000,2026-09-17T18:57:05.180022+00:00
STATEN ISLAND,Residential Disposal Complaint,14,2026-09-12T00:00:00.000,2026-09-17T18:57:05.180022+00:00
QUEENS,Noise - House of Worship,14,2026-09-12T00:00:00.000,2026-09-17T18:57:05.180022+00:00
BROOKLYN,Hazardous Material,14,2026-09-12T00:00:00.000,2026-09-17T18:57:05.180022+00:00
BROOKLYN,Dumpster Complaint,14,2026-09-12T00:00:00.000,2026-09-17T18:57:05.180022+00:00
QUEENS,Urinating in Public,13,2026-09-12T00:00:00.000,2026-09-17T18:57:05.180022+00:00
BRONX,Air Quality,13,2026-09-12T00:00:00.000,2026-09-17T18:57:05.180022+00:00
QUEENS,Sanitation Worker or Vehicle Complaint,13,2026-09-12T00:00:00.000,2026-09-17T18:57:05.180022+00:00
BRONX,Dead/Dying Tree,13,2026-09-12T00:00:00.000,2026-09-17T18:57:05.180022+00:00
BROOKLYN,Abandoned Bike,13,2026-09-12T00:00:00.000,2026-09-17T18:57:05.180022+00:00
MANHATTAN,Street Sweeping Complaint,13,2026-09-12T00:00:00.000,2026-09-17T18:57:05.180022+00:00
BROOKLYN,Water Conservation,13,2026-09-12T00:00:00.000,2026-09-17T18:57:05.180022+00:00
MANHATTAN,Unsanitary Pigeon Condition,12,2026-09-12T00:00:00.000,2026-09-17T18:57:05.180022+00:00
QUEENS,Unleashed Dog,12,2026-09-12T00:00:00.000,2026-09-17T18:57:05.180022+00:00
Unspecified,Taxi Complaint,12,2026-09-12T00:00:00.000,2026-09-17T18:57:05.180022+00:00
QUEENS,Green Infrastructure,12,2026-09-12T00:00:00.000,2026-09-17T18:57:05.180022+00:00
BROOKLYN,Industrial Waste,12,2026-09-12T00:00:00.000,2026-09-17T18:57:05.180022+00:00
MANHATTAN,Real Time Enforcement,12,2026-09-12T00:00:00.000,2026-09-17T18:57:05.180022+00:00
QUEENS,Violation of Park Rules,11,2026-09-12T00:00:00.000,2026-09-17T18:57:05.180022+00:00
MANHATTAN,Bike/Roller/Skate,11,2026-09-12T00:00:00.000,2026-09-17T18:57:05.180022+00:00
QUEENS,Animal in a Park,11,2026-09-12T00:00:00.000,2026-09-17T18:57:05.180022+00:00
BROOKLYN,Emergency Response Team (ERT),11,2026-09-12T00:00:00.000,2026-09-17T18:57:05.180022+00:00
BROOKLYN,Litter Basket Complaint,11,2026-09-12T00:00:00.000,2026-09-17T18:57:05.180022+00:00
MANHATTAN,Dead/Dying Tree,11,2026-09-12T00:00:00.000,2026-09-17T18:57:05.180022+00:00
MANHATTAN,Illegal Tree Damage,10,2026-09-12T00:00:00.000,2026-09-17T18:57:05.180022+00:00
STATEN ISLAND,Lead,10,2026-09-12T00:00:00.000,2026-09-17T18:57:05.180022+00:00
STATEN ISLAND,Maintenance or Facility,10,2026-09-12T00:00:00.000,2026-09-17T18:57:05.180022+00:00
MANHATTAN,Street Sign - Missing,10,2026-09-12T00:00:00.000,2026-09-17T18:57:05.180022+00:00
STATEN ISLAND,ELECTRIC,10,2026-09-12T00:00:00.000,2026-09-17T18:57:05.180022+00:00
QUEENS,ELEVATOR,10,2026-09-12T00:00:00.000,2026-09-17T18:57:05.180022+00:00
QUEENS,Street Sweeping Complaint,10,2026-09-12T00:00:00.000,2026-09-17T18:57:05.180022+00:00
QUEENS,Lost Property,10,2026-09-12T00:00:00.000,2026-09-17T18:57:05.180022+00:00
MANHATTAN,Building/Use,10,2026-09-12T00:00:00.000,2026-09-17T18:57:05.180022+00:00
BROOKLYN,Lot Condition,10,2026-09-12T00:00:00.000,2026-09-17T18:57:05.180022+00:00
MANHATTAN,Commercial Disposal Complaint,10,2026-09-12T00:00:00.000,2026-09-17T18:57:05.180022+00:00
MANHATTAN,Water Conservation,9,2026-09-12T00:00:00.000,2026-09-17T18:57:05.180022+00:00
BROOKLYN,Street Sign - Dangling,9,2026-09-12T00:00:00.000,2026-09-17T18:57:05.180022+00:00
BROOKLYN,Bike/Roller/Skate,9,2026-09-12T00:00:00.000,2026-09-17T18:57:05.180022+00:00
MANHATTAN,Emergency Response Team (ERT),9,2026-09-12T00:00:00.000,2026-09-17T18:57:05.180022+00:00
BRONX,Lead,9,2026-09-12T00:00:00.000,2026-09-17T18:57:05.180022+00:00
QUEENS,Hazardous Material,9,2026-09-12T00:00:00.000,2026-09-17T18:57:05.180022+00:00
MANHATTAN,Abandoned Bike,9,2026-09-12T00:00:00.000,2026-09-17T18:57:05.180022+00:00
BROOKLYN,Plumbing,9,2026-09-12T00:00:00.000,2026-09-17T18:57:05.180022+00:00
BROOKLYN,Standing Water,9,2026-09-12T00:00:00.000,2026-09-17T18:57:05.180022+00:00
MANHATTAN,Dead Animal,9,2026-09-12T00:00:00.000,2026-09-17T18:57:05.180022+00:00
BROOKLYN,OUTSIDE BUILDING,9,2026-09-12T00:00:00.000,2026-09-17T18:57:05.180022+00:00
QUEENS,Cannabis Retailer,9,2026-09-12T00:00:00.000,2026-09-17T18:57:05.180022+00:00
STATEN ISLAND,Building/Use,9,2026-09-12T00:00:00.000,2026-09-17T18:57:05.180022+00:00
BRONX,ELEVATOR,9,2026-09-12T00:00:00.000,2026-09-17T18:57:05.180022+00:00
BRONX,Water Conservation,9,2026-09-12T00:00:00.000,2026-09-17T18:57:05.180022+00:00
BRONX,Street Sign - Damaged,8,2026-09-12T00:00:00.000,2026-09-17T18:57:05.180022+00:00
BROOKLYN,Unsanitary Animal Pvt Property,8,2026-09-12T00:00:00.000,2026-09-17T18:57:05.180022+00:00
STATEN ISLAND,PAINT/PLASTER,8,2026-09-12T00:00:00.000,2026-09-17T18:57:05.180022+00:00
BROOKLYN,Bike Rack,8,2026-09-12T00:00:00.000,2026-09-17T18:57:05.180022+00:00
BROOKLYN,Mobile Food Vendor,8,2026-09-12T00:00:00.000,2026-09-17T18:57:05.180022+00:00
BROOKLYN,Street Sign - Missing,8,2026-09-12T00:00:00.000,2026-09-17T18:57:05.180022+00:00
BROOKLYN,Special Projects Inspection Team (SPIT),8,2026-09-12T00:00:00.000,2026-09-17T18:57:05.180022+00:00
QUEENS,Emergency Response Team (ERT),8,2026-09-12T00:00:00.000,2026-09-17T18:57:05.180022+00:00
MANHATTAN,Animal in a Park,8,2026-09-12T00:00:00.000,2026-09-17T18:57:05.180022+00:00
QUEENS,Wood Pile Remaining,8,2026-09-12T00:00:00.000,2026-09-17T18:57:05.180022+00:00
QUEENS,Lot Condition,8,2026-09-12T00:00:00.000,2026-09-17T18:57:05.180022+00:00
QUEENS,Bus Stop Shelter Complaint,8,2026-09-12T00:00:00.000,2026-09-17T18:57:05.180022+00:00
MANHATTAN,Unsanitary Animal Pvt Property,8,2026-09-12T00:00:00.000,2026-09-17T18:57:05.180022+00:00
MANHATTAN,Special Projects Inspection Team (SPIT),8,2026-09-12T00:00:00.000,2026-09-17T18:57:05.180022+00:00
BROOKLYN,Highway Condition,8,2026-09-12T00:00:00.000,2026-09-17T18:57:05.180022+00:00
MANHATTAN,Hazardous Material,7,2026-09-12T00:00:00.000,2026-09-17T18:57:05.180022+00:00
MANHATTAN,Standing Water,7,2026-09-12T00:00:00.000,2026-09-17T18:57:05.180022+00:00
MANHATTAN,Bike Rack,7,2026-09-12T00:00:00.000,2026-09-17T18:57:05.180022+00:00
STATEN ISLAND,DOOR/WINDOW,7,2026-09-12T00:00:00.000,2026-09-17T18:57:05.180022+00:00
STATEN ISLAND,Lot Condition,7,2026-09-12T00:00:00.000,2026-09-17T18:57:05.180022+00:00
BRONX,Mobile Food Vendor,7,2026-09-12T00:00:00.000,2026-09-17T18:57:05.180022+00:00
BROOKLYN,Harboring Bees/Wasps,7,2026-09-12T00:00:00.000,2026-09-17T18:57:05.180022+00:00
BRONX,Highway Condition,7,2026-09-12T00:00:00.000,2026-09-17T18:57:05.180022+00:00
STATEN ISLAND,Animal-Abuse,7,2026-09-12T00:00:00.000,2026-09-17T18:57:05.180022+00:00
BROOKLYN,Unsanitary Pigeon Condition,7,2026-09-12T00:00:00.000,2026-09-17T18:57:05.180022+00:00
BROOKLYN,Urinating in Public,7,2026-09-12T00:00:00.000,2026-09-17T18:57:05.180022+00:00
QUEENS,Litter Basket Request,7,2026-09-12T00:00:00.000,2026-09-17T18:57:05.180022+00:00
BROOKLYN,Unleashed Dog,7,2026-09-12T00:00:00.000,2026-09-17T18:57:05.180022+00:00
QUEENS,Standing Water,7,2026-09-12T00:00:00.000,2026-09-17T18:57:05.180022+00:00
BRONX,Cannabis Retailer,7,2026-09-12T00:00:00.000,2026-09-17T18:57:05.180022+00:00
MANHATTAN,Street Sign - Dangling,7,2026-09-12T00:00:00.000,2026-09-17T18:57:05.180022+00:00
STATEN ISLAND,Standing Water,7,2026-09-12T00:00:00.000,2026-09-17T18:57:05.180022+00:00
STATEN ISLAND,PLUMBING,7,2026-09-12T00:00:00.000,2026-09-17T18:57:05.180022+00:00
BROOKLYN,ELEVATOR,7,2026-09-12T00:00:00.000,2026-09-17T18:57:05.180022+00:00
STATEN ISLAND,WATER LEAK,6,2026-09-12T00:00:00.000,2026-09-17T18:57:05.180022+00:00
BRONX,Litter Basket Request,6,2026-09-12T00:00:00.000,2026-09-17T18:57:05.180022+00:00
BRONX,Illegal Tree Damage,6,2026-09-12T00:00:00.000,2026-09-17T18:57:05.180022+00:00
BRONX,Real Time Enforcement,6,2026-09-12T00:00:00.000,2026-09-17T18:57:05.180022+00:00
BROOKLYN,Illegal Animal Kept as Pet,6,2026-09-12T00:00:00.000,2026-09-17T18:57:05.180022+00:00
MANHATTAN,ELEVATOR,6,2026-09-12T00:00:00.000,2026-09-17T18:57:05.180022+00:00
BROOKLYN,Food Poisoning,6,2026-09-12T00:00:00.000,2026-09-17T18:57:05.180022+00:00
MANHATTAN,Urinating in Public,6,2026-09-12T00:00:00.000,2026-09-17T18:57:05.180022+00:00
MANHATTAN,Taxi Report,6,2026-09-12T00:00:00.000,2026-09-17T18:57:05.180022+00:00
Unspecified,For Hire Vehicle Complaint,6,2026-09-12T00:00:00.000,2026-09-17T18:57:05.180022+00:00
QUEENS,Mobile Food Vendor,6,2026-09-12T00:00:00.000,2026-09-17T18:57:05.180022+00:00
BROOKLYN,Sanitation Worker or Vehicle Complaint,6,2026-09-12T00:00:00.000,2026-09-17T18:57:05.180022+00:00
BRONX,Outdoor Dining,6,2026-09-12T00:00:00.000,2026-09-17T18:57:05.180022+00:00
STATEN ISLAND,Highway Condition,6,2026-09-12T00:00:00.000,2026-09-17T18:57:05.180022+00:00
STATEN ISLAND,HEAT/HOT WATER,6,2026-09-12T00:00:00.000,2026-09-17T18:57:05.180022+00:00
BROOKLYN,Commercial Disposal Complaint,6,2026-09-12T00:00:00.000,2026-09-17T18:57:05.180022+00:00
BROOKLYN,Broken Parking Meter,6,2026-09-12T00:00:00.000,2026-09-17T18:57:05.180022+00:00
STATEN ISLAND,Homeless Person Assistance,6,2026-09-12T00:00:00.000,2026-09-17T18:57:05.180022+00:00
QUEENS,Food Poisoning,6,2026-09-12T00:00:00.000,2026-09-17T18:57:05.180022+00:00
BRONX,Traffic,6,2026-09-12T00:00:00.000,2026-09-17T18:57:05.180022+00:00
BRONX,Sanitation Worker or Vehicle Complaint,6,2026-09-12T00:00:00.000,2026-09-17T18:57:05.180022+00:00
BRONX,Street Sign - Dangling,6,2026-09-12T00:00:00.000,2026-09-17T18:57:05.180022+00:00
MANHATTAN,For Hire Vehicle Report,6,2026-09-12T00:00:00.000,2026-09-17T18:57:05.180022+00:00
MANHATTAN,Illegal Fireworks,6,2026-09-12T00:00:00.000,2026-09-17T18:57:05.180022+00:00
Unspecified,Street Light Condition,5,2026-09-12T00:00:00.000,2026-09-17T18:57:05.180022+00:00
BROOKLYN,Water Quality,5,2026-09-12T00:00:00.000,2026-09-17T18:57:05.180022+00:00
BROOKLYN,Wood Pile Remaining,5,2026-09-12T00:00:00.000,2026-09-17T18:57:05.180022+00:00
STATEN ISLAND,Street Sign - Missing,5,2026-09-12T00:00:00.000,2026-09-17T18:57:05.180022+00:00
QUEENS,Plumbing,5,2026-09-12T00:00:00.000,2026-09-17T18:57:05.180022+00:00
QUEENS,Litter Basket Complaint,5,2026-09-12T00:00:00.000,2026-09-17T18:57:05.180022+00:00
BROOKLYN,Boilers,5,2026-09-12T00:00:00.000,2026-09-17T18:57:05.180022+00:00
Unspecified,Ferry Inquiry,5,2026-09-12T00:00:00.000,2026-09-17T18:57:05.180022+00:00
QUEENS,Unsanitary Pigeon Condition,5,2026-09-12T00:00:00.000,2026-09-17T18:57:05.180022+00:00
BRONX,Industrial Waste,5,2026-09-12T00:00:00.000,2026-09-17T18:57:05.180022+00:00
MANHATTAN,Food Poisoning,5,2026-09-12T00:00:00.000,2026-09-17T18:57:05.180022+00:00
MANHATTAN,Drinking,5,2026-09-12T00:00:00.000,2026-09-17T18:57:05.180022+00:00
MANHATTAN,Street Sign - Damaged,5,2026-09-12T00:00:00.000,2026-09-17T18:57:05.180022+00:00
MANHATTAN,Sanitation Worker or Vehicle Complaint,5,2026-09-12T00:00:00.000,2026-09-17T18:57:05.180022+00:00
BROOKLYN,Day Care,5,2026-09-12T00:00:00.000,2026-09-17T18:57:05.180022+00:00
STATEN ISLAND,Illegal Posting,5,2026-09-12T00:00:00.000,2026-09-17T18:57:05.180022+00:00
MANHATTAN,Day Care,5,2026-09-12T00:00:00.000,2026-09-17T18:57:05.180022+00:00
BROOKLYN,New Tree Request,5,2026-09-12T00:00:00.000,2026-09-17T18:57:05.180022+00:00
BROOKLYN,Lost Property,5,2026-09-12T00:00:00.000,2026-09-17T18:57:05.180022+00:00
STATEN ISLAND,GENERAL,5,2026-09-12T00:00:00.000,2026-09-17T18:57:05.180022+00:00
STATEN ISLAND,Curb Condition,5,2026-09-12T00:00:00.000,2026-09-17T18:57:05.180022+00:00
QUEENS,Harboring Bees/Wasps,5,2026-09-12T00:00:00.000,2026-09-17T18:57:05.180022+00:00
QUEENS,Real Time Enforcement,5,2026-09-12T00:00:00.000,2026-09-17T18:57:05.180022+00:00
QUEENS,Special Projects Inspection Team (SPIT),5,2026-09-12T00:00:00.000,2026-09-17T18:57:05.180022+00:00
QUEENS,Commercial Disposal Complaint,5,2026-09-12T00:00:00.000,2026-09-17T18:57:05.180022+00:00
STATEN ISLAND,Traffic,5,2026-09-12T00:00:00.000,2026-09-17T18:57:05.180022+00:00
BRONX,Hazardous Material,5,2026-09-12T00:00:00.000,2026-09-17T18:57:05.180022+00:00
BRONX,Unsanitary Animal Pvt Property,5,2026-09-12T00:00:00.000,2026-09-17T18:57:05.180022+00:00
QUEENS,Outdoor Dining,5,2026-09-12T00:00:00.000,2026-09-17T18:57:05.180022+00:00
BRONX,Unleashed Dog,5,2026-09-12T00:00:00.000,2026-09-17T18:57:05.180022+00:00
QUEENS,Taxi Report,4,2026-09-12T00:00:00.000,2026-09-17T18:57:05.180022+00:00
BROOKLYN,Taxi Complaint,4,2026-09-12T00:00:00.000,2026-09-17T18:57:05.180022+00:00
QUEENS,Day Care,4,2026-09-12T00:00:00.000,2026-09-17T18:57:05.180022+00:00
BROOKLYN,Construction Lead Dust,4,2026-09-12T00:00:00.000,2026-09-17T18:57:05.180022+00:00
STATEN ISLAND,Illegal Fireworks,4,2026-09-12T00:00:00.000,2026-09-17T18:57:05.180022+00:00
MANHATTAN,Noise - House of Worship,4,2026-09-12T00:00:00.000,2026-09-17T18:57:05.180022+00:00
BRONX,Illegal Fireworks,4,2026-09-12T00:00:00.000,2026-09-17T18:57:05.180022+00:00
BRONX,Smoking or Vaping,4,2026-09-12T00:00:00.000,2026-09-17T18:57:05.180022+00:00
MANHATTAN,Overgrown Tree/Branches,4,2026-09-12T00:00:00.000,2026-09-17T18:57:05.180022+00:00
MANHATTAN,Highway Condition,4,2026-09-12T00:00:00.000,2026-09-17T18:57:05.180022+00:00
MANHATTAN,Dumpster Complaint,4,2026-09-12T00:00:00.000,2026-09-17T18:57:05.180022+00:00
MANHATTAN,Bus Stop Shelter Complaint,4,2026-09-12T00:00:00.000,2026-09-17T18:57:05.180022+00:00
MANHATTAN,Boilers,4,2026-09-12T00:00:00.000,2026-09-17T18:57:05.180022+00:00
STATEN ISLAND,Unleashed Dog,4,2026-09-12T00:00:00.000,2026-09-17T18:57:05.180022+00:00
BRONX,Dumpster Complaint,4,2026-09-12T00:00:00.000,2026-09-17T18:57:05.180022+00:00
QUEENS,Water Quality,4,2026-09-12T00:00:00.000,2026-09-17T18:57:05.180022+00:00
STATEN ISLAND,Animal in a Park,4,2026-09-12T00:00:00.000,2026-09-17T18:57:05.180022+00:00
MANHATTAN,Water Quality,4,2026-09-12T00:00:00.000,2026-09-17T18:57:05.180022+00:00
BRONX,Food Poisoning,4,2026-09-12T00:00:00.000,2026-09-17T18:57:05.180022+00:00
STATEN ISLAND,Food Establishment,4,2026-09-12T00:00:00.000,2026-09-17T18:57:05.180022+00:00
STATEN ISLAND,Encampment,4,2026-09-12T00:00:00.000,2026-09-17T18:57:05.180022+00:00
QUEENS,Mold,4,2026-09-12T00:00:00.000,2026-09-17T18:57:05.180022+00:00
QUEENS,Bike Rack,4,2026-09-12T00:00:00.000,2026-09-17T18:57:05.180022+00:00
QUEENS,Abandoned Bike,3,2026-09-12T00:00:00.000,2026-09-17T18:57:05.180022+00:00
QUEENS,Dumpster Complaint,3,2026-09-12T00:00:00.000,2026-09-17T18:57:05.180022+00:00
BRONX,Bus Stop Shelter Placement,3,2026-09-12T00:00:00.000,2026-09-17T18:57:05.180022+00:00
STATEN ISLAND,Panhandling,3,2026-09-12T00:00:00.000,2026-09-17T18:57:05.180022+00:00
BRONX,Litter Basket Complaint,3,2026-09-12T00:00:00.000,2026-09-17T18:57:05.180022+00:00
MANHATTAN,Mold,3,2026-09-12T00:00:00.000,2026-09-17T18:57:05.180022+00:00
BRONX,Cooling Tower,3,2026-09-12T00:00:00.000,2026-09-17T18:57:05.180022+00:00
STATEN ISLAND,Industrial Waste,3,2026-09-12T00:00:00.000,2026-09-17T18:57:05.180022+00:00
STATEN ISLAND,Illegal Animal Kept as Pet,3,2026-09-12T00:00:00.000,2026-09-17T18:57:05.180022+00:00
BROOKLYN,Investigations and Discipline (IAD),3,2026-09-12T00:00:00.000,2026-09-17T18:57:05.180022+00:00
BRONX,Lot Condition,3,2026-09-12T00:00:00.000,2026-09-17T18:57:05.180022+00:00
MANHATTAN,Plumbing,3,2026-09-12T00:00:00.000,2026-09-17T18:57:05.180022+00:00
STATEN ISLAND,Water Conservation,3,2026-09-12T00:00:00.000,2026-09-17T18:57:05.180022+00:00
STATEN ISLAND,Bike/Roller/Skate,3,2026-09-12T00:00:00.000,2026-09-17T18:57:05.180022+00:00
STATEN ISLAND,APPLIANCE,3,2026-09-12T00:00:00.000,2026-09-17T18:57:05.180022+00:00
Unspecified,Consumer Complaint,3,2026-09-12T00:00:00.000,2026-09-17T18:57:05.180022+00:00
STATEN ISLAND,Air Quality,3,2026-09-12T00:00:00.000,2026-09-17T18:57:05.180022+00:00
BROOKLYN,Mold,3,2026-09-12T00:00:00.000,2026-09-17T18:57:05.180022+00:00
BRONX,Drinking Water,3,2026-09-12T00:00:00.000,2026-09-17T18:57:05.180022+00:00
QUEENS,Industrial Waste,3,2026-09-12T00:00:00.000,2026-09-17T18:57:05.180022+00:00
Unspecified,Ferry Complaint,3,2026-09-12T00:00:00.000,2026-09-17T18:57:05.180022+00:00
Unspecified,Damaged Tree,3,2026-09-12T00:00:00.000,2026-09-17T18:57:05.180022+00:00
STATEN ISLAND,Poison Ivy,3,2026-09-12T00:00:00.000,2026-09-17T18:57:05.180022+00:00
QUEENS,New Tree Request,3,2026-09-12T00:00:00.000,2026-09-17T18:57:05.180022+00:00
STATEN ISLAND,Emergency Response Team (ERT),3,2026-09-12T00:00:00.000,2026-09-17T18:57:05.180022+00:00
STATEN ISLAND,Noise - Park,2,2026-09-12T00:00:00.000,2026-09-17T18:57:05.180022+00:00
BROOKLYN,Illegal Animal Sold,2,2026-09-12T00:00:00.000,2026-09-17T18:57:05.180022+00:00
MANHATTAN,Tobacco or Non-Tobacco Sale,2,2026-09-12T00:00:00.000,2026-09-17T18:57:05.180022+00:00
BRONX,Bus Stop Shelter Complaint,2,2026-09-12T00:00:00.000,2026-09-17T18:57:05.180022+00:00
BRONX,Noise - Helicopter,2,2026-09-12T00:00:00.000,2026-09-17T18:57:05.180022+00:00
BROOKLYN,Outdoor Dining,2,2026-09-12T00:00:00.000,2026-09-17T18:57:05.180022+00:00
STATEN ISLAND,Street Sign - Dangling,2,2026-09-12T00:00:00.000,2026-09-17T18:57:05.180022+00:00
STATEN ISLAND,Street Sign - Damaged,2,2026-09-12T00:00:00.000,2026-09-17T18:57:05.180022+00:00
BRONX,Broken Parking Meter,2,2026-09-12T00:00:00.000,2026-09-17T18:57:05.180022+00:00
STATEN ISLAND,Noise - House of Worship,2,2026-09-12T00:00:00.000,2026-09-17T18:57:05.180022+00:00
STATEN ISLAND,Illegal Tree Damage,2,2026-09-12T00:00:00.000,2026-09-17T18:57:05.180022+00:00
STATEN ISLAND,Mosquitoes,2,2026-09-12T00:00:00.000,2026-09-17T18:57:05.180022+00:00
STATEN ISLAND,New Tree Request,2,2026-09-12T00:00:00.000,2026-09-17T18:57:05.180022+00:00
BRONX,Indoor Sewage,2,2026-09-12T00:00:00.000,2026-09-17T18:57:05.180022+00:00
Unspecified,Overgrown Tree/Branches,2,2026-09-12T00:00:00.000,2026-09-17T18:57:05.180022+00:00
STATEN ISLAND,Unsanitary Pigeon Condition,2,2026-09-12T00:00:00.000,2026-09-17T18:57:05.180022+00:00
MANHATTAN,Indoor Sewage,2,2026-09-12T00:00:00.000,2026-09-17T18:57:05.180022+00:00
BROOKLYN,Indoor Sewage,2,2026-09-12T00:00:00.000,2026-09-17T18:57:05.180022+00:00
BRONX,Standing Water,2,2026-09-12T00:00:00.000,2026-09-17T18:57:05.180022+00:00
QUEENS,Bridge Condition,2,2026-09-12T00:00:00.000,2026-09-17T18:57:05.180022+00:00
MANHATTAN,Electrical,2,2026-09-12T00:00:00.000,2026-09-17T18:57:05.180022+00:00
BROOKLYN,For Hire Vehicle Report,2,2026-09-12T00:00:00.000,2026-09-17T18:57:05.180022+00:00
QUEENS,Mosquitoes,2,2026-09-12T00:00:00.000,2026-09-17T18:57:05.180022+00:00
QUEENS,E-Scooter,2,2026-09-12T00:00:00.000,2026-09-17T18:57:05.180022+00:00
STATEN ISLAND,Bus Stop Shelter Complaint,2,2026-09-12T00:00:00.000,2026-09-17T18:57:05.180022+00:00
BRONX,OUTSIDE BUILDING,2,2026-09-12T00:00:00.000,2026-09-17T18:57:05.180022+00:00
MANHATTAN,Asbestos,2,2026-09-12T00:00:00.000,2026-09-17T18:57:05.180022+00:00
BROOKLYN,Bus Stop Shelter Complaint,2,2026-09-12T00:00:00.000,2026-09-17T18:57:05.180022+00:00
BROOKLYN,Bench,2,2026-09-12T00:00:00.000,2026-09-17T18:57:05.180022+00:00
STATEN ISLAND,Day Care,2,2026-09-12T00:00:00.000,2026-09-17T18:57:05.180022+00:00
STATEN ISLAND,Dumpster Complaint,2,2026-09-12T00:00:00.000,2026-09-17T18:57:05.180022+00:00
BROOKLYN,Beach/Pool/Sauna Complaint,2,2026-09-12T00:00:00.000,2026-09-17T18:57:05.180022+00:00
QUEENS,Electrical,2,2026-09-12T00:00:00.000,2026-09-17T18:57:05.180022+00:00
MANHATTAN,Bridge Condition,2,2026-09-12T00:00:00.000,2026-09-17T18:57:05.180022+00:00
BROOKLYN,BEST/Site Safety,2,2026-09-12T00:00:00.000,2026-09-17T18:57:05.180022+00:00
BRONX,Street Sign - Missing,2,2026-09-12T00:00:00.000,2026-09-17T18:57:05.180022+00:00
QUEENS,Noise - Helicopter,2,2026-09-12T00:00:00.000,2026-09-17T18:57:05.180022+00:00
BRONX,Water Quality,2,2026-09-12T00:00:00.000,2026-09-17T18:57:05.180022+00:00
BRONX,Urinating in Public,2,2026-09-12T00:00:00.000,2026-09-17T18:57:05.180022+00:00
BRONX,Green Infrastructure,2,2026-09-12T00:00:00.000,2026-09-17T18:57:05.180022+00:00
BRONX,Harboring Bees/Wasps,2,2026-09-12T00:00:00.000,2026-09-17T18:57:05.180022+00:00
QUEENS,Posting Advertisement,2,2026-09-12T00:00:00.000,2026-09-17T18:57:05.180022+00:00
STATEN ISLAND,Abandoned Bike,2,2026-09-12T00:00:00.000,2026-09-17T18:57:05.180022+00:00
BRONX,Animal in a Park,2,2026-09-12T00:00:00.000,2026-09-17T18:57:05.180022+00:00
QUEENS,Unsanitary Animal Pvt Property,2,2026-09-12T00:00:00.000,2026-09-17T18:57:05.180022+00:00
QUEENS,Waste Water Treatment Plant,2,2026-09-12T00:00:00.000,2026-09-17T18:57:05.180022+00:00
BRONX,Day Care,2,2026-09-12T00:00:00.000,2026-09-17T18:57:05.180022+00:00
STATEN ISLAND,Plumbing,2,2026-09-12T00:00:00.000,2026-09-17T18:57:05.180022+00:00
STATEN ISLAND,SAFETY,2,2026-09-12T00:00:00.000,2026-09-17T18:57:05.180022+00:00
Unspecified,Derelict Vehicles,2,2026-09-12T00:00:00.000,2026-09-17T18:57:05.180022+00:00
Unspecified,Food Establishment,2,2026-09-12T00:00:00.000,2026-09-17T18:57:05.180022+00:00
STATEN ISLAND,Tattooing,1,2026-09-12T00:00:00.000,2026-09-17T18:57:05.180022+00:00
Unspecified,Dead/Dying Tree,1,2026-09-12T00:00:00.000,2026-09-17T18:57:05.180022+00:00
Unspecified,Dry Weather Discharge,1,2026-09-12T00:00:00.000,2026-09-17T18:57:05.180022+00:00
Unspecified,Illegal Tree Damage,1,2026-09-12T00:00:00.000,2026-09-17T18:57:05.180022+00:00
Unspecified,Lost Property,1,2026-09-12T00:00:00.000,2026-09-17T18:57:05.180022+00:00
Unspecified,Municipal Parking Facility,1,2026-09-12T00:00:00.000,2026-09-17T18:57:05.180022+00:00
STATEN ISLAND,Real Time Enforcement,1,2026-09-12T00:00:00.000,2026-09-17T18:57:05.180022+00:00
STATEN ISLAND,Smoking or Vaping,1,2026-09-12T00:00:00.000,2026-09-17T18:57:05.180022+00:00
STATEN ISLAND,Wood Pile Remaining,1,2026-09-12T00:00:00.000,2026-09-17T18:57:05.180022+00:00
BRONX,E-Scooter,1,2026-09-12T00:00:00.000,2026-09-17T18:57:05.180022+00:00
BRONX,Electrical,1,2026-09-12T00:00:00.000,2026-09-17T18:57:05.180022+00:00
STATEN ISLAND,Special Projects Inspection Team (SPIT),1,2026-09-12T00:00:00.000,2026-09-17T18:57:05.180022+00:00
BRONX,Wood Pile Remaining,1,2026-09-12T00:00:00.000,2026-09-17T18:57:05.180022+00:00
QUEENS,Taxi Compliment,1,2026-09-12T00:00:00.000,2026-09-17T18:57:05.180022+00:00
QUEENS,Uprooted Stump,1,2026-09-12T00:00:00.000,2026-09-17T18:57:05.180022+00:00
STATEN ISLAND,Broken Parking Meter,1,2026-09-12T00:00:00.000,2026-09-17T18:57:05.180022+00:00
QUEENS,Recycling Basket Complaint,1,2026-09-12T00:00:00.000,2026-09-17T18:57:05.180022+00:00
BRONX,Taxi Complaint,1,2026-09-12T00:00:00.000,2026-09-17T18:57:05.180022+00:00
BRONX,Taxi Licensee Complaint,1,2026-09-12T00:00:00.000,2026-09-17T18:57:05.180022+00:00
BRONX,Taxi Report,1,2026-09-12T00:00:00.000,2026-09-17T18:57:05.180022+00:00
BRONX,Unsanitary Pigeon Condition,1,2026-09-12T00:00:00.000,2026-09-17T18:57:05.180022+00:00
BROOKLYN,Tobacco or Non-Tobacco Sale,1,2026-09-12T00:00:00.000,2026-09-17T18:57:05.180022+00:00
BROOKLYN,Transfer Station Complaint,1,2026-09-12T00:00:00.000,2026-09-17T18:57:05.180022+00:00
BROOKLYN,Unsanitary Animal Facility,1,2026-09-12T00:00:00.000,2026-09-17T18:57:05.180022+00:00
BROOKLYN,Uprooted Stump,1,2026-09-12T00:00:00.000,2026-09-17T18:57:05.180022+00:00
MANHATTAN,AHV Inspection Unit,1,2026-09-12T00:00:00.000,2026-09-17T18:57:05.180022+00:00
BRONX,Emergency Response Team (ERT),1,2026-09-12T00:00:00.000,2026-09-17T18:57:05.180022+00:00
BRONX,For Hire Vehicle Report,1,2026-09-12T00:00:00.000,2026-09-17T18:57:05.180022+00:00
BROOKLYN,Posting Advertisement,1,2026-09-12T00:00:00.000,2026-09-17T18:57:05.180022+00:00
BROOKLYN,Radioactive Material,1,2026-09-12T00:00:00.000,2026-09-17T18:57:05.180022+00:00
STATEN ISLAND,Bus Stop Shelter Placement,1,2026-09-12T00:00:00.000,2026-09-17T18:57:05.180022+00:00
STATEN ISLAND,Cannabis Retailer,1,2026-09-12T00:00:00.000,2026-09-17T18:57:05.180022+00:00
MANHATTAN,Animal Facility - No Permit,1,2026-09-12T00:00:00.000,2026-09-17T18:57:05.180022+00:00
MANHATTAN,Building Drinking Water Tank,1,2026-09-12T00:00:00.000,2026-09-17T18:57:05.180022+00:00
QUEENS,Illegal Animal Kept as Pet,1,2026-09-12T00:00:00.000,2026-09-17T18:57:05.180022+00:00
QUEENS,Illegal Animal Sold,1,2026-09-12T00:00:00.000,2026-09-17T18:57:05.180022+00:00
QUEENS,Indoor Sewage,1,2026-09-12T00:00:00.000,2026-09-17T18:57:05.180022+00:00
QUEENS,For Hire Vehicle Report,1,2026-09-12T00:00:00.000,2026-09-17T18:57:05.180022+00:00
QUEENS,Green Taxi Complaint,1,2026-09-12T00:00:00.000,2026-09-17T18:57:05.180022+00:00
BROOKLYN,Noise - House of Worship,1,2026-09-12T00:00:00.000,2026-09-17T18:57:05.180022+00:00
MANHATTAN,Construction Lead Dust,1,2026-09-12T00:00:00.000,2026-09-17T18:57:05.180022+00:00
MANHATTAN,Cooling Tower,1,2026-09-12T00:00:00.000,2026-09-17T18:57:05.180022+00:00
MANHATTAN,Curb Condition,1,2026-09-12T00:00:00.000,2026-09-17T18:57:05.180022+00:00
QUEENS,Bus Stop Shelter Placement,1,2026-09-12T00:00:00.000,2026-09-17T18:57:05.180022+00:00
QUEENS,Construction Lead Dust,1,2026-09-12T00:00:00.000,2026-09-17T18:57:05.180022+00:00
STATEN ISLAND,Drug Activity,1,2026-09-12T00:00:00.000,2026-09-17T18:57:05.180022+00:00
STATEN ISLAND,Elevator,1,2026-09-12T00:00:00.000,2026-09-17T18:57:05.180022+00:00
STATEN ISLAND,Food Poisoning,1,2026-09-12T00:00:00.000,2026-09-17T18:57:05.180022+00:00
STATEN ISLAND,Green Infrastructure,1,2026-09-12T00:00:00.000,2026-09-17T18:57:05.180022+00:00
STATEN ISLAND,Harboring Bees/Wasps,1,2026-09-12T00:00:00.000,2026-09-17T18:57:05.180022+00:00
STATEN ISLAND,Hazardous Material,1,2026-09-12T00:00:00.000,2026-09-17T18:57:05.180022+00:00
MANHATTAN,Wood Pile Remaining,1,2026-09-12T00:00:00.000,2026-09-17T18:57:05.180022+00:00
QUEENS,Animal Facility - No Permit,1,2026-09-12T00:00:00.000,2026-09-17T18:57:05.180022+00:00
QUEENS,Bike/Roller/Skate,1,2026-09-12T00:00:00.000,2026-09-17T18:57:05.180022+00:00
QUEENS,Boilers,1,2026-09-12T00:00:00.000,2026-09-17T18:57:05.180022+00:00
QUEENS,Borough Office,1,2026-09-12T00:00:00.000,2026-09-17T18:57:05.180022+00:00
BROOKLYN,E-Scooter,1,2026-09-12T00:00:00.000,2026-09-17T18:57:05.180022+00:00
BROOKLYN,Electrical,1,2026-09-12T00:00:00.000,2026-09-17T18:57:05.180022+00:00
MANHATTAN,Tattooing,1,2026-09-12T00:00:00.000,2026-09-17T18:57:05.180022+00:00
BROOKLYN,Green Infrastructure,1,2026-09-12T00:00:00.000,2026-09-17T18:57:05.180022+00:00
BRONX,Pet Sale,1,2026-09-12T00:00:00.000,2026-09-17T18:57:05.180022+00:00
STATEN ISLAND,Indoor Air Quality,1,2026-09-12T00:00:00.000,2026-09-17T18:57:05.180022+00:00
STATEN ISLAND,Investigations and Discipline (IAD),1,2026-09-12T00:00:00.000,2026-09-17T18:57:05.180022+00:00
STATEN ISLAND,LinkNYC,1,2026-09-12T00:00:00.000,2026-09-17T18:57:05.180022+00:00
STATEN ISLAND,Litter Basket Request,1,2026-09-12T00:00:00.000,2026-09-17T18:57:05.180022+00:00
MANHATTAN,New Tree Request,1,2026-09-12T00:00:00.000,2026-09-17T18:57:05.180022+00:00
BRONX,Illegal Posting,1,2026-09-12T00:00:00.000,2026-09-17T18:57:05.180022+00:00
MANHATTAN,OUTSIDE BUILDING,1,2026-09-12T00:00:00.000,2026-09-17T18:57:05.180022+00:00
MANHATTAN,Poison Ivy,1,2026-09-12T00:00:00.000,2026-09-17T18:57:05.180022+00:00
BRONX,Beach/Pool/Sauna Complaint,1,2026-09-12T00:00:00.000,2026-09-17T18:57:05.180022+00:00
BRONX,Plumbing,1,2026-09-12T00:00:00.000,2026-09-17T18:57:05.180022+00:00
BRONX,Public Toilet,1,2026-09-12T00:00:00.000,2026-09-17T18:57:05.180022+00:00
BRONX,Special Projects Inspection Team (SPIT),1,2026-09-12T00:00:00.000,2026-09-17T18:57:05.180022+00:00
MANHATTAN,Industrial Waste,1,2026-09-12T00:00:00.000,2026-09-17T18:57:05.180022+00:00
MANHATTAN,LinkNYC,1,2026-09-12T00:00:00.000,2026-09-17T18:57:05.180022+00:00
MANHATTAN,Lot Condition,1,2026-09-12T00:00:00.000,2026-09-17T18:57:05.180022+00:00
STATEN ISLAND,Unsanitary Animal Pvt Property,1,2026-09-12T00:00:00.000,2026-09-17T18:57:05.180022+00:00
STATEN ISLAND,Uprooted Stump,1,2026-09-12T00:00:00.000,2026-09-17T18:57:05.180022+00:00
STATEN ISLAND,Violation of Park Rules,1,2026-09-12T00:00:00.000,2026-09-17T18:57:05.180022+00:00
Unspecified,Root/Sewer/Sidewalk Condition,1,2026-09-12T00:00:00.000,2026-09-17T18:57:05.180022+00:00
Unspecified,Street Condition,1,2026-09-12T00:00:00.000,2026-09-17T18:57:05.180022+00:00
Unspecified,Traffic Signal Condition,1,2026-09-12T00:00:00.000,2026-09-17T18:57:05.180022+00:00
BROOKLYN,Pet Sale,1,2026-09-12T00:00:00.000,2026-09-17T18:57:05.180022+00:00
BRONX,New Tree Request,1,2026-09-12T00:00:00.000,2026-09-17T18:57:05.180022+00:00
BRONX,Construction Lead Dust,1,2026-09-12T00:00:00.000,2026-09-17T18:57:05.180022+00:00
BRONX,Bridge Condition,1,2026-09-12T00:00:00.000,2026-09-17T18:57:05.180022+00:00
BROOKLYN,Illegal Parking,2207,2026-09-13T00:00:00.000,2026-09-17T18:59:20.885813+00:00
QUEENS,Illegal Parking,1733,2026-09-13T00:00:00.000,2026-09-17T18:59:20.885813+00:00
BROOKLYN,Noise - Residential,1076,2026-09-13T00:00:00.000,2026-09-17T18:59:20.885813+00:00
BRONX,Illegal Parking,860,2026-09-13T00:00:00.000,2026-09-17T18:59:20.885813+00:00
QUEENS,Noise - Residential,743,2026-09-13T00:00:00.000,2026-09-17T18:59:20.885813+00:00
MANHATTAN,Illegal Parking,728,2026-09-13T00:00:00.000,2026-09-17T18:59:20.885813+00:00
BRONX,Noise - Residential,718,2026-09-13T00:00:00.000,2026-09-17T18:59:20.885813+00:00
QUEENS,Blocked Driveway,682,2026-09-13T00:00:00.000,2026-09-17T18:59:20.885813+00:00
BROOKLYN,Blocked Driveway,677,2026-09-13T00:00:00.000,2026-09-17T18:59:20.885813+00:00
BRONX,Noise - Street/Sidewalk,588,2026-09-13T00:00:00.000,2026-09-17T18:59:20.885813+00:00
MANHATTAN,Noise - Street/Sidewalk,562,2026-09-13T00:00:00.000,2026-09-17T18:59:20.885813+00:00
MANHATTAN,Noise - Residential,471,2026-09-13T00:00:00.000,2026-09-17T18:59:20.885813+00:00
BROOKLYN,Noise - Street/Sidewalk,432,2026-09-13T00:00:00.000,2026-09-17T18:59:20.885813+00:00
MANHATTAN,Encampment,426,2026-09-13T00:00:00.000,2026-09-17T18:59:20.885813+00:00
QUEENS,Street Condition,316,2026-09-13T00:00:00.000,2026-09-17T18:59:20.885813+00:00
BRONX,UNSANITARY CONDITION,307,2026-09-13T00:00:00.000,2026-09-17T18:59:20.885813+00:00
BRONX,Blocked Driveway,304,2026-09-13T00:00:00.000,2026-09-17T18:59:20.885813+00:00
QUEENS,Noise - Street/Sidewalk,302,2026-09-13T00:00:00.000,2026-09-17T18:59:20.885813+00:00
QUEENS,Abandoned Vehicle,299,2026-09-13T00:00:00.000,2026-09-17T18:59:20.885813+00:00
BROOKLYN,UNSANITARY CONDITION,290,2026-09-13T00:00:00.000,2026-09-17T18:59:20.885813+00:00
QUEENS,Noise - Vehicle,284,2026-09-13T00:00:00.000,2026-09-17T18:59:20.885813+00:00
BROOKLYN,Dirty Condition,276,2026-09-13T00:00:00.000,2026-09-17T18:59:20.885813+00:00
BROOKLYN,Street Condition,266,2026-09-13T00:00:00.000,2026-09-17T18:59:20.885813+00:00
MANHATTAN,Noise,242,2026-09-13T00:00:00.000,2026-09-17T18:59:20.885813+00:00
BROOKLYN,Abandoned Vehicle,242,2026-09-13T00:00:00.000,2026-09-17T18:59:20.885813+00:00
MANHATTAN,Homeless Person Assistance,232,2026-09-13T00:00:00.000,2026-09-17T18:59:20.885813+00:00
BROOKLYN,Noise,227,2026-09-13T00:00:00.000,2026-09-17T18:59:20.885813+00:00
MANHATTAN,UNSANITARY CONDITION,219,2026-09-13T00:00:00.000,2026-09-17T18:59:20.885813+00:00
BROOKLYN,Noise - Commercial,196,2026-09-13T00:00:00.000,2026-09-17T18:59:20.885813+00:00
MANHATTAN,Noise - Commercial,190,2026-09-13T00:00:00.000,2026-09-17T18:59:20.885813+00:00
BROOKLYN,Damaged Tree,167,2026-09-13T00:00:00.000,2026-09-17T18:59:20.885813+00:00
BROOKLYN,Water Maintenance,162,2026-09-13T00:00:00.000,2026-09-17T18:59:20.885813+00:00
BROOKLYN,Illegal Dumping,156,2026-09-13T00:00:00.000,2026-09-17T18:59:20.885813+00:00
QUEENS,Water Maintenance,154,2026-09-13T00:00:00.000,2026-09-17T18:59:20.885813+00:00
STATEN ISLAND,Illegal Parking,154,2026-09-13T00:00:00.000,2026-09-17T18:59:20.885813+00:00
QUEENS,Dirty Condition,151,2026-09-13T00:00:00.000,2026-09-17T18:59:20.885813+00:00
BRONX,PAINT/PLASTER,142,2026-09-13T00:00:00.000,2026-09-17T18:59:20.885813+00:00
QUEENS,Damaged Tree,141,2026-09-13T00:00:00.000,2026-09-17T18:59:20.885813+00:00
MANHATTAN,Dirty Condition,141,2026-09-13T00:00:00.000,2026-09-17T18:59:20.885813+00:00
QUEENS,Illegal Dumping,131,2026-09-13T00:00:00.000,2026-09-17T18:59:20.885813+00:00
BROOKLYN,Maintenance or Facility,130,2026-09-13T00:00:00.000,2026-09-17T18:59:20.885813+00:00
BRONX,PLUMBING,130,2026-09-13T00:00:00.000,2026-09-17T18:59:20.885813+00:00
BROOKLYN,PLUMBING,129,2026-09-13T00:00:00.000,2026-09-17T18:59:20.885813+00:00
BRONX,WATER LEAK,123,2026-09-13T00:00:00.000,2026-09-17T18:59:20.885813+00:00
BRONX,Dirty Condition,122,2026-09-13T00:00:00.000,2026-09-17T18:59:20.885813+00:00
BROOKLYN,Traffic Signal Condition,122,2026-09-13T00:00:00.000,2026-09-17T18:59:20.885813+00:00
MANHATTAN,Street Condition,119,2026-09-13T00:00:00.000,2026-09-17T18:59:20.885813+00:00
QUEENS,Sewer Maintenance,119,2026-09-13T00:00:00.000,2026-09-17T18:59:20.885813+00:00
QUEENS,UNSANITARY CONDITION,117,2026-09-13T00:00:00.000,2026-09-17T18:59:20.885813+00:00
STATEN ISLAND,Street Light Condition,117,2026-09-13T00:00:00.000,2026-09-17T18:59:20.885813+00:00
QUEENS,Obstruction,116,2026-09-13T00:00:00.000,2026-09-17T18:59:20.885813+00:00
MANHATTAN,PAINT/PLASTER,116,2026-09-13T00:00:00.000,2026-09-17T18:59:20.885813+00:00
BROOKLYN,Missed Collection,116,2026-09-13T00:00:00.000,2026-09-17T18:59:20.885813+00:00
BROOKLYN,Street Light Condition,115,2026-09-13T00:00:00.000,2026-09-17T18:59:20.885813+00:00
QUEENS,Noise - Commercial,114,2026-09-13T00:00:00.000,2026-09-17T18:59:20.885813+00:00
QUEENS,Missed Collection,112,2026-09-13T00:00:00.000,2026-09-17T18:59:20.885813+00:00
BRONX,Street Light Condition,111,2026-09-13T00:00:00.000,2026-09-17T18:59:20.885813+00:00
MANHATTAN,Vendor Enforcement,109,2026-09-13T00:00:00.000,2026-09-17T18:59:20.885813+00:00
BROOKLYN,WATER LEAK,108,2026-09-13T00:00:00.000,2026-09-17T18:59:20.885813+00:00
BRONX,Water Maintenance,107,2026-09-13T00:00:00.000,2026-09-17T18:59:20.885813+00:00
MANHATTAN,Traffic Signal Condition,106,2026-09-13T00:00:00.000,2026-09-17T18:59:20.885813+00:00
BROOKLYN,PAINT/PLASTER,104,2026-09-13T00:00:00.000,2026-09-17T18:59:20.885813+00:00
QUEENS,Street Light Condition,103,2026-09-13T00:00:00.000,2026-09-17T18:59:20.885813+00:00
STATEN ISLAND,Noise - Residential,101,2026-09-13T00:00:00.000,2026-09-17T18:59:20.885813+00:00
MANHATTAN,Noise - Vehicle,100,2026-09-13T00:00:00.000,2026-09-17T18:59:20.885813+00:00
BROOKLYN,Noise - Vehicle,100,2026-09-13T00:00:00.000,2026-09-17T18:59:20.885813+00:00
BROOKLYN,Encampment,99,2026-09-13T00:00:00.000,2026-09-17T18:59:20.885813+00:00
BROOKLYN,Overgrown Tree/Branches,98,2026-09-13T00:00:00.000,2026-09-17T18:59:20.885813+00:00
QUEENS,Overgrown Tree/Branches,97,2026-09-13T00:00:00.000,2026-09-17T18:59:20.885813+00:00
BROOKLYN,Sewer Maintenance,96,2026-09-13T00:00:00.000,2026-09-17T18:59:20.885813+00:00
BROOKLYN,HEAT/HOT WATER,96,2026-09-13T00:00:00.000,2026-09-17T18:59:20.885813+00:00
BRONX,Street Condition,95,2026-09-13T00:00:00.000,2026-09-17T18:59:20.885813+00:00
QUEENS,Noise,94,2026-09-13T00:00:00.000,2026-09-17T18:59:20.885813+00:00
QUEENS,Traffic Signal Condition,94,2026-09-13T00:00:00.000,2026-09-17T18:59:20.885813+00:00
BROOKLYN,DOOR/WINDOW,93,2026-09-13T00:00:00.000,2026-09-17T18:59:20.885813+00:00
BROOKLYN,GENERAL,93,2026-09-13T00:00:00.000,2026-09-17T18:59:20.885813+00:00
BROOKLYN,Rodent,91,2026-09-13T00:00:00.000,2026-09-17T18:59:20.885813+00:00
MANHATTAN,PLUMBING,90,2026-09-13T00:00:00.000,2026-09-17T18:59:20.885813+00:00
BRONX,DOOR/WINDOW,90,2026-09-13T00:00:00.000,2026-09-17T18:59:20.885813+00:00
BROOKLYN,Homeless Person Assistance,90,2026-09-13T00:00:00.000,2026-09-17T18:59:20.885813+00:00
MANHATTAN,HEAT/HOT WATER,89,2026-09-13T00:00:00.000,2026-09-17T18:59:20.885813+00:00
BROOKLYN,Derelict Vehicles,88,2026-09-13T00:00:00.000,2026-09-17T18:59:20.885813+00:00
BRONX,Abandoned Vehicle,87,2026-09-13T00:00:00.000,2026-09-17T18:59:20.885813+00:00
BRONX,HEAT/HOT WATER,82,2026-09-13T00:00:00.000,2026-09-17T18:59:20.885813+00:00
BRONX,Noise - Vehicle,79,2026-09-13T00:00:00.000,2026-09-17T18:59:20.885813+00:00
BROOKLYN,Sidewalk Condition,78,2026-09-13T00:00:00.000,2026-09-17T18:59:20.885813+00:00
BROOKLYN,Obstruction,78,2026-09-13T00:00:00.000,2026-09-17T18:59:20.885813+00:00
MANHATTAN,Maintenance or Facility,77,2026-09-13T00:00:00.000,2026-09-17T18:59:20.885813+00:00
BRONX,Noise - Commercial,76,2026-09-13T00:00:00.000,2026-09-17T18:59:20.885813+00:00
BRONX,Illegal Dumping,73,2026-09-13T00:00:00.000,2026-09-17T18:59:20.885813+00:00
MANHATTAN,WATER LEAK,72,2026-09-13T00:00:00.000,2026-09-17T18:59:20.885813+00:00
MANHATTAN,Street Light Condition,70,2026-09-13T00:00:00.000,2026-09-17T18:59:20.885813+00:00
MANHATTAN,Water Maintenance,70,2026-09-13T00:00:00.000,2026-09-17T18:59:20.885813+00:00
QUEENS,Derelict Vehicles,69,2026-09-13T00:00:00.000,2026-09-17T18:59:20.885813+00:00
QUEENS,Sidewalk Condition,68,2026-09-13T00:00:00.000,2026-09-17T18:59:20.885813+00:00
MANHATTAN,DOOR/WINDOW,68,2026-09-13T00:00:00.000,2026-09-17T18:59:20.885813+00:00
BROOKLYN,ELECTRIC,68,2026-09-13T00:00:00.000,2026-09-17T18:59:20.885813+00:00
MANHATTAN,Consumer Complaint,67,2026-09-13T00:00:00.000,2026-09-17T18:59:20.885813+00:00
QUEENS,Dead/Dying Tree,67,2026-09-13T00:00:00.000,2026-09-17T18:59:20.885813+00:00
QUEENS,Maintenance or Facility,65,2026-09-13T00:00:00.000,2026-09-17T18:59:20.885813+00:00
BROOKLYN,Consumer Complaint,64,2026-09-13T00:00:00.000,2026-09-17T18:59:20.885813+00:00
BRONX,Noise,63,2026-09-13T00:00:00.000,2026-09-17T18:59:20.885813+00:00
BROOKLYN,Lead,60,2026-09-13T00:00:00.000,2026-09-17T18:59:20.885813+00:00
BROOKLYN,Residential Disposal Complaint,60,2026-09-13T00:00:00.000,2026-09-17T18:59:20.885813+00:00
BROOKLYN,General Construction/Plumbing,58,2026-09-13T00:00:00.000,2026-09-17T18:59:20.885813+00:00
MANHATTAN,Panhandling,57,2026-09-13T00:00:00.000,2026-09-17T18:59:20.885813+00:00
STATEN ISLAND,Abandoned Vehicle,56,2026-09-13T00:00:00.000,2026-09-17T18:59:20.885813+00:00
QUEENS,Encampment,56,2026-09-13T00:00:00.000,2026-09-17T18:59:20.885813+00:00
BROOKLYN,APPLIANCE,56,2026-09-13T00:00:00.000,2026-09-17T18:59:20.885813+00:00
MANHATTAN,Rodent,56,2026-09-13T00:00:00.000,2026-09-17T18:59:20.885813+00:00
BRONX,ELECTRIC,55,2026-09-13T00:00:00.000,2026-09-17T18:59:20.885813+00:00
BRONX,APPLIANCE,55,2026-09-13T00:00:00.000,2026-09-17T18:59:20.885813+00:00
BRONX,FLOORING/STAIRS,54,2026-09-13T00:00:00.000,2026-09-17T18:59:20.885813+00:00
STATEN ISLAND,Missed Collection,53,2026-09-13T00:00:00.000,2026-09-17T18:59:20.885813+00:00
QUEENS,GENERAL,53,2026-09-13T00:00:00.000,2026-09-17T18:59:20.885813+00:00
MANHATTAN,Sidewalk Condition,53,2026-09-13T00:00:00.000,2026-09-17T18:59:20.885813+00:00
STATEN ISLAND,Street Condition,52,2026-09-13T00:00:00.000,2026-09-17T18:59:20.885813+00:00
BROOKLYN,Dead Animal,52,2026-09-13T00:00:00.000,2026-09-17T18:59:20.885813+00:00
MANHATTAN,Illegal Dumping,51,2026-09-13T00:00:00.000,2026-09-17T18:59:20.885813+00:00
MANHATTAN,Blocked Driveway,51,2026-09-13T00:00:00.000,2026-09-17T18:59:20.885813+00:00
MANHATTAN,Air Quality,50,2026-09-13T00:00:00.000,2026-09-17T18:59:20.885813+00:00
BROOKLYN,FLOORING/STAIRS,49,2026-09-13T00:00:00.000,2026-09-17T18:59:20.885813+00:00
QUEENS,PLUMBING,48,2026-09-13T00:00:00.000,2026-09-17T18:59:20.885813+00:00
MANHATTAN,Food Establishment,48,2026-09-13T00:00:00.000,2026-09-17T18:59:20.885813+00:00
QUEENS,General Construction/Plumbing,47,2026-09-13T00:00:00.000,2026-09-17T18:59:20.885813+00:00
STATEN ISLAND,Blocked Driveway,47,2026-09-13T00:00:00.000,2026-09-17T18:59:20.885813+00:00
MANHATTAN,Lost Property,47,2026-09-13T00:00:00.000,2026-09-17T18:59:20.885813+00:00
BRONX,Rodent,47,2026-09-13T00:00:00.000,2026-09-17T18:59:20.885813+00:00
BROOKLYN,Street Sweeping Complaint,46,2026-09-13T00:00:00.000,2026-09-17T18:59:20.885813+00:00
BRONX,Encampment,46,2026-09-13T00:00:00.000,2026-09-17T18:59:20.885813+00:00
QUEENS,Rodent,46,2026-09-13T00:00:00.000,2026-09-17T18:59:20.885813+00:00
BROOKLYN,Non-Emergency Police Matter,46,2026-09-13T00:00:00.000,2026-09-17T18:59:20.885813+00:00
MANHATTAN,GENERAL,46,2026-09-13T00:00:00.000,2026-09-17T18:59:20.885813+00:00
QUEENS,Lead,45,2026-09-13T00:00:00.000,2026-09-17T18:59:20.885813+00:00
MANHATTAN,For Hire Vehicle Complaint,44,2026-09-13T00:00:00.000,2026-09-17T18:59:20.885813+00:00
MANHATTAN,ELECTRIC,44,2026-09-13T00:00:00.000,2026-09-17T18:59:20.885813+00:00
BRONX,Non-Emergency Police Matter,44,2026-09-13T00:00:00.000,2026-09-17T18:59:20.885813+00:00
BRONX,Sewer Maintenance,44,2026-09-13T00:00:00.000,2026-09-17T18:59:20.885813+00:00
BROOKLYN,Noise - Park,44,2026-09-13T00:00:00.000,2026-09-17T18:59:20.885813+00:00
MANHATTAN,Sewer Maintenance,44,2026-09-13T00:00:00.000,2026-09-17T18:59:20.885813+00:00
BRONX,Elevator,44,2026-09-13T00:00:00.000,2026-09-17T18:59:20.885813+00:00
QUEENS,Noise - Park,44,2026-09-13T00:00:00.000,2026-09-17T18:59:20.885813+00:00
MANHATTAN,Lead,43,2026-09-13T00:00:00.000,2026-09-17T18:59:20.885813+00:00
BRONX,Derelict Vehicles,42,2026-09-13T00:00:00.000,2026-09-17T18:59:20.885813+00:00
BROOKLYN,Graffiti,42,2026-09-13T00:00:00.000,2026-09-17T18:59:20.885813+00:00
BRONX,Traffic Signal Condition,41,2026-09-13T00:00:00.000,2026-09-17T18:59:20.885813+00:00
BROOKLYN,Vendor Enforcement,41,2026-09-13T00:00:00.000,2026-09-17T18:59:20.885813+00:00
MANHATTAN,Non-Emergency Police Matter,41,2026-09-13T00:00:00.000,2026-09-17T18:59:20.885813+00:00
BRONX,GENERAL,41,2026-09-13T00:00:00.000,2026-09-17T18:59:20.885813+00:00
QUEENS,Homeless Person Assistance,41,2026-09-13T00:00:00.000,2026-09-17T18:59:20.885813+00:00
QUEENS,Root/Sewer/Sidewalk Condition,41,2026-09-13T00:00:00.000,2026-09-17T18:59:20.885813+00:00
MANHATTAN,FLOORING/STAIRS,41,2026-09-13T00:00:00.000,2026-09-17T18:59:20.885813+00:00
QUEENS,Consumer Complaint,40,2026-09-13T00:00:00.000,2026-09-17T18:59:20.885813+00:00
BROOKLYN,Elevator,40,2026-09-13T00:00:00.000,2026-09-17T18:59:20.885813+00:00
QUEENS,Non-Emergency Police Matter,40,2026-09-13T00:00:00.000,2026-09-17T18:59:20.885813+00:00
MANHATTAN,Taxi Complaint,39,2026-09-13T00:00:00.000,2026-09-17T18:59:20.885813+00:00
BROOKLYN,Curb Condition,38,2026-09-13T00:00:00.000,2026-09-17T18:59:20.885813+00:00
QUEENS,Taxi Complaint,38,2026-09-13T00:00:00.000,2026-09-17T18:59:20.885813+00:00
MANHATTAN,Missed Collection,37,2026-09-13T00:00:00.000,2026-09-17T18:59:20.885813+00:00
BRONX,Sidewalk Condition,37,2026-09-13T00:00:00.000,2026-09-17T18:59:20.885813+00:00
BROOKLYN,Root/Sewer/Sidewalk Condition,36,2026-09-13T00:00:00.000,2026-09-17T18:59:20.885813+00:00
BROOKLYN,Indoor Air Quality,36,2026-09-13T00:00:00.000,2026-09-17T18:59:20.885813+00:00
QUEENS,Food Establishment,36,2026-09-13T00:00:00.000,2026-09-17T18:59:20.885813+00:00
QUEENS,Building/Use,36,2026-09-13T00:00:00.000,2026-09-17T18:59:20.885813+00:00
MANHATTAN,Elevator,36,2026-09-13T00:00:00.000,2026-09-17T18:59:20.885813+00:00
STATEN ISLAND,Water Maintenance,35,2026-09-13T00:00:00.000,2026-09-17T18:59:20.885813+00:00
BROOKLYN,Illegal Tree Damage,35,2026-09-13T00:00:00.000,2026-09-17T18:59:20.885813+00:00
BROOKLYN,For Hire Vehicle Complaint,35,2026-09-13T00:00:00.000,2026-09-17T18:59:20.885813+00:00
QUEENS,Vendor Enforcement,35,2026-09-13T00:00:00.000,2026-09-17T18:59:20.885813+00:00
QUEENS,Drug Activity,35,2026-09-13T00:00:00.000,2026-09-17T18:59:20.885813+00:00
QUEENS,PAINT/PLASTER,34,2026-09-13T00:00:00.000,2026-09-17T18:59:20.885813+00:00
QUEENS,Residential Disposal Complaint,34,2026-09-13T00:00:00.000,2026-09-17T18:59:20.885813+00:00
BRONX,Obstruction,34,2026-09-13T00:00:00.000,2026-09-17T18:59:20.885813+00:00
QUEENS,Traffic,34,2026-09-13T00:00:00.000,2026-09-17T18:59:20.885813+00:00
BRONX,Damaged Tree,33,2026-09-13T00:00:00.000,2026-09-17T18:59:20.885813+00:00
BROOKLYN,Dead/Dying Tree,33,2026-09-13T00:00:00.000,2026-09-17T18:59:20.885813+00:00
MANHATTAN,General Construction/Plumbing,32,2026-09-13T00:00:00.000,2026-09-17T18:59:20.885813+00:00
BROOKLYN,Animal-Abuse,32,2026-09-13T00:00:00.000,2026-09-17T18:59:20.885813+00:00
QUEENS,WATER LEAK,32,2026-09-13T00:00:00.000,2026-09-17T18:59:20.885813+00:00
BROOKLYN,Food Establishment,32,2026-09-13T00:00:00.000,2026-09-17T18:59:20.885813+00:00
QUEENS,Curb Condition,31,2026-09-13T00:00:00.000,2026-09-17T18:59:20.885813+00:00
STATEN ISLAND,Obstruction,30,2026-09-13T00:00:00.000,2026-09-17T18:59:20.885813+00:00
STATEN ISLAND,Overgrown Tree/Branches,30,2026-09-13T00:00:00.000,2026-09-17T18:59:20.885813+00:00
BROOKLYN,Cannabis Retailer,30,2026-09-13T00:00:00.000,2026-09-17T18:59:20.885813+00:00
MANHATTAN,Obstruction,29,2026-09-13T00:00:00.000,2026-09-17T18:59:20.885813+00:00
QUEENS,For Hire Vehicle Complaint,29,2026-09-13T00:00:00.000,2026-09-17T18:59:20.885813+00:00
STATEN ISLAND,Dirty Condition,29,2026-09-13T00:00:00.000,2026-09-17T18:59:20.885813+00:00
QUEENS,DOOR/WINDOW,27,2026-09-13T00:00:00.000,2026-09-17T18:59:20.885813+00:00
BRONX,General Construction/Plumbing,27,2026-09-13T00:00:00.000,2026-09-17T18:59:20.885813+00:00
MANHATTAN,Indoor Air Quality,27,2026-09-13T00:00:00.000,2026-09-17T18:59:20.885813+00:00
BRONX,Animal-Abuse,27,2026-09-13T00:00:00.000,2026-09-17T18:59:20.885813+00:00
BRONX,Missed Collection,26,2026-09-13T00:00:00.000,2026-09-17T18:59:20.885813+00:00
STATEN ISLAND,UNSANITARY CONDITION,26,2026-09-13T00:00:00.000,2026-09-17T18:59:20.885813+00:00
MANHATTAN,Residential Disposal Complaint,26,2026-09-13T00:00:00.000,2026-09-17T18:59:20.885813+00:00
QUEENS,HEAT/HOT WATER,25,2026-09-13T00:00:00.000,2026-09-17T18:59:20.885813+00:00
BRONX,Panhandling,25,2026-09-13T00:00:00.000,2026-09-17T18:59:20.885813+00:00
STATEN ISLAND,Sidewalk Condition,25,2026-09-13T00:00:00.000,2026-09-17T18:59:20.885813+00:00
MANHATTAN,APPLIANCE,25,2026-09-13T00:00:00.000,2026-09-17T18:59:20.885813+00:00
BRONX,Maintenance or Facility,25,2026-09-13T00:00:00.000,2026-09-17T18:59:20.885813+00:00
BROOKLYN,Panhandling,24,2026-09-13T00:00:00.000,2026-09-17T18:59:20.885813+00:00
QUEENS,Panhandling,24,2026-09-13T00:00:00.000,2026-09-17T18:59:20.885813+00:00
QUEENS,Dead Animal,24,2026-09-13T00:00:00.000,2026-09-17T18:59:20.885813+00:00
STATEN ISLAND,Damaged Tree,24,2026-09-13T00:00:00.000,2026-09-17T18:59:20.885813+00:00
BROOKLYN,Litter Basket Request,24,2026-09-13T00:00:00.000,2026-09-17T18:59:20.885813+00:00
QUEENS,Animal-Abuse,23,2026-09-13T00:00:00.000,2026-09-17T18:59:20.885813+00:00
BRONX,Consumer Complaint,23,2026-09-13T00:00:00.000,2026-09-17T18:59:20.885813+00:00
BROOKLYN,Noise - Helicopter,23,2026-09-13T00:00:00.000,2026-09-17T18:59:20.885813+00:00
MANHATTAN,Animal-Abuse,23,2026-09-13T00:00:00.000,2026-09-17T18:59:20.885813+00:00
BROOKLYN,Building/Use,23,2026-09-13T00:00:00.000,2026-09-17T18:59:20.885813+00:00
STATEN ISLAND,Root/Sewer/Sidewalk Condition,22,2026-09-13T00:00:00.000,2026-09-17T18:59:20.885813+00:00
QUEENS,Illegal Tree Damage,22,2026-09-13T00:00:00.000,2026-09-17T18:59:20.885813+00:00
MANHATTAN,Abandoned Vehicle,22,2026-09-13T00:00:00.000,2026-09-17T18:59:20.885813+00:00
MANHATTAN,SAFETY,22,2026-09-13T00:00:00.000,2026-09-17T18:59:20.885813+00:00
BRONX,Homeless Person Assistance,21,2026-09-13T00:00:00.000,2026-09-17T18:59:20.885813+00:00
MANHATTAN,Noise - Helicopter,21,2026-09-13T00:00:00.000,2026-09-17T18:59:20.885813+00:00
BRONX,Street Sweeping Complaint,21,2026-09-13T00:00:00.000,2026-09-17T18:59:20.885813+00:00
QUEENS,Drinking,21,2026-09-13T00:00:00.000,2026-09-17T18:59:20.885813+00:00
BROOKLYN,Traffic,21,2026-09-13T00:00:00.000,2026-09-17T18:59:20.885813+00:00
BRONX,Overgrown Tree/Branches,21,2026-09-13T00:00:00.000,2026-09-17T18:59:20.885813+00:00
BROOKLYN,Animal in a Park,20,2026-09-13T00:00:00.000,2026-09-17T18:59:20.885813+00:00
BROOKLYN,Air Quality,20,2026-09-13T00:00:00.000,2026-09-17T18:59:20.885813+00:00
MANHATTAN,Violation of Park Rules,20,2026-09-13T00:00:00.000,2026-09-17T18:59:20.885813+00:00
BRONX,Indoor Air Quality,20,2026-09-13T00:00:00.000,2026-09-17T18:59:20.885813+00:00
STATEN ISLAND,Traffic Signal Condition,19,2026-09-13T00:00:00.000,2026-09-17T18:59:20.885813+00:00
STATEN ISLAND,Sewer Maintenance,19,2026-09-13T00:00:00.000,2026-09-17T18:59:20.885813+00:00
QUEENS,ELECTRIC,18,2026-09-13T00:00:00.000,2026-09-17T18:59:20.885813+00:00
BRONX,SAFETY,18,2026-09-13T00:00:00.000,2026-09-17T18:59:20.885813+00:00
BRONX,Vendor Enforcement,18,2026-09-13T00:00:00.000,2026-09-17T18:59:20.885813+00:00
QUEENS,SAFETY,18,2026-09-13T00:00:00.000,2026-09-17T18:59:20.885813+00:00
BRONX,Curb Condition,18,2026-09-13T00:00:00.000,2026-09-17T18:59:20.885813+00:00
QUEENS,Air Quality,18,2026-09-13T00:00:00.000,2026-09-17T18:59:20.885813+00:00
BROOKLYN,Smoking or Vaping,18,2026-09-13T00:00:00.000,2026-09-17T18:59:20.885813+00:00
STATEN ISLAND,Dead/Dying Tree,18,2026-09-13T00:00:00.000,2026-09-17T18:59:20.885813+00:00
QUEENS,Illegal Posting,17,2026-09-13T00:00:00.000,2026-09-17T18:59:20.885813+00:00
MANHATTAN,Graffiti,17,2026-09-13T00:00:00.000,2026-09-17T18:59:20.885813+00:00
STATEN ISLAND,General Construction/Plumbing,17,2026-09-13T00:00:00.000,2026-09-17T18:59:20.885813+00:00
MANHATTAN,Damaged Tree,17,2026-09-13T00:00:00.000,2026-09-17T18:59:20.885813+00:00
STATEN ISLAND,Illegal Dumping,16,2026-09-13T00:00:00.000,2026-09-17T18:59:20.885813+00:00
MANHATTAN,Drug Activity,16,2026-09-13T00:00:00.000,2026-09-17T18:59:20.885813+00:00
MANHATTAN,Noise - Park,16,2026-09-13T00:00:00.000,2026-09-17T18:59:20.885813+00:00
STATEN ISLAND,Noise - Vehicle,16,2026-09-13T00:00:00.000,2026-09-17T18:59:20.885813+00:00
BRONX,Dead Animal,16,2026-09-13T00:00:00.000,2026-09-17T18:59:20.885813+00:00
BRONX,Building/Use,16,2026-09-13T00:00:00.000,2026-09-17T18:59:20.885813+00:00
BRONX,Root/Sewer/Sidewalk Condition,16,2026-09-13T00:00:00.000,2026-09-17T18:59:20.885813+00:00
QUEENS,Elevator,16,2026-09-13T00:00:00.000,2026-09-17T18:59:20.885813+00:00
BRONX,Graffiti,16,2026-09-13T00:00:00.000,2026-09-17T18:59:20.885813+00:00
BROOKLYN,Illegal Posting,15,2026-09-13T00:00:00.000,2026-09-17T18:59:20.885813+00:00
BROOKLYN,Drug Activity,15,2026-09-13T00:00:00.000,2026-09-17T18:59:20.885813+00:00
QUEENS,Smoking or Vaping,15,2026-09-13T00:00:00.000,2026-09-17T18:59:20.885813+00:00
BROOKLYN,SAFETY,15,2026-09-13T00:00:00.000,2026-09-17T18:59:20.885813+00:00
BRONX,For Hire Vehicle Complaint,15,2026-09-13T00:00:00.000,2026-09-17T18:59:20.885813+00:00
QUEENS,Highway Condition,15,2026-09-13T00:00:00.000,2026-09-17T18:59:20.885813+00:00
BRONX,Drinking,15,2026-09-13T00:00:00.000,2026-09-17T18:59:20.885813+00:00
STATEN ISLAND,Non-Emergency Police Matter,15,2026-09-13T00:00:00.000,2026-09-17T18:59:20.885813+00:00
QUEENS,Graffiti,14,2026-09-13T00:00:00.000,2026-09-17T18:59:20.885813+00:00
BROOKLYN,Real Time Enforcement,14,2026-09-13T00:00:00.000,2026-09-17T18:59:20.885813+00:00
MANHATTAN,Traffic,14,2026-09-13T00:00:00.000,2026-09-17T18:59:20.885813+00:00
QUEENS,APPLIANCE,14,2026-09-13T00:00:00.000,2026-09-17T18:59:20.885813+00:00
STATEN ISLAND,Rodent,14,2026-09-13T00:00:00.000,2026-09-17T18:59:20.885813+00:00
BROOKLYN,Drinking,14,2026-09-13T00:00:00.000,2026-09-17T18:59:20.885813+00:00
QUEENS,Water Conservation,13,2026-09-13T00:00:00.000,2026-09-17T18:59:20.885813+00:00
STATEN ISLAND,Noise,13,2026-09-13T00:00:00.000,2026-09-17T18:59:20.885813+00:00
BROOKLYN,Dumpster Complaint,13,2026-09-13T00:00:00.000,2026-09-17T18:59:20.885813+00:00
STATEN ISLAND,Noise - Commercial,13,2026-09-13T00:00:00.000,2026-09-17T18:59:20.885813+00:00
BROOKLYN,Mosquitoes,13,2026-09-13T00:00:00.000,2026-09-17T18:59:20.885813+00:00
BROOKLYN,Street Sign - Damaged,13,2026-09-13T00:00:00.000,2026-09-17T18:59:20.885813+00:00
MANHATTAN,Cannabis Retailer,13,2026-09-13T00:00:00.000,2026-09-17T18:59:20.885813+00:00
MANHATTAN,Mobile Food Vendor,13,2026-09-13T00:00:00.000,2026-09-17T18:59:20.885813+00:00
BRONX,Residential Disposal Complaint,13,2026-09-13T00:00:00.000,2026-09-17T18:59:20.885813+00:00
STATEN ISLAND,Consumer Complaint,13,2026-09-13T00:00:00.000,2026-09-17T18:59:20.885813+00:00
MANHATTAN,Outdoor Dining,13,2026-09-13T00:00:00.000,2026-09-17T18:59:20.885813+00:00
MANHATTAN,Street Sweeping Complaint,13,2026-09-13T00:00:00.000,2026-09-17T18:59:20.885813+00:00
STATEN ISLAND,Derelict Vehicles,12,2026-09-13T00:00:00.000,2026-09-17T18:59:20.885813+00:00
QUEENS,Indoor Air Quality,12,2026-09-13T00:00:00.000,2026-09-17T18:59:20.885813+00:00
STATEN ISLAND,Noise - Street/Sidewalk,12,2026-09-13T00:00:00.000,2026-09-17T18:59:20.885813+00:00
STATEN ISLAND,Dead Animal,12,2026-09-13T00:00:00.000,2026-09-17T18:59:20.885813+00:00
BRONX,Dead/Dying Tree,12,2026-09-13T00:00:00.000,2026-09-17T18:59:20.885813+00:00
Unspecified,Taxi Complaint,12,2026-09-13T00:00:00.000,2026-09-17T18:59:20.885813+00:00
STATEN ISLAND,Residential Disposal Complaint,12,2026-09-13T00:00:00.000,2026-09-17T18:59:20.885813+00:00
QUEENS,Urinating in Public,11,2026-09-13T00:00:00.000,2026-09-17T18:59:20.885813+00:00
QUEENS,Street Sign - Dangling,11,2026-09-13T00:00:00.000,2026-09-17T18:59:20.885813+00:00
MANHATTAN,Smoking or Vaping,11,2026-09-13T00:00:00.000,2026-09-17T18:59:20.885813+00:00
QUEENS,Noise - House of Worship,11,2026-09-13T00:00:00.000,2026-09-17T18:59:20.885813+00:00
STATEN ISLAND,Graffiti,11,2026-09-13T00:00:00.000,2026-09-17T18:59:20.885813+00:00
BROOKLYN,Hazardous Material,11,2026-09-13T00:00:00.000,2026-09-17T18:59:20.885813+00:00
QUEENS,Unleashed Dog,11,2026-09-13T00:00:00.000,2026-09-17T18:59:20.885813+00:00
MANHATTAN,Litter Basket Request,11,2026-09-13T00:00:00.000,2026-09-17T18:59:20.885813+00:00
MANHATTAN,Bike/Roller/Skate,11,2026-09-13T00:00:00.000,2026-09-17T18:59:20.885813+00:00
BROOKLYN,Violation of Park Rules,11,2026-09-13T00:00:00.000,2026-09-17T18:59:20.885813+00:00
QUEENS,FLOORING/STAIRS,11,2026-09-13T00:00:00.000,2026-09-17T18:59:20.885813+00:00
BRONX,Air Quality,10,2026-09-13T00:00:00.000,2026-09-17T18:59:20.885813+00:00
BROOKLYN,Industrial Waste,10,2026-09-13T00:00:00.000,2026-09-17T18:59:20.885813+00:00
STATEN ISLAND,Maintenance or Facility,10,2026-09-13T00:00:00.000,2026-09-17T18:59:20.885813+00:00
BRONX,Drug Activity,10,2026-09-13T00:00:00.000,2026-09-17T18:59:20.885813+00:00
BROOKLYN,Lot Condition,10,2026-09-13T00:00:00.000,2026-09-17T18:59:20.885813+00:00
QUEENS,Street Sweeping Complaint,10,2026-09-13T00:00:00.000,2026-09-17T18:59:20.885813+00:00
QUEENS,Street Sign - Missing,10,2026-09-13T00:00:00.000,2026-09-17T18:59:20.885813+00:00
BRONX,Food Establishment,10,2026-09-13T00:00:00.000,2026-09-17T18:59:20.885813+00:00
QUEENS,Green Infrastructure,10,2026-09-13T00:00:00.000,2026-09-17T18:59:20.885813+00:00
MANHATTAN,Unsanitary Pigeon Condition,10,2026-09-13T00:00:00.000,2026-09-17T18:59:20.885813+00:00
QUEENS,Broken Parking Meter,10,2026-09-13T00:00:00.000,2026-09-17T18:59:20.885813+00:00
MANHATTAN,Dead/Dying Tree,10,2026-09-13T00:00:00.000,2026-09-17T18:59:20.885813+00:00
MANHATTAN,Litter Basket Complaint,9,2026-09-13T00:00:00.000,2026-09-17T18:59:20.885813+00:00
BROOKLYN,Abandoned Bike,9,2026-09-13T00:00:00.000,2026-09-17T18:59:20.885813+00:00
MANHATTAN,Illegal Tree Damage,9,2026-09-13T00:00:00.000,2026-09-17T18:59:20.885813+00:00
STATEN ISLAND,Building/Use,9,2026-09-13T00:00:00.000,2026-09-17T18:59:20.885813+00:00
MANHATTAN,Real Time Enforcement,9,2026-09-13T00:00:00.000,2026-09-17T18:59:20.885813+00:00
BROOKLYN,Litter Basket Complaint,9,2026-09-13T00:00:00.000,2026-09-17T18:59:20.885813+00:00
QUEENS,Street Sign - Damaged,9,2026-09-13T00:00:00.000,2026-09-17T18:59:20.885813+00:00
QUEENS,Sanitation Worker or Vehicle Complaint,9,2026-09-13T00:00:00.000,2026-09-17T18:59:20.885813+00:00
MANHATTAN,Water Conservation,9,2026-09-13T00:00:00.000,2026-09-17T18:59:20.885813+00:00
BROOKLYN,Bike Rack,8,2026-09-13T00:00:00.000,2026-09-17T18:59:20.885813+00:00
BROOKLYN,Highway Condition,8,2026-09-13T00:00:00.000,2026-09-17T18:59:20.885813+00:00
MANHATTAN,Street Sign - Missing,8,2026-09-13T00:00:00.000,2026-09-17T18:59:20.885813+00:00
BRONX,Street Sign - Damaged,8,2026-09-13T00:00:00.000,2026-09-17T18:59:20.885813+00:00
BROOKLYN,Standing Water,8,2026-09-13T00:00:00.000,2026-09-17T18:59:20.885813+00:00
MANHATTAN,Dead Animal,8,2026-09-13T00:00:00.000,2026-09-17T18:59:20.885813+00:00
MANHATTAN,Derelict Vehicles,8,2026-09-13T00:00:00.000,2026-09-17T18:59:20.885813+00:00
BRONX,Violation of Park Rules,8,2026-09-13T00:00:00.000,2026-09-17T18:59:20.885813+00:00
QUEENS,Animal in a Park,8,2026-09-13T00:00:00.000,2026-09-17T18:59:20.885813+00:00
QUEENS,Illegal Fireworks,8,2026-09-13T00:00:00.000,2026-09-17T18:59:20.885813+00:00
QUEENS,Hazardous Material,8,2026-09-13T00:00:00.000,2026-09-17T18:59:20.885813+00:00
BROOKLYN,Unsanitary Animal Pvt Property,8,2026-09-13T00:00:00.000,2026-09-17T18:59:20.885813+00:00
QUEENS,ELEVATOR,8,2026-09-13T00:00:00.000,2026-09-17T18:59:20.885813+00:00
QUEENS,Cannabis Retailer,8,2026-09-13T00:00:00.000,2026-09-17T18:59:20.885813+00:00
BROOKLYN,Special Projects Inspection Team (SPIT),7,2026-09-13T00:00:00.000,2026-09-17T18:59:20.885813+00:00
BRONX,Water Conservation,7,2026-09-13T00:00:00.000,2026-09-17T18:59:20.885813+00:00
BRONX,Lead,7,2026-09-13T00:00:00.000,2026-09-17T18:59:20.885813+00:00
BRONX,Noise - Park,7,2026-09-13T00:00:00.000,2026-09-17T18:59:20.885813+00:00
MANHATTAN,Broken Parking Meter,7,2026-09-13T00:00:00.000,2026-09-17T18:59:20.885813+00:00
MANHATTAN,Abandoned Bike,7,2026-09-13T00:00:00.000,2026-09-17T18:59:20.885813+00:00
BROOKLYN,Street Sign - Dangling,7,2026-09-13T00:00:00.000,2026-09-17T18:59:20.885813+00:00
BRONX,Cannabis Retailer,7,2026-09-13T00:00:00.000,2026-09-17T18:59:20.885813+00:00
BRONX,ELEVATOR,7,2026-09-13T00:00:00.000,2026-09-17T18:59:20.885813+00:00
BROOKLYN,Street Sign - Missing,7,2026-09-13T00:00:00.000,2026-09-17T18:59:20.885813+00:00
BROOKLYN,Water Conservation,7,2026-09-13T00:00:00.000,2026-09-17T18:59:20.885813+00:00
QUEENS,Lost Property,7,2026-09-13T00:00:00.000,2026-09-17T18:59:20.885813+00:00
QUEENS,Litter Basket Request,7,2026-09-13T00:00:00.000,2026-09-17T18:59:20.885813+00:00
MANHATTAN,Commercial Disposal Complaint,7,2026-09-13T00:00:00.000,2026-09-17T18:59:20.885813+00:00
STATEN ISLAND,ELECTRIC,7,2026-09-13T00:00:00.000,2026-09-17T18:59:20.885813+00:00
MANHATTAN,Standing Water,7,2026-09-13T00:00:00.000,2026-09-17T18:59:20.885813+00:00
MANHATTAN,Building/Use,7,2026-09-13T00:00:00.000,2026-09-17T18:59:20.885813+00:00
STATEN ISLAND,DOOR/WINDOW,7,2026-09-13T00:00:00.000,2026-09-17T18:59:20.885813+00:00
QUEENS,Wood Pile Remaining,7,2026-09-13T00:00:00.000,2026-09-17T18:59:20.885813+00:00
BROOKLYN,Bike/Roller/Skate,7,2026-09-13T00:00:00.000,2026-09-17T18:59:20.885813+00:00
BROOKLYN,Urinating in Public,6,2026-09-13T00:00:00.000,2026-09-17T18:59:20.885813+00:00
STATEN ISLAND,Animal-Abuse,6,2026-09-13T00:00:00.000,2026-09-17T18:59:20.885813+00:00
BROOKLYN,Broken Parking Meter,6,2026-09-13T00:00:00.000,2026-09-17T18:59:20.885813+00:00
QUEENS,Violation of Park Rules,6,2026-09-13T00:00:00.000,2026-09-17T18:59:20.885813+00:00
BROOKLYN,Harboring Bees/Wasps,6,2026-09-13T00:00:00.000,2026-09-17T18:59:20.885813+00:00
BROOKLYN,Illegal Animal Kept as Pet,6,2026-09-13T00:00:00.000,2026-09-17T18:59:20.885813+00:00
BROOKLYN,Commercial Disposal Complaint,6,2026-09-13T00:00:00.000,2026-09-17T18:59:20.885813+00:00
STATEN ISLAND,PAINT/PLASTER,6,2026-09-13T00:00:00.000,2026-09-17T18:59:20.885813+00:00
STATEN ISLAND,PLUMBING,6,2026-09-13T00:00:00.000,2026-09-17T18:59:20.885813+00:00
MANHATTAN,Urinating in Public,6,2026-09-13T00:00:00.000,2026-09-17T18:59:20.885813+00:00
BRONX,Traffic,6,2026-09-13T00:00:00.000,2026-09-17T18:59:20.885813+00:00
BROOKLYN,Plumbing,6,2026-09-13T00:00:00.000,2026-09-17T18:59:20.885813+00:00
BRONX,Illegal Tree Damage,6,2026-09-13T00:00:00.000,2026-09-17T18:59:20.885813+00:00
MANHATTAN,Bike Rack,6,2026-09-13T00:00:00.000,2026-09-17T18:59:20.885813+00:00
MANHATTAN,Unsanitary Animal Pvt Property,5,2026-09-13T00:00:00.000,2026-09-17T18:59:20.885813+00:00
QUEENS,Litter Basket Complaint,5,2026-09-13T00:00:00.000,2026-09-17T18:59:20.885813+00:00
BROOKLYN,Day Care,5,2026-09-13T00:00:00.000,2026-09-17T18:59:20.885813+00:00
STATEN ISLAND,Standing Water,5,2026-09-13T00:00:00.000,2026-09-17T18:59:20.885813+00:00
MANHATTAN,Animal in a Park,5,2026-09-13T00:00:00.000,2026-09-17T18:59:20.885813+00:00
MANHATTAN,Day Care,5,2026-09-13T00:00:00.000,2026-09-17T18:59:20.885813+00:00
BROOKLYN,Unleashed Dog,5,2026-09-13T00:00:00.000,2026-09-17T18:59:20.885813+00:00
BROOKLYN,Wood Pile Remaining,5,2026-09-13T00:00:00.000,2026-09-17T18:59:20.885813+00:00
QUEENS,Lot Condition,5,2026-09-13T00:00:00.000,2026-09-17T18:59:20.885813+00:00
QUEENS,Bus Stop Shelter Complaint,5,2026-09-13T00:00:00.000,2026-09-17T18:59:20.885813+00:00
BRONX,Street Sign - Dangling,5,2026-09-13T00:00:00.000,2026-09-17T18:59:20.885813+00:00
STATEN ISLAND,Lead,5,2026-09-13T00:00:00.000,2026-09-17T18:59:20.885813+00:00
MANHATTAN,Illegal Fireworks,5,2026-09-13T00:00:00.000,2026-09-17T18:59:20.885813+00:00
STATEN ISLAND,Lot Condition,5,2026-09-13T00:00:00.000,2026-09-17T18:59:20.885813+00:00
MANHATTAN,Emergency Response Team (ERT),5,2026-09-13T00:00:00.000,2026-09-17T18:59:20.885813+00:00
MANHATTAN,Sanitation Worker or Vehicle Complaint,5,2026-09-13T00:00:00.000,2026-09-17T18:59:20.885813+00:00
BROOKLYN,Boilers,5,2026-09-13T00:00:00.000,2026-09-17T18:59:20.885813+00:00
STATEN ISLAND,HEAT/HOT WATER,5,2026-09-13T00:00:00.000,2026-09-17T18:59:20.885813+00:00
BRONX,Outdoor Dining,5,2026-09-13T00:00:00.000,2026-09-17T18:59:20.885813+00:00
BROOKLYN,Emergency Response Team (ERT),5,2026-09-13T00:00:00.000,2026-09-17T18:59:20.885813+00:00
MANHATTAN,Street Sign - Dangling,5,2026-09-13T00:00:00.000,2026-09-17T18:59:20.885813+00:00
MANHATTAN,Food Poisoning,5,2026-09-13T00:00:00.000,2026-09-17T18:59:20.885813+00:00
BROOKLYN,ELEVATOR,5,2026-09-13T00:00:00.000,2026-09-17T18:59:20.885813+00:00
MANHATTAN,Hazardous Material,5,2026-09-13T00:00:00.000,2026-09-17T18:59:20.885813+00:00
MANHATTAN,For Hire Vehicle Report,5,2026-09-13T00:00:00.000,2026-09-17T18:59:20.885813+00:00
BROOKLYN,Mobile Food Vendor,5,2026-09-13T00:00:00.000,2026-09-17T18:59:20.885813+00:00
MANHATTAN,Special Projects Inspection Team (SPIT),5,2026-09-13T00:00:00.000,2026-09-17T18:59:20.885813+00:00
Unspecified,Ferry Inquiry,5,2026-09-13T00:00:00.000,2026-09-17T18:59:20.885813+00:00
QUEENS,Real Time Enforcement,5,2026-09-13T00:00:00.000,2026-09-17T18:59:20.885813+00:00
BROOKLYN,Sanitation Worker or Vehicle Complaint,5,2026-09-13T00:00:00.000,2026-09-17T18:59:20.885813+00:00
QUEENS,Plumbing,5,2026-09-13T00:00:00.000,2026-09-17T18:59:20.885813+00:00
BRONX,Industrial Waste,5,2026-09-13T00:00:00.000,2026-09-17T18:59:20.885813+00:00
BROOKLYN,OUTSIDE BUILDING,5,2026-09-13T00:00:00.000,2026-09-17T18:59:20.885813+00:00
MANHATTAN,Highway Condition,4,2026-09-13T00:00:00.000,2026-09-17T18:59:20.885813+00:00
QUEENS,Unsanitary Pigeon Condition,4,2026-09-13T00:00:00.000,2026-09-17T18:59:20.885813+00:00
STATEN ISLAND,Unleashed Dog,4,2026-09-13T00:00:00.000,2026-09-17T18:59:20.885813+00:00
STATEN ISLAND,Illegal Posting,4,2026-09-13T00:00:00.000,2026-09-17T18:59:20.885813+00:00
Unspecified,Street Light Condition,4,2026-09-13T00:00:00.000,2026-09-17T18:59:20.885813+00:00
MANHATTAN,ELEVATOR,4,2026-09-13T00:00:00.000,2026-09-17T18:59:20.885813+00:00
BRONX,Real Time Enforcement,4,2026-09-13T00:00:00.000,2026-09-17T18:59:20.885813+00:00
MANHATTAN,Overgrown Tree/Branches,4,2026-09-13T00:00:00.000,2026-09-17T18:59:20.885813+00:00
STATEN ISLAND,Homeless Person Assistance,4,2026-09-13T00:00:00.000,2026-09-17T18:59:20.885813+00:00
BROOKLYN,Food Poisoning,4,2026-09-13T00:00:00.000,2026-09-17T18:59:20.885813+00:00
QUEENS,Standing Water,4,2026-09-13T00:00:00.000,2026-09-17T18:59:20.885813+00:00
QUEENS,Outdoor Dining,4,2026-09-13T00:00:00.000,2026-09-17T18:59:20.885813+00:00
QUEENS,Mobile Food Vendor,4,2026-09-13T00:00:00.000,2026-09-17T18:59:20.885813+00:00
BROOKLYN,New Tree Request,4,2026-09-13T00:00:00.000,2026-09-17T18:59:20.885813+00:00
BRONX,Mobile Food Vendor,4,2026-09-13T00:00:00.000,2026-09-17T18:59:20.885813+00:00
QUEENS,Bike Rack,4,2026-09-13T00:00:00.000,2026-09-17T18:59:20.885813+00:00
BRONX,Smoking or Vaping,4,2026-09-13T00:00:00.000,2026-09-17T18:59:20.885813+00:00
BRONX,Sanitation Worker or Vehicle Complaint,4,2026-09-13T00:00:00.000,2026-09-17T18:59:20.885813+00:00
MANHATTAN,Water Quality,4,2026-09-13T00:00:00.000,2026-09-17T18:59:20.885813+00:00
BRONX,Unsanitary Animal Pvt Property,4,2026-09-13T00:00:00.000,2026-09-17T18:59:20.885813+00:00
BRONX,Highway Condition,4,2026-09-13T00:00:00.000,2026-09-17T18:59:20.885813+00:00
BROOKLYN,Unsanitary Pigeon Condition,4,2026-09-13T00:00:00.000,2026-09-17T18:59:20.885813+00:00
STATEN ISLAND,Traffic,4,2026-09-13T00:00:00.000,2026-09-17T18:59:20.885813+00:00
Unspecified,For Hire Vehicle Complaint,4,2026-09-13T00:00:00.000,2026-09-17T18:59:20.885813+00:00
STATEN ISLAND,Street Sign - Missing,4,2026-09-13T00:00:00.000,2026-09-17T18:59:20.885813+00:00
STATEN ISLAND,WATER LEAK,4,2026-09-13T00:00:00.000,2026-09-17T18:59:20.885813+00:00
BRONX,Bus Stop Shelter Placement,3,2026-09-13T00:00:00.000,2026-09-17T18:59:20.885813+00:00
Unspecified,Ferry Complaint,3,2026-09-13T00:00:00.000,2026-09-17T18:59:20.885813+00:00
BRONX,Cooling Tower,3,2026-09-13T00:00:00.000,2026-09-17T18:59:20.885813+00:00
QUEENS,Harboring Bees/Wasps,3,2026-09-13T00:00:00.000,2026-09-17T18:59:20.885813+00:00
BROOKLYN,Water Quality,3,2026-09-13T00:00:00.000,2026-09-17T18:59:20.885813+00:00
QUEENS,Mold,3,2026-09-13T00:00:00.000,2026-09-17T18:59:20.885813+00:00
QUEENS,Day Care,3,2026-09-13T00:00:00.000,2026-09-17T18:59:20.885813+00:00
QUEENS,Food Poisoning,3,2026-09-13T00:00:00.000,2026-09-17T18:59:20.885813+00:00
BROOKLYN,Taxi Complaint,3,2026-09-13T00:00:00.000,2026-09-17T18:59:20.885813+00:00
BRONX,Dumpster Complaint,3,2026-09-13T00:00:00.000,2026-09-17T18:59:20.885813+00:00
QUEENS,Dumpster Complaint,3,2026-09-13T00:00:00.000,2026-09-17T18:59:20.885813+00:00
BRONX,Drinking Water,3,2026-09-13T00:00:00.000,2026-09-17T18:59:20.885813+00:00
BRONX,Litter Basket Request,3,2026-09-13T00:00:00.000,2026-09-17T18:59:20.885813+00:00
MANHATTAN,Dumpster Complaint,3,2026-09-13T00:00:00.000,2026-09-17T18:59:20.885813+00:00
MANHATTAN,Drinking,3,2026-09-13T00:00:00.000,2026-09-17T18:59:20.885813+00:00
MANHATTAN,Taxi Report,3,2026-09-13T00:00:00.000,2026-09-17T18:59:20.885813+00:00
BRONX,Lot Condition,3,2026-09-13T00:00:00.000,2026-09-17T18:59:20.885813+00:00
BRONX,Hazardous Material,3,2026-09-13T00:00:00.000,2026-09-17T18:59:20.885813+00:00
QUEENS,New Tree Request,3,2026-09-13T00:00:00.000,2026-09-17T18:59:20.885813+00:00
STATEN ISLAND,Curb Condition,3,2026-09-13T00:00:00.000,2026-09-17T18:59:20.885813+00:00
BRONX,Unleashed Dog,3,2026-09-13T00:00:00.000,2026-09-17T18:59:20.885813+00:00
QUEENS,Special Projects Inspection Team (SPIT),3,2026-09-13T00:00:00.000,2026-09-17T18:59:20.885813+00:00
BROOKLYN,Illegal Fireworks,3,2026-09-13T00:00:00.000,2026-09-17T18:59:20.885813+00:00
MANHATTAN,Street Sign - Damaged,3,2026-09-13T00:00:00.000,2026-09-17T18:59:20.885813+00:00
STATEN ISLAND,Air Quality,3,2026-09-13T00:00:00.000,2026-09-17T18:59:20.885813+00:00
STATEN ISLAND,APPLIANCE,3,2026-09-13T00:00:00.000,2026-09-17T18:59:20.885813+00:00
QUEENS,Water Quality,3,2026-09-13T00:00:00.000,2026-09-17T18:59:20.885813+00:00
QUEENS,Abandoned Bike,3,2026-09-13T00:00:00.000,2026-09-17T18:59:20.885813+00:00
STATEN ISLAND,GENERAL,3,2026-09-13T00:00:00.000,2026-09-17T18:59:20.885813+00:00
STATEN ISLAND,Encampment,3,2026-09-13T00:00:00.000,2026-09-17T18:59:20.885813+00:00
MANHATTAN,Mold,3,2026-09-13T00:00:00.000,2026-09-17T18:59:20.885813+00:00
STATEN ISLAND,Highway Condition,3,2026-09-13T00:00:00.000,2026-09-17T18:59:20.885813+00:00
STATEN ISLAND,Industrial Waste,3,2026-09-13T00:00:00.000,2026-09-17T18:59:20.885813+00:00
STATEN ISLAND,Food Establishment,3,2026-09-13T00:00:00.000,2026-09-17T18:59:20.885813+00:00
QUEENS,Taxi Report,2,2026-09-13T00:00:00.000,2026-09-17T18:59:20.885813+00:00
QUEENS,Bridge Condition,2,2026-09-13T00:00:00.000,2026-09-17T18:59:20.885813+00:00
QUEENS,Commercial Disposal Complaint,2,2026-09-13T00:00:00.000,2026-09-17T18:59:20.885813+00:00
BRONX,Street Sign - Missing,2,2026-09-13T00:00:00.000,2026-09-17T18:59:20.885813+00:00
BRONX,Standing Water,2,2026-09-13T00:00:00.000,2026-09-17T18:59:20.885813+00:00
MANHATTAN,Boilers,2,2026-09-13T00:00:00.000,2026-09-17T18:59:20.885813+00:00
QUEENS,Emergency Response Team (ERT),2,2026-09-13T00:00:00.000,2026-09-17T18:59:20.885813+00:00
BRONX,Day Care,2,2026-09-13T00:00:00.000,2026-09-17T18:59:20.885813+00:00
MANHATTAN,Asbestos,2,2026-09-13T00:00:00.000,2026-09-17T18:59:20.885813+00:00
MANHATTAN,Bus Stop Shelter Complaint,2,2026-09-13T00:00:00.000,2026-09-17T18:59:20.885813+00:00
BRONX,Bus Stop Shelter Complaint,2,2026-09-13T00:00:00.000,2026-09-17T18:59:20.885813+00:00
STATEN ISLAND,Street Sign - Damaged,2,2026-09-13T00:00:00.000,2026-09-17T18:59:20.885813+00:00
BRONX,Broken Parking Meter,2,2026-09-13T00:00:00.000,2026-09-17T18:59:20.885813+00:00
Unspecified,Food Establishment,2,2026-09-13T00:00:00.000,2026-09-17T18:59:20.885813+00:00
BROOKLYN,Construction Lead Dust,2,2026-09-13T00:00:00.000,2026-09-17T18:59:20.885813+00:00
QUEENS,Industrial Waste,2,2026-09-13T00:00:00.000,2026-09-17T18:59:20.885813+00:00
STATEN ISLAND,Water Conservation,2,2026-09-13T00:00:00.000,2026-09-17T18:59:20.885813+00:00
STATEN ISLAND,Mosquitoes,2,2026-09-13T00:00:00.000,2026-09-17T18:59:20.885813+00:00
STATEN ISLAND,New Tree Request,2,2026-09-13T00:00:00.000,2026-09-17T18:59:20.885813+00:00
STATEN ISLAND,Noise - House of Worship,2,2026-09-13T00:00:00.000,2026-09-17T18:59:20.885813+00:00
STATEN ISLAND,Unsanitary Pigeon Condition,2,2026-09-13T00:00:00.000,2026-09-17T18:59:20.885813+00:00
BRONX,Noise - Helicopter,2,2026-09-13T00:00:00.000,2026-09-17T18:59:20.885813+00:00
STATEN ISLAND,Illegal Fireworks,2,2026-09-13T00:00:00.000,2026-09-17T18:59:20.885813+00:00
STATEN ISLAND,Day Care,2,2026-09-13T00:00:00.000,2026-09-17T18:59:20.885813+00:00
BROOKLYN,Bus Stop Shelter Complaint,2,2026-09-13T00:00:00.000,2026-09-17T18:59:20.885813+00:00
Unspecified,Damaged Tree,2,2026-09-13T00:00:00.000,2026-09-17T18:59:20.885813+00:00
STATEN ISLAND,SAFETY,2,2026-09-13T00:00:00.000,2026-09-17T18:59:20.885813+00:00
BROOKLYN,Bench,2,2026-09-13T00:00:00.000,2026-09-17T18:59:20.885813+00:00
Unspecified,Derelict Vehicles,2,2026-09-13T00:00:00.000,2026-09-17T18:59:20.885813+00:00
BROOKLYN,Beach/Pool/Sauna Complaint,2,2026-09-13T00:00:00.000,2026-09-17T18:59:20.885813+00:00
BROOKLYN,BEST/Site Safety,2,2026-09-13T00:00:00.000,2026-09-17T18:59:20.885813+00:00
MANHATTAN,Indoor Sewage,2,2026-09-13T00:00:00.000,2026-09-17T18:59:20.885813+00:00
Unspecified,Overgrown Tree/Branches,2,2026-09-13T00:00:00.000,2026-09-17T18:59:20.885813+00:00
STATEN ISLAND,Dumpster Complaint,2,2026-09-13T00:00:00.000,2026-09-17T18:59:20.885813+00:00
BRONX,Illegal Fireworks,2,2026-09-13T00:00:00.000,2026-09-17T18:59:20.885813+00:00
MANHATTAN,Bridge Condition,2,2026-09-13T00:00:00.000,2026-09-17T18:59:20.885813+00:00
QUEENS,Mosquitoes,2,2026-09-13T00:00:00.000,2026-09-17T18:59:20.885813+00:00
QUEENS,Noise - Helicopter,2,2026-09-13T00:00:00.000,2026-09-17T18:59:20.885813+00:00
BRONX,Green Infrastructure,2,2026-09-13T00:00:00.000,2026-09-17T18:59:20.885813+00:00
MANHATTAN,Tobacco or Non-Tobacco Sale,2,2026-09-13T00:00:00.000,2026-09-17T18:59:20.885813+00:00
BRONX,Food Poisoning,2,2026-09-13T00:00:00.000,2026-09-17T18:59:20.885813+00:00
BRONX,Litter Basket Complaint,2,2026-09-13T00:00:00.000,2026-09-17T18:59:20.885813+00:00
BROOKLYN,Indoor Sewage,2,2026-09-13T00:00:00.000,2026-09-17T18:59:20.885813+00:00
QUEENS,Waste Water Treatment Plant,2,2026-09-13T00:00:00.000,2026-09-17T18:59:20.885813+00:00
BROOKLYN,Lost Property,2,2026-09-13T00:00:00.000,2026-09-17T18:59:20.885813+00:00
MANHATTAN,Plumbing,2,2026-09-13T00:00:00.000,2026-09-17T18:59:20.885813+00:00
STATEN ISLAND,Bike/Roller/Skate,2,2026-09-13T00:00:00.000,2026-09-17T18:59:20.885813+00:00
STATEN ISLAND,Animal in a Park,2,2026-09-13T00:00:00.000,2026-09-17T18:59:20.885813+00:00
BRONX,Construction Lead Dust,1,2026-09-13T00:00:00.000,2026-09-17T18:59:20.885813+00:00
MANHATTAN,AHV Inspection Unit,1,2026-09-13T00:00:00.000,2026-09-17T18:59:20.885813+00:00
QUEENS,Construction Lead Dust,1,2026-09-13T00:00:00.000,2026-09-17T18:59:20.885813+00:00
BROOKLYN,Uprooted Stump,1,2026-09-13T00:00:00.000,2026-09-17T18:59:20.885813+00:00
QUEENS,Borough Office,1,2026-09-13T00:00:00.000,2026-09-17T18:59:20.885813+00:00
QUEENS,Indoor Sewage,1,2026-09-13T00:00:00.000,2026-09-17T18:59:20.885813+00:00
QUEENS,Illegal Animal Sold,1,2026-09-13T00:00:00.000,2026-09-17T18:59:20.885813+00:00
BROOKLYN,Transfer Station Complaint,1,2026-09-13T00:00:00.000,2026-09-17T18:59:20.885813+00:00
BROOKLYN,Unsanitary Animal Facility,1,2026-09-13T00:00:00.000,2026-09-17T18:59:20.885813+00:00
QUEENS,Electrical,1,2026-09-13T00:00:00.000,2026-09-17T18:59:20.885813+00:00
QUEENS,E-Scooter,1,2026-09-13T00:00:00.000,2026-09-17T18:59:20.885813+00:00
MANHATTAN,Animal Facility - No Permit,1,2026-09-13T00:00:00.000,2026-09-17T18:59:20.885813+00:00
QUEENS,For Hire Vehicle Report,1,2026-09-13T00:00:00.000,2026-09-17T18:59:20.885813+00:00
QUEENS,Green Taxi Complaint,1,2026-09-13T00:00:00.000,2026-09-17T18:59:20.885813+00:00
BROOKLYN,Tobacco or Non-Tobacco Sale,1,2026-09-13T00:00:00.000,2026-09-17T18:59:20.885813+00:00
Unspecified,Municipal Parking Facility,1,2026-09-13T00:00:00.000,2026-09-17T18:59:20.885813+00:00
STATEN ISLAND,Smoking or Vaping,1,2026-09-13T00:00:00.000,2026-09-17T18:59:20.885813+00:00
STATEN ISLAND,Tattooing,1,2026-09-13T00:00:00.000,2026-09-17T18:59:20.885813+00:00
STATEN ISLAND,Street Sign - Dangling,1,2026-09-13T00:00:00.000,2026-09-17T18:59:20.885813+00:00
Unspecified,Consumer Complaint,1,2026-09-13T00:00:00.000,2026-09-17T18:59:20.885813+00:00
Unspecified,Dry Weather Discharge,1,2026-09-13T00:00:00.000,2026-09-17T18:59:20.885813+00:00
Unspecified,Illegal Tree Damage,1,2026-09-13T00:00:00.000,2026-09-17T18:59:20.885813+00:00
Unspecified,Lost Property,1,2026-09-13T00:00:00.000,2026-09-17T18:59:20.885813+00:00
STATEN ISLAND,Wood Pile Remaining,1,2026-09-13T00:00:00.000,2026-09-17T18:59:20.885813+00:00
BRONX,Harboring Bees/Wasps,1,2026-09-13T00:00:00.000,2026-09-17T18:59:20.885813+00:00
MANHATTAN,Wood Pile Remaining,1,2026-09-13T00:00:00.000,2026-09-17T18:59:20.885813+00:00
BRONX,Special Projects Inspection Team (SPIT),1,2026-09-13T00:00:00.000,2026-09-17T18:59:20.885813+00:00
QUEENS,Bike/Roller/Skate,1,2026-09-13T00:00:00.000,2026-09-17T18:59:20.885813+00:00
BRONX,Indoor Sewage,1,2026-09-13T00:00:00.000,2026-09-17T18:59:20.885813+00:00
BRONX,Illegal Posting,1,2026-09-13T00:00:00.000,2026-09-17T18:59:20.885813+00:00
BRONX,Taxi Report,1,2026-09-13T00:00:00.000,2026-09-17T18:59:20.885813+00:00
BRONX,Taxi Licensee Complaint,1,2026-09-13T00:00:00.000,2026-09-17T18:59:20.885813+00:00
BRONX,For Hire Vehicle Report,1,2026-09-13T00:00:00.000,2026-09-17T18:59:20.885813+00:00
STATEN ISLAND,Cannabis Retailer,1,2026-09-13T00:00:00.000,2026-09-17T18:59:20.885813+00:00
STATEN ISLAND,Bus Stop Shelter Placement,1,2026-09-13T00:00:00.000,2026-09-17T18:59:20.885813+00:00
MANHATTAN,Cooling Tower,1,2026-09-13T00:00:00.000,2026-09-17T18:59:20.885813+00:00
MANHATTAN,Curb Condition,1,2026-09-13T00:00:00.000,2026-09-17T18:59:20.885813+00:00
MANHATTAN,Construction Lead Dust,1,2026-09-13T00:00:00.000,2026-09-17T18:59:20.885813+00:00
STATEN ISLAND,Abandoned Bike,1,2026-09-13T00:00:00.000,2026-09-17T18:59:20.885813+00:00
MANHATTAN,Poison Ivy,1,2026-09-13T00:00:00.000,2026-09-17T18:59:20.885813+00:00
MANHATTAN,Building Drinking Water Tank,1,2026-09-13T00:00:00.000,2026-09-17T18:59:20.885813+00:00
QUEENS,Unsanitary Animal Pvt Property,1,2026-09-13T00:00:00.000,2026-09-17T18:59:20.885813+00:00
QUEENS,Taxi Compliment,1,2026-09-13T00:00:00.000,2026-09-17T18:59:20.885813+00:00
QUEENS,Animal Facility - No Permit,1,2026-09-13T00:00:00.000,2026-09-17T18:59:20.885813+00:00
BRONX,Unsanitary Pigeon Condition,1,2026-09-13T00:00:00.000,2026-09-17T18:59:20.885813+00:00
BROOKLYN,Investigations and Discipline (IAD),1,2026-09-13T00:00:00.000,2026-09-17T18:59:20.885813+00:00
BROOKLYN,Illegal Animal Sold,1,2026-09-13T00:00:00.000,2026-09-17T18:59:20.885813+00:00
BROOKLYN,Mold,1,2026-09-13T00:00:00.000,2026-09-17T18:59:20.885813+00:00
QUEENS,Uprooted Stump,1,2026-09-13T00:00:00.000,2026-09-17T18:59:20.885813+00:00
BRONX,Taxi Complaint,1,2026-09-13T00:00:00.000,2026-09-17T18:59:20.885813+00:00
BROOKLYN,Noise - House of Worship,1,2026-09-13T00:00:00.000,2026-09-17T18:59:20.885813+00:00
QUEENS,Recycling Basket Complaint,1,2026-09-13T00:00:00.000,2026-09-17T18:59:20.885813+00:00
BROOKLYN,Posting Advertisement,1,2026-09-13T00:00:00.000,2026-09-17T18:59:20.885813+00:00
BROOKLYN,Outdoor Dining,1,2026-09-13T00:00:00.000,2026-09-17T18:59:20.885813+00:00
BROOKLYN,Pet Sale,1,2026-09-13T00:00:00.000,2026-09-17T18:59:20.885813+00:00
BRONX,Water Quality,1,2026-09-13T00:00:00.000,2026-09-17T18:59:20.885813+00:00
BRONX,Wood Pile Remaining,1,2026-09-13T00:00:00.000,2026-09-17T18:59:20.885813+00:00
BROOKLYN,Green Infrastructure,1,2026-09-13T00:00:00.000,2026-09-17T18:59:20.885813+00:00
BROOKLYN,For Hire Vehicle Report,1,2026-09-13T00:00:00.000,2026-09-17T18:59:20.885813+00:00
MANHATTAN,OUTSIDE BUILDING,1,2026-09-13T00:00:00.000,2026-09-17T18:59:20.885813+00:00
BRONX,Public Toilet,1,2026-09-13T00:00:00.000,2026-09-17T18:59:20.885813+00:00
BRONX,Plumbing,1,2026-09-13T00:00:00.000,2026-09-17T18:59:20.885813+00:00
STATEN ISLAND,Drug Activity,1,2026-09-13T00:00:00.000,2026-09-17T18:59:20.885813+00:00
MANHATTAN,Electrical,1,2026-09-13T00:00:00.000,2026-09-17T18:59:20.885813+00:00
BROOKLYN,Electrical,1,2026-09-13T00:00:00.000,2026-09-17T18:59:20.885813+00:00
STATEN ISLAND,LinkNYC,1,2026-09-13T00:00:00.000,2026-09-17T18:59:20.885813+00:00
STATEN ISLAND,Investigations and Discipline (IAD),1,2026-09-13T00:00:00.000,2026-09-17T18:59:20.885813+00:00
STATEN ISLAND,Indoor Air Quality,1,2026-09-13T00:00:00.000,2026-09-17T18:59:20.885813+00:00
STATEN ISLAND,Illegal Tree Damage,1,2026-09-13T00:00:00.000,2026-09-17T18:59:20.885813+00:00
STATEN ISLAND,Illegal Animal Kept as Pet,1,2026-09-13T00:00:00.000,2026-09-17T18:59:20.885813+00:00
STATEN ISLAND,Food Poisoning,1,2026-09-13T00:00:00.000,2026-09-17T18:59:20.885813+00:00
STATEN ISLAND,Harboring Bees/Wasps,1,2026-09-13T00:00:00.000,2026-09-17T18:59:20.885813+00:00
STATEN ISLAND,Hazardous Material,1,2026-09-13T00:00:00.000,2026-09-17T18:59:20.885813+00:00
STATEN ISLAND,Emergency Response Team (ERT),1,2026-09-13T00:00:00.000,2026-09-17T18:59:20.885813+00:00
STATEN ISLAND,Elevator,1,2026-09-13T00:00:00.000,2026-09-17T18:59:20.885813+00:00
MANHATTAN,Lot Condition,1,2026-09-13T00:00:00.000,2026-09-17T18:59:20.885813+00:00
MANHATTAN,New Tree Request,1,2026-09-13T00:00:00.000,2026-09-17T18:59:20.885813+00:00
MANHATTAN,Noise - House of Worship,1,2026-09-13T00:00:00.000,2026-09-17T18:59:20.885813+00:00
STATEN ISLAND,Uprooted Stump,1,2026-09-13T00:00:00.000,2026-09-17T18:59:20.885813+00:00
BROOKLYN,E-Scooter,1,2026-09-13T00:00:00.000,2026-09-17T18:59:20.885813+00:00
STATEN ISLAND,Unsanitary Animal Pvt Property,1,2026-09-13T00:00:00.000,2026-09-17T18:59:20.885813+00:00
BRONX,OUTSIDE BUILDING,1,2026-09-13T00:00:00.000,2026-09-17T18:59:20.885813+00:00
MANHATTAN,Industrial Waste,1,2026-09-13T00:00:00.000,2026-09-17T18:59:20.885813+00:00
STATEN ISLAND,Violation of Park Rules,1,2026-09-13T00:00:00.000,2026-09-17T18:59:20.885813+00:00
Unspecified,Root/Sewer/Sidewalk Condition,1,2026-09-13T00:00:00.000,2026-09-17T18:59:20.885813+00:00
STATEN ISLAND,Litter Basket Request,1,2026-09-13T00:00:00.000,2026-09-17T18:59:20.885813+00:00
STATEN ISLAND,Panhandling,1,2026-09-13T00:00:00.000,2026-09-17T18:59:20.885813+00:00
STATEN ISLAND,Real Time Enforcement,1,2026-09-13T00:00:00.000,2026-09-17T18:59:20.885813+00:00
STATEN ISLAND,Noise - Park,1,2026-09-13T00:00:00.000,2026-09-17T18:59:20.885813+00:00
STATEN ISLAND,Poison Ivy,1,2026-09-13T00:00:00.000,2026-09-17T18:59:20.885813+00:00
Unspecified,Dead/Dying Tree,1,2026-09-13T00:00:00.000,2026-09-17T18:59:20.885813+00:00
BRONX,Electrical,1,2026-09-13T00:00:00.000,2026-09-17T18:59:20.885813+00:00
BRONX,Emergency Response Team (ERT),1,2026-09-13T00:00:00.000,2026-09-17T18:59:20.885813+00:00
STATEN ISLAND,Special Projects Inspection Team (SPIT),1,2026-09-13T00:00:00.000,2026-09-17T18:59:20.885813+00:00
Unspecified,Street Condition,1,2026-09-13T00:00:00.000,2026-09-17T18:59:20.885813+00:00
BRONX,Bridge Condition,1,2026-09-13T00:00:00.000,2026-09-17T18:59:20.885813+00:00
BRONX,Animal in a Park,1,2026-09-13T00:00:00.000,2026-09-17T18:59:20.885813+00:00
BROOKLYN,Illegal Parking,1619,2026-09-14T00:00:00.000,2026-09-17T19:08:31.043006+00:00
QUEENS,Illegal Parking,1178,2026-09-14T00:00:00.000,2026-09-17T19:08:31.043006+00:00
BROOKLYN,Noise - Residential,611,2026-09-14T00:00:00.000,2026-09-17T19:08:31.043006+00:00
BRONX,Illegal Parking,598,2026-09-14T00:00:00.000,2026-09-17T19:08:31.043006+00:00
MANHATTAN,Illegal Parking,524,2026-09-14T00:00:00.000,2026-09-17T19:08:31.043006+00:00
BROOKLYN,Blocked Driveway,485,2026-09-14T00:00:00.000,2026-09-17T19:08:31.043006+00:00
QUEENS,Blocked Driveway,448,2026-09-14T00:00:00.000,2026-09-17T19:08:31.043006+00:00
BRONX,Noise - Residential,368,2026-09-14T00:00:00.000,2026-09-17T19:08:31.043006+00:00
MANHATTAN,Encampment,320,2026-09-14T00:00:00.000,2026-09-17T19:08:31.043006+00:00
QUEENS,Noise - Residential,308,2026-09-14T00:00:00.000,2026-09-17T19:08:31.043006+00:00
MANHATTAN,Noise - Residential,284,2026-09-14T00:00:00.000,2026-09-17T19:08:31.043006+00:00
MANHATTAN,Noise - Street/Sidewalk,276,2026-09-14T00:00:00.000,2026-09-17T19:08:31.043006+00:00
QUEENS,Street Condition,257,2026-09-14T00:00:00.000,2026-09-17T19:08:31.043006+00:00
BROOKLYN,Noise - Street/Sidewalk,251,2026-09-14T00:00:00.000,2026-09-17T19:08:31.043006+00:00
QUEENS,Abandoned Vehicle,245,2026-09-14T00:00:00.000,2026-09-17T19:08:31.043006+00:00
BROOKLYN,UNSANITARY CONDITION,214,2026-09-14T00:00:00.000,2026-09-17T19:08:31.043006+00:00
BRONX,UNSANITARY CONDITION,211,2026-09-14T00:00:00.000,2026-09-17T19:08:31.043006+00:00
BROOKLYN,Street Condition,210,2026-09-14T00:00:00.000,2026-09-17T19:08:31.043006+00:00
MANHATTAN,Noise,208,2026-09-14T00:00:00.000,2026-09-17T19:08:31.043006+00:00
BROOKLYN,Dirty Condition,207,2026-09-14T00:00:00.000,2026-09-17T19:08:31.043006+00:00
BRONX,Blocked Driveway,196,2026-09-14T00:00:00.000,2026-09-17T19:08:31.043006+00:00
QUEENS,Noise - Vehicle,187,2026-09-14T00:00:00.000,2026-09-17T19:08:31.043006+00:00
MANHATTAN,Homeless Person Assistance,184,2026-09-14T00:00:00.000,2026-09-17T19:08:31.043006+00:00
BROOKLYN,Noise,183,2026-09-14T00:00:00.000,2026-09-17T19:08:31.043006+00:00
BROOKLYN,Abandoned Vehicle,181,2026-09-14T00:00:00.000,2026-09-17T19:08:31.043006+00:00
BRONX,Noise - Street/Sidewalk,168,2026-09-14T00:00:00.000,2026-09-17T19:08:31.043006+00:00
QUEENS,Noise - Street/Sidewalk,155,2026-09-14T00:00:00.000,2026-09-17T19:08:31.043006+00:00
MANHATTAN,UNSANITARY CONDITION,152,2026-09-14T00:00:00.000,2026-09-17T19:08:31.043006+00:00
QUEENS,Water Maintenance,135,2026-09-14T00:00:00.000,2026-09-17T19:08:31.043006+00:00
BROOKLYN,Illegal Dumping,122,2026-09-14T00:00:00.000,2026-09-17T19:08:31.043006+00:00
BROOKLYN,Damaged Tree,119,2026-09-14T00:00:00.000,2026-09-17T19:08:31.043006+00:00
QUEENS,Dirty Condition,114,2026-09-14T00:00:00.000,2026-09-17T19:08:31.043006+00:00
STATEN ISLAND,Illegal Parking,110,2026-09-14T00:00:00.000,2026-09-17T19:08:31.043006+00:00
QUEENS,Illegal Dumping,107,2026-09-14T00:00:00.000,2026-09-17T19:08:31.043006+00:00
BRONX,PAINT/PLASTER,105,2026-09-14T00:00:00.000,2026-09-17T19:08:31.043006+00:00
MANHATTAN,Noise - Commercial,103,2026-09-14T00:00:00.000,2026-09-17T19:08:31.043006+00:00
BROOKLYN,Maintenance or Facility,101,2026-09-14T00:00:00.000,2026-09-17T19:08:31.043006+00:00
BRONX,Dirty Condition,100,2026-09-14T00:00:00.000,2026-09-17T19:08:31.043006+00:00
BROOKLYN,Water Maintenance,100,2026-09-14T00:00:00.000,2026-09-17T19:08:31.043006+00:00
STATEN ISLAND,Street Light Condition,95,2026-09-14T00:00:00.000,2026-09-17T19:08:31.043006+00:00
QUEENS,Obstruction,95,2026-09-14T00:00:00.000,2026-09-17T19:08:31.043006+00:00
MANHATTAN,Dirty Condition,95,2026-09-14T00:00:00.000,2026-09-17T19:08:31.043006+00:00
MANHATTAN,Street Condition,93,2026-09-14T00:00:00.000,2026-09-17T19:08:31.043006+00:00
BRONX,Street Light Condition,89,2026-09-14T00:00:00.000,2026-09-17T19:08:31.043006+00:00
BRONX,Water Maintenance,89,2026-09-14T00:00:00.000,2026-09-17T19:08:31.043006+00:00
MANHATTAN,Vendor Enforcement,88,2026-09-14T00:00:00.000,2026-09-17T19:08:31.043006+00:00
QUEENS,Damaged Tree,87,2026-09-14T00:00:00.000,2026-09-17T19:08:31.043006+00:00
BROOKLYN,Traffic Signal Condition,86,2026-09-14T00:00:00.000,2026-09-17T19:08:31.043006+00:00
BROOKLYN,Street Light Condition,85,2026-09-14T00:00:00.000,2026-09-17T19:08:31.043006+00:00
QUEENS,Noise,84,2026-09-14T00:00:00.000,2026-09-17T19:08:31.043006+00:00
MANHATTAN,PAINT/PLASTER,84,2026-09-14T00:00:00.000,2026-09-17T19:08:31.043006+00:00
BROOKLYN,PLUMBING,83,2026-09-14T00:00:00.000,2026-09-17T19:08:31.043006+00:00
QUEENS,Overgrown Tree/Branches,83,2026-09-14T00:00:00.000,2026-09-17T19:08:31.043006+00:00
QUEENS,UNSANITARY CONDITION,82,2026-09-14T00:00:00.000,2026-09-17T19:08:31.043006+00:00
MANHATTAN,Traffic Signal Condition,80,2026-09-14T00:00:00.000,2026-09-17T19:08:31.043006+00:00
QUEENS,Street Light Condition,80,2026-09-14T00:00:00.000,2026-09-17T19:08:31.043006+00:00
BROOKLYN,Encampment,79,2026-09-14T00:00:00.000,2026-09-17T19:08:31.043006+00:00
BRONX,PLUMBING,79,2026-09-14T00:00:00.000,2026-09-17T19:08:31.043006+00:00
QUEENS,Missed Collection,78,2026-09-14T00:00:00.000,2026-09-17T19:08:31.043006+00:00
BROOKLYN,Missed Collection,78,2026-09-14T00:00:00.000,2026-09-17T19:08:31.043006+00:00
BROOKLYN,Overgrown Tree/Branches,76,2026-09-14T00:00:00.000,2026-09-17T19:08:31.043006+00:00
BROOKLYN,Rodent,75,2026-09-14T00:00:00.000,2026-09-17T19:08:31.043006+00:00
BROOKLYN,PAINT/PLASTER,75,2026-09-14T00:00:00.000,2026-09-17T19:08:31.043006+00:00
BRONX,Abandoned Vehicle,75,2026-09-14T00:00:00.000,2026-09-17T19:08:31.043006+00:00
BROOKLYN,Noise - Commercial,74,2026-09-14T00:00:00.000,2026-09-17T19:08:31.043006+00:00
BRONX,Street Condition,74,2026-09-14T00:00:00.000,2026-09-17T19:08:31.043006+00:00
BROOKLYN,Homeless Person Assistance,73,2026-09-14T00:00:00.000,2026-09-17T19:08:31.043006+00:00
BRONX,DOOR/WINDOW,68,2026-09-14T00:00:00.000,2026-09-17T19:08:31.043006+00:00
QUEENS,Sewer Maintenance,68,2026-09-14T00:00:00.000,2026-09-17T19:08:31.043006+00:00
MANHATTAN,PLUMBING,67,2026-09-14T00:00:00.000,2026-09-17T19:08:31.043006+00:00
BROOKLYN,Sidewalk Condition,67,2026-09-14T00:00:00.000,2026-09-17T19:08:31.043006+00:00
BROOKLYN,WATER LEAK,67,2026-09-14T00:00:00.000,2026-09-17T19:08:31.043006+00:00
BROOKLYN,GENERAL,67,2026-09-14T00:00:00.000,2026-09-17T19:08:31.043006+00:00
BROOKLYN,DOOR/WINDOW,66,2026-09-14T00:00:00.000,2026-09-17T19:08:31.043006+00:00
BRONX,WATER LEAK,66,2026-09-14T00:00:00.000,2026-09-17T19:08:31.043006+00:00
BROOKLYN,Derelict Vehicles,65,2026-09-14T00:00:00.000,2026-09-17T19:08:31.043006+00:00
QUEENS,Traffic Signal Condition,64,2026-09-14T00:00:00.000,2026-09-17T19:08:31.043006+00:00
BRONX,Illegal Dumping,63,2026-09-14T00:00:00.000,2026-09-17T19:08:31.043006+00:00
MANHATTAN,Noise - Vehicle,62,2026-09-14T00:00:00.000,2026-09-17T19:08:31.043006+00:00
QUEENS,Sidewalk Condition,60,2026-09-14T00:00:00.000,2026-09-17T19:08:31.043006+00:00
BROOKLYN,HEAT/HOT WATER,59,2026-09-14T00:00:00.000,2026-09-17T19:08:31.043006+00:00
BROOKLYN,Sewer Maintenance,59,2026-09-14T00:00:00.000,2026-09-17T19:08:31.043006+00:00
QUEENS,Dead/Dying Tree,58,2026-09-14T00:00:00.000,2026-09-17T19:08:31.043006+00:00
BROOKLYN,Noise - Vehicle,57,2026-09-14T00:00:00.000,2026-09-17T19:08:31.043006+00:00
MANHATTAN,Water Maintenance,56,2026-09-14T00:00:00.000,2026-09-17T19:08:31.043006+00:00
MANHATTAN,Street Light Condition,56,2026-09-14T00:00:00.000,2026-09-17T19:08:31.043006+00:00
BROOKLYN,Obstruction,54,2026-09-14T00:00:00.000,2026-09-17T19:08:31.043006+00:00
MANHATTAN,Maintenance or Facility,53,2026-09-14T00:00:00.000,2026-09-17T19:08:31.043006+00:00
QUEENS,Noise - Commercial,52,2026-09-14T00:00:00.000,2026-09-17T19:08:31.043006+00:00
MANHATTAN,Consumer Complaint,51,2026-09-14T00:00:00.000,2026-09-17T19:08:31.043006+00:00
QUEENS,Derelict Vehicles,50,2026-09-14T00:00:00.000,2026-09-17T19:08:31.043006+00:00
BRONX,HEAT/HOT WATER,50,2026-09-14T00:00:00.000,2026-09-17T19:08:31.043006+00:00
QUEENS,Maintenance or Facility,50,2026-09-14T00:00:00.000,2026-09-17T19:08:31.043006+00:00
MANHATTAN,HEAT/HOT WATER,49,2026-09-14T00:00:00.000,2026-09-17T19:08:31.043006+00:00
MANHATTAN,DOOR/WINDOW,49,2026-09-14T00:00:00.000,2026-09-17T19:08:31.043006+00:00
MANHATTAN,Sidewalk Condition,47,2026-09-14T00:00:00.000,2026-09-17T19:08:31.043006+00:00
BROOKLYN,General Construction/Plumbing,47,2026-09-14T00:00:00.000,2026-09-17T19:08:31.043006+00:00
BROOKLYN,ELECTRIC,46,2026-09-14T00:00:00.000,2026-09-17T19:08:31.043006+00:00
QUEENS,Encampment,46,2026-09-14T00:00:00.000,2026-09-17T19:08:31.043006+00:00
BROOKLYN,Street Sweeping Complaint,46,2026-09-14T00:00:00.000,2026-09-17T19:08:31.043006+00:00
STATEN ISLAND,Noise - Residential,44,2026-09-14T00:00:00.000,2026-09-17T19:08:31.043006+00:00
STATEN ISLAND,Street Condition,44,2026-09-14T00:00:00.000,2026-09-17T19:08:31.043006+00:00
BRONX,FLOORING/STAIRS,44,2026-09-14T00:00:00.000,2026-09-17T19:08:31.043006+00:00
STATEN ISLAND,Abandoned Vehicle,43,2026-09-14T00:00:00.000,2026-09-17T19:08:31.043006+00:00
BRONX,APPLIANCE,43,2026-09-14T00:00:00.000,2026-09-17T19:08:31.043006+00:00
BROOKLYN,Residential Disposal Complaint,42,2026-09-14T00:00:00.000,2026-09-17T19:08:31.043006+00:00
BROOKLYN,Consumer Complaint,42,2026-09-14T00:00:00.000,2026-09-17T19:08:31.043006+00:00
BRONX,Noise,42,2026-09-14T00:00:00.000,2026-09-17T19:08:31.043006+00:00
BROOKLYN,Graffiti,41,2026-09-14T00:00:00.000,2026-09-17T19:08:31.043006+00:00
BROOKLYN,Dead Animal,40,2026-09-14T00:00:00.000,2026-09-17T19:08:31.043006+00:00
BROOKLYN,FLOORING/STAIRS,40,2026-09-14T00:00:00.000,2026-09-17T19:08:31.043006+00:00
MANHATTAN,Air Quality,40,2026-09-14T00:00:00.000,2026-09-17T19:08:31.043006+00:00
BROOKLYN,Lead,39,2026-09-14T00:00:00.000,2026-09-17T19:08:31.043006+00:00
STATEN ISLAND,Missed Collection,39,2026-09-14T00:00:00.000,2026-09-17T19:08:31.043006+00:00
BROOKLYN,APPLIANCE,38,2026-09-14T00:00:00.000,2026-09-17T19:08:31.043006+00:00
MANHATTAN,Illegal Dumping,38,2026-09-14T00:00:00.000,2026-09-17T19:08:31.043006+00:00
MANHATTAN,WATER LEAK,37,2026-09-14T00:00:00.000,2026-09-17T19:08:31.043006+00:00
BRONX,Traffic Signal Condition,37,2026-09-14T00:00:00.000,2026-09-17T19:08:31.043006+00:00
MANHATTAN,ELECTRIC,37,2026-09-14T00:00:00.000,2026-09-17T19:08:31.043006+00:00
BRONX,Rodent,37,2026-09-14T00:00:00.000,2026-09-17T19:08:31.043006+00:00
MANHATTAN,Blocked Driveway,37,2026-09-14T00:00:00.000,2026-09-17T19:08:31.043006+00:00
MANHATTAN,For Hire Vehicle Complaint,36,2026-09-14T00:00:00.000,2026-09-17T19:08:31.043006+00:00
QUEENS,Root/Sewer/Sidewalk Condition,36,2026-09-14T00:00:00.000,2026-09-17T19:08:31.043006+00:00
MANHATTAN,Rodent,35,2026-09-14T00:00:00.000,2026-09-17T19:08:31.043006+00:00
MANHATTAN,Non-Emergency Police Matter,34,2026-09-14T00:00:00.000,2026-09-17T19:08:31.043006+00:00
QUEENS,Rodent,34,2026-09-14T00:00:00.000,2026-09-17T19:08:31.043006+00:00
QUEENS,Lead,34,2026-09-14T00:00:00.000,2026-09-17T19:08:31.043006+00:00
STATEN ISLAND,Blocked Driveway,34,2026-09-14T00:00:00.000,2026-09-17T19:08:31.043006+00:00
BROOKLYN,Vendor Enforcement,34,2026-09-14T00:00:00.000,2026-09-17T19:08:31.043006+00:00
BRONX,Noise - Vehicle,33,2026-09-14T00:00:00.000,2026-09-17T19:08:31.043006+00:00
BRONX,Encampment,33,2026-09-14T00:00:00.000,2026-09-17T19:08:31.043006+00:00
MANHATTAN,Panhandling,33,2026-09-14T00:00:00.000,2026-09-17T19:08:31.043006+00:00
MANHATTAN,FLOORING/STAIRS,33,2026-09-14T00:00:00.000,2026-09-17T19:08:31.043006+00:00
QUEENS,Homeless Person Assistance,33,2026-09-14T00:00:00.000,2026-09-17T19:08:31.043006+00:00
QUEENS,Consumer Complaint,32,2026-09-14T00:00:00.000,2026-09-17T19:08:31.043006+00:00
BRONX,GENERAL,32,2026-09-14T00:00:00.000,2026-09-17T19:08:31.043006+00:00
QUEENS,Non-Emergency Police Matter,31,2026-09-14T00:00:00.000,2026-09-17T19:08:31.043006+00:00
MANHATTAN,Lost Property,31,2026-09-14T00:00:00.000,2026-09-17T19:08:31.043006+00:00
MANHATTAN,GENERAL,31,2026-09-14T00:00:00.000,2026-09-17T19:08:31.043006+00:00
QUEENS,Drug Activity,31,2026-09-14T00:00:00.000,2026-09-17T19:08:31.043006+00:00
STATEN ISLAND,Water Maintenance,31,2026-09-14T00:00:00.000,2026-09-17T19:08:31.043006+00:00
BROOKLYN,For Hire Vehicle Complaint,31,2026-09-14T00:00:00.000,2026-09-17T19:08:31.043006+00:00
QUEENS,Taxi Complaint,30,2026-09-14T00:00:00.000,2026-09-17T19:08:31.043006+00:00
MANHATTAN,Food Establishment,30,2026-09-14T00:00:00.000,2026-09-17T19:08:31.043006+00:00
MANHATTAN,Taxi Complaint,30,2026-09-14T00:00:00.000,2026-09-17T19:08:31.043006+00:00
BRONX,Sidewalk Condition,30,2026-09-14T00:00:00.000,2026-09-17T19:08:31.043006+00:00
QUEENS,PLUMBING,30,2026-09-14T00:00:00.000,2026-09-17T19:08:31.043006+00:00
BRONX,Obstruction,30,2026-09-14T00:00:00.000,2026-09-17T19:08:31.043006+00:00
BROOKLYN,Non-Emergency Police Matter,30,2026-09-14T00:00:00.000,2026-09-17T19:08:31.043006+00:00
BRONX,Derelict Vehicles,30,2026-09-14T00:00:00.000,2026-09-17T19:08:31.043006+00:00
BRONX,ELECTRIC,30,2026-09-14T00:00:00.000,2026-09-17T19:08:31.043006+00:00
BROOKLYN,Root/Sewer/Sidewalk Condition,30,2026-09-14T00:00:00.000,2026-09-17T19:08:31.043006+00:00
QUEENS,Traffic,30,2026-09-14T00:00:00.000,2026-09-17T19:08:31.043006+00:00
MANHATTAN,Lead,30,2026-09-14T00:00:00.000,2026-09-17T19:08:31.043006+00:00
BROOKLYN,Illegal Tree Damage,30,2026-09-14T00:00:00.000,2026-09-17T19:08:31.043006+00:00
QUEENS,General Construction/Plumbing,29,2026-09-14T00:00:00.000,2026-09-17T19:08:31.043006+00:00
BROOKLYN,Dead/Dying Tree,28,2026-09-14T00:00:00.000,2026-09-17T19:08:31.043006+00:00
QUEENS,PAINT/PLASTER,27,2026-09-14T00:00:00.000,2026-09-17T19:08:31.043006+00:00
BRONX,Noise - Commercial,27,2026-09-14T00:00:00.000,2026-09-17T19:08:31.043006+00:00
QUEENS,Residential Disposal Complaint,27,2026-09-14T00:00:00.000,2026-09-17T19:08:31.043006+00:00
MANHATTAN,Obstruction,26,2026-09-14T00:00:00.000,2026-09-17T19:08:31.043006+00:00
MANHATTAN,Sewer Maintenance,26,2026-09-14T00:00:00.000,2026-09-17T19:08:31.043006+00:00
BROOKLYN,Indoor Air Quality,25,2026-09-14T00:00:00.000,2026-09-17T19:08:31.043006+00:00
STATEN ISLAND,Dirty Condition,25,2026-09-14T00:00:00.000,2026-09-17T19:08:31.043006+00:00
QUEENS,GENERAL,24,2026-09-14T00:00:00.000,2026-09-17T19:08:31.043006+00:00
STATEN ISLAND,Sidewalk Condition,24,2026-09-14T00:00:00.000,2026-09-17T19:08:31.043006+00:00
STATEN ISLAND,Obstruction,24,2026-09-14T00:00:00.000,2026-09-17T19:08:31.043006+00:00
BROOKLYN,Elevator,24,2026-09-14T00:00:00.000,2026-09-17T19:08:31.043006+00:00
BROOKLYN,Curb Condition,24,2026-09-14T00:00:00.000,2026-09-17T19:08:31.043006+00:00
BROOKLYN,Cannabis Retailer,24,2026-09-14T00:00:00.000,2026-09-17T19:08:31.043006+00:00
MANHATTAN,General Construction/Plumbing,24,2026-09-14T00:00:00.000,2026-09-17T19:08:31.043006+00:00
BRONX,Non-Emergency Police Matter,23,2026-09-14T00:00:00.000,2026-09-17T19:08:31.043006+00:00
MANHATTAN,Missed Collection,23,2026-09-14T00:00:00.000,2026-09-17T19:08:31.043006+00:00
BRONX,Sewer Maintenance,23,2026-09-14T00:00:00.000,2026-09-17T19:08:31.043006+00:00
BROOKLYN,Animal-Abuse,23,2026-09-14T00:00:00.000,2026-09-17T19:08:31.043006+00:00
BROOKLYN,Noise - Park,23,2026-09-14T00:00:00.000,2026-09-17T19:08:31.043006+00:00
QUEENS,Vendor Enforcement,23,2026-09-14T00:00:00.000,2026-09-17T19:08:31.043006+00:00
QUEENS,For Hire Vehicle Complaint,23,2026-09-14T00:00:00.000,2026-09-17T19:08:31.043006+00:00
BRONX,Elevator,23,2026-09-14T00:00:00.000,2026-09-17T19:08:31.043006+00:00
BRONX,Animal-Abuse,23,2026-09-14T00:00:00.000,2026-09-17T19:08:31.043006+00:00
BROOKLYN,Food Establishment,22,2026-09-14T00:00:00.000,2026-09-17T19:08:31.043006+00:00
QUEENS,Food Establishment,22,2026-09-14T00:00:00.000,2026-09-17T19:08:31.043006+00:00
MANHATTAN,Elevator,22,2026-09-14T00:00:00.000,2026-09-17T19:08:31.043006+00:00
BRONX,Maintenance or Facility,22,2026-09-14T00:00:00.000,2026-09-17T19:08:31.043006+00:00
QUEENS,WATER LEAK,21,2026-09-14T00:00:00.000,2026-09-17T19:08:31.043006+00:00
BROOKLYN,Litter Basket Request,21,2026-09-14T00:00:00.000,2026-09-17T19:08:31.043006+00:00
STATEN ISLAND,Overgrown Tree/Branches,21,2026-09-14T00:00:00.000,2026-09-17T19:08:31.043006+00:00
BRONX,General Construction/Plumbing,21,2026-09-14T00:00:00.000,2026-09-17T19:08:31.043006+00:00
BRONX,Consumer Complaint,20,2026-09-14T00:00:00.000,2026-09-17T19:08:31.043006+00:00
MANHATTAN,APPLIANCE,20,2026-09-14T00:00:00.000,2026-09-17T19:08:31.043006+00:00
STATEN ISLAND,Damaged Tree,20,2026-09-14T00:00:00.000,2026-09-17T19:08:31.043006+00:00
MANHATTAN,Animal-Abuse,20,2026-09-14T00:00:00.000,2026-09-17T19:08:31.043006+00:00
QUEENS,Building/Use,20,2026-09-14T00:00:00.000,2026-09-17T19:08:31.043006+00:00
MANHATTAN,Noise - Helicopter,19,2026-09-14T00:00:00.000,2026-09-17T19:08:31.043006+00:00
BRONX,Overgrown Tree/Branches,19,2026-09-14T00:00:00.000,2026-09-17T19:08:31.043006+00:00
BROOKLYN,Noise - Helicopter,19,2026-09-14T00:00:00.000,2026-09-17T19:08:31.043006+00:00
BRONX,Street Sweeping Complaint,19,2026-09-14T00:00:00.000,2026-09-17T19:08:31.043006+00:00
BROOKLYN,Air Quality,19,2026-09-14T00:00:00.000,2026-09-17T19:08:31.043006+00:00
MANHATTAN,Abandoned Vehicle,19,2026-09-14T00:00:00.000,2026-09-17T19:08:31.043006+00:00
STATEN ISLAND,Root/Sewer/Sidewalk Condition,18,2026-09-14T00:00:00.000,2026-09-17T19:08:31.043006+00:00
BRONX,Panhandling,18,2026-09-14T00:00:00.000,2026-09-17T19:08:31.043006+00:00
QUEENS,SAFETY,18,2026-09-14T00:00:00.000,2026-09-17T19:08:31.043006+00:00
MANHATTAN,Indoor Air Quality,18,2026-09-14T00:00:00.000,2026-09-17T19:08:31.043006+00:00
MANHATTAN,SAFETY,18,2026-09-14T00:00:00.000,2026-09-17T19:08:31.043006+00:00
QUEENS,Curb Condition,17,2026-09-14T00:00:00.000,2026-09-17T19:08:31.043006+00:00
QUEENS,Illegal Tree Damage,17,2026-09-14T00:00:00.000,2026-09-17T19:08:31.043006+00:00
MANHATTAN,Residential Disposal Complaint,17,2026-09-14T00:00:00.000,2026-09-17T19:08:31.043006+00:00
BROOKLYN,Traffic,17,2026-09-14T00:00:00.000,2026-09-17T19:08:31.043006+00:00
BRONX,Missed Collection,16,2026-09-14T00:00:00.000,2026-09-17T19:08:31.043006+00:00
QUEENS,Panhandling,16,2026-09-14T00:00:00.000,2026-09-17T19:08:31.043006+00:00
BROOKLYN,Building/Use,16,2026-09-14T00:00:00.000,2026-09-17T19:08:31.043006+00:00
QUEENS,HEAT/HOT WATER,16,2026-09-14T00:00:00.000,2026-09-17T19:08:31.043006+00:00
QUEENS,Illegal Posting,16,2026-09-14T00:00:00.000,2026-09-17T19:08:31.043006+00:00
QUEENS,Air Quality,16,2026-09-14T00:00:00.000,2026-09-17T19:08:31.043006+00:00
BRONX,Indoor Air Quality,15,2026-09-14T00:00:00.000,2026-09-17T19:08:31.043006+00:00
BROOKLYN,Panhandling,15,2026-09-14T00:00:00.000,2026-09-17T19:08:31.043006+00:00
QUEENS,Animal-Abuse,15,2026-09-14T00:00:00.000,2026-09-17T19:08:31.043006+00:00
QUEENS,ELECTRIC,15,2026-09-14T00:00:00.000,2026-09-17T19:08:31.043006+00:00
QUEENS,DOOR/WINDOW,15,2026-09-14T00:00:00.000,2026-09-17T19:08:31.043006+00:00
BRONX,Damaged Tree,15,2026-09-14T00:00:00.000,2026-09-17T19:08:31.043006+00:00
STATEN ISLAND,General Construction/Plumbing,15,2026-09-14T00:00:00.000,2026-09-17T19:08:31.043006+00:00
BRONX,Graffiti,15,2026-09-14T00:00:00.000,2026-09-17T19:08:31.043006+00:00
BRONX,Vendor Enforcement,15,2026-09-14T00:00:00.000,2026-09-17T19:08:31.043006+00:00
QUEENS,Dead Animal,15,2026-09-14T00:00:00.000,2026-09-17T19:08:31.043006+00:00
STATEN ISLAND,Traffic Signal Condition,15,2026-09-14T00:00:00.000,2026-09-17T19:08:31.043006+00:00
MANHATTAN,Violation of Park Rules,14,2026-09-14T00:00:00.000,2026-09-17T19:08:31.043006+00:00
BRONX,Root/Sewer/Sidewalk Condition,14,2026-09-14T00:00:00.000,2026-09-17T19:08:31.043006+00:00
MANHATTAN,Graffiti,13,2026-09-14T00:00:00.000,2026-09-17T19:08:31.043006+00:00
BROOKLYN,Illegal Posting,13,2026-09-14T00:00:00.000,2026-09-17T19:08:31.043006+00:00
BROOKLYN,Animal in a Park,13,2026-09-14T00:00:00.000,2026-09-17T19:08:31.043006+00:00
STATEN ISLAND,Illegal Dumping,13,2026-09-14T00:00:00.000,2026-09-17T19:08:31.043006+00:00
BROOKLYN,SAFETY,13,2026-09-14T00:00:00.000,2026-09-17T19:08:31.043006+00:00
BRONX,Homeless Person Assistance,13,2026-09-14T00:00:00.000,2026-09-17T19:08:31.043006+00:00
STATEN ISLAND,Dead/Dying Tree,13,2026-09-14T00:00:00.000,2026-09-17T19:08:31.043006+00:00
BROOKLYN,Drug Activity,13,2026-09-14T00:00:00.000,2026-09-17T19:08:31.043006+00:00
BRONX,SAFETY,13,2026-09-14T00:00:00.000,2026-09-17T19:08:31.043006+00:00
BROOKLYN,Dumpster Complaint,13,2026-09-14T00:00:00.000,2026-09-17T19:08:31.043006+00:00
BRONX,Building/Use,13,2026-09-14T00:00:00.000,2026-09-17T19:08:31.043006+00:00
STATEN ISLAND,Non-Emergency Police Matter,13,2026-09-14T00:00:00.000,2026-09-17T19:08:31.043006+00:00
QUEENS,Graffiti,13,2026-09-14T00:00:00.000,2026-09-17T19:08:31.043006+00:00
MANHATTAN,Street Sweeping Complaint,13,2026-09-14T00:00:00.000,2026-09-17T19:08:31.043006+00:00
BRONX,Curb Condition,12,2026-09-14T00:00:00.000,2026-09-17T19:08:31.043006+00:00
BROOKLYN,Smoking or Vaping,12,2026-09-14T00:00:00.000,2026-09-17T19:08:31.043006+00:00
STATEN ISLAND,Sewer Maintenance,12,2026-09-14T00:00:00.000,2026-09-17T19:08:31.043006+00:00
STATEN ISLAND,Rodent,12,2026-09-14T00:00:00.000,2026-09-17T19:08:31.043006+00:00
MANHATTAN,Traffic,12,2026-09-14T00:00:00.000,2026-09-17T19:08:31.043006+00:00
BROOKLYN,Drinking,12,2026-09-14T00:00:00.000,2026-09-17T19:08:31.043006+00:00
QUEENS,Elevator,12,2026-09-14T00:00:00.000,2026-09-17T19:08:31.043006+00:00
BRONX,Residential Disposal Complaint,11,2026-09-14T00:00:00.000,2026-09-17T19:08:31.043006+00:00
QUEENS,Highway Condition,11,2026-09-14T00:00:00.000,2026-09-17T19:08:31.043006+00:00
QUEENS,Indoor Air Quality,11,2026-09-14T00:00:00.000,2026-09-17T19:08:31.043006+00:00
STATEN ISLAND,UNSANITARY CONDITION,11,2026-09-14T00:00:00.000,2026-09-17T19:08:31.043006+00:00
BROOKLYN,Mosquitoes,11,2026-09-14T00:00:00.000,2026-09-17T19:08:31.043006+00:00
QUEENS,Water Conservation,11,2026-09-14T00:00:00.000,2026-09-17T19:08:31.043006+00:00
BRONX,Dead Animal,11,2026-09-14T00:00:00.000,2026-09-17T19:08:31.043006+00:00
MANHATTAN,Drug Activity,11,2026-09-14T00:00:00.000,2026-09-17T19:08:31.043006+00:00
MANHATTAN,Mobile Food Vendor,11,2026-09-14T00:00:00.000,2026-09-17T19:08:31.043006+00:00
Unspecified,Taxi Complaint,10,2026-09-14T00:00:00.000,2026-09-17T19:08:31.043006+00:00
STATEN ISLAND,Dead Animal,10,2026-09-14T00:00:00.000,2026-09-17T19:08:31.043006+00:00
STATEN ISLAND,Graffiti,10,2026-09-14T00:00:00.000,2026-09-17T19:08:31.043006+00:00
QUEENS,Broken Parking Meter,10,2026-09-14T00:00:00.000,2026-09-17T19:08:31.043006+00:00
QUEENS,Drinking,10,2026-09-14T00:00:00.000,2026-09-17T19:08:31.043006+00:00
QUEENS,Noise - House of Worship,10,2026-09-14T00:00:00.000,2026-09-17T19:08:31.043006+00:00
BRONX,For Hire Vehicle Complaint,10,2026-09-14T00:00:00.000,2026-09-17T19:08:31.043006+00:00
MANHATTAN,Bike/Roller/Skate,10,2026-09-14T00:00:00.000,2026-09-17T19:08:31.043006+00:00
BRONX,Dead/Dying Tree,10,2026-09-14T00:00:00.000,2026-09-17T19:08:31.043006+00:00
BRONX,Drug Activity,10,2026-09-14T00:00:00.000,2026-09-17T19:08:31.043006+00:00
QUEENS,Street Sweeping Complaint,10,2026-09-14T00:00:00.000,2026-09-17T19:08:31.043006+00:00
BROOKLYN,Lot Condition,10,2026-09-14T00:00:00.000,2026-09-17T19:08:31.043006+00:00
BROOKLYN,Street Sign - Damaged,10,2026-09-14T00:00:00.000,2026-09-17T19:08:31.043006+00:00
STATEN ISLAND,Consumer Complaint,10,2026-09-14T00:00:00.000,2026-09-17T19:08:31.043006+00:00
BROOKLYN,Real Time Enforcement,10,2026-09-14T00:00:00.000,2026-09-17T19:08:31.043006+00:00
QUEENS,Noise - Park,9,2026-09-14T00:00:00.000,2026-09-17T19:08:31.043006+00:00
BROOKLYN,Industrial Waste,9,2026-09-14T00:00:00.000,2026-09-17T19:08:31.043006+00:00
QUEENS,Street Sign - Missing,9,2026-09-14T00:00:00.000,2026-09-17T19:08:31.043006+00:00
MANHATTAN,Dead/Dying Tree,9,2026-09-14T00:00:00.000,2026-09-17T19:08:31.043006+00:00
QUEENS,FLOORING/STAIRS,9,2026-09-14T00:00:00.000,2026-09-17T19:08:31.043006+00:00
MANHATTAN,Cannabis Retailer,9,2026-09-14T00:00:00.000,2026-09-17T19:08:31.043006+00:00
STATEN ISLAND,Noise - Street/Sidewalk,9,2026-09-14T00:00:00.000,2026-09-17T19:08:31.043006+00:00
MANHATTAN,Noise - Park,9,2026-09-14T00:00:00.000,2026-09-17T19:08:31.043006+00:00
QUEENS,APPLIANCE,9,2026-09-14T00:00:00.000,2026-09-17T19:08:31.043006+00:00
MANHATTAN,Litter Basket Request,9,2026-09-14T00:00:00.000,2026-09-17T19:08:31.043006+00:00
MANHATTAN,Illegal Tree Damage,9,2026-09-14T00:00:00.000,2026-09-17T19:08:31.043006+00:00
STATEN ISLAND,Residential Disposal Complaint,9,2026-09-14T00:00:00.000,2026-09-17T19:08:31.043006+00:00
STATEN ISLAND,Noise,9,2026-09-14T00:00:00.000,2026-09-17T19:08:31.043006+00:00
QUEENS,Green Infrastructure,9,2026-09-14T00:00:00.000,2026-09-17T19:08:31.043006+00:00
MANHATTAN,Water Conservation,9,2026-09-14T00:00:00.000,2026-09-17T19:08:31.043006+00:00
QUEENS,Sanitation Worker or Vehicle Complaint,8,2026-09-14T00:00:00.000,2026-09-17T19:08:31.043006+00:00
BROOKLYN,Hazardous Material,8,2026-09-14T00:00:00.000,2026-09-17T19:08:31.043006+00:00
STATEN ISLAND,Maintenance or Facility,8,2026-09-14T00:00:00.000,2026-09-17T19:08:31.043006+00:00
MANHATTAN,Damaged Tree,8,2026-09-14T00:00:00.000,2026-09-17T19:08:31.043006+00:00
STATEN ISLAND,Noise - Vehicle,8,2026-09-14T00:00:00.000,2026-09-17T19:08:31.043006+00:00
MANHATTAN,Outdoor Dining,8,2026-09-14T00:00:00.000,2026-09-17T19:08:31.043006+00:00
MANHATTAN,Unsanitary Pigeon Condition,8,2026-09-14T00:00:00.000,2026-09-17T19:08:31.043006+00:00
QUEENS,Smoking or Vaping,8,2026-09-14T00:00:00.000,2026-09-17T19:08:31.043006+00:00
QUEENS,Street Sign - Dangling,8,2026-09-14T00:00:00.000,2026-09-17T19:08:31.043006+00:00
QUEENS,ELEVATOR,8,2026-09-14T00:00:00.000,2026-09-17T19:08:31.043006+00:00
BROOKLYN,Violation of Park Rules,8,2026-09-14T00:00:00.000,2026-09-17T19:08:31.043006+00:00
BROOKLYN,Unsanitary Animal Pvt Property,8,2026-09-14T00:00:00.000,2026-09-17T19:08:31.043006+00:00
BROOKLYN,Street Sign - Dangling,7,2026-09-14T00:00:00.000,2026-09-17T19:08:31.043006+00:00
QUEENS,Unleashed Dog,7,2026-09-14T00:00:00.000,2026-09-17T19:08:31.043006+00:00
BRONX,ELEVATOR,7,2026-09-14T00:00:00.000,2026-09-17T19:08:31.043006+00:00
MANHATTAN,Broken Parking Meter,7,2026-09-14T00:00:00.000,2026-09-17T19:08:31.043006+00:00
BROOKLYN,Bike Rack,7,2026-09-14T00:00:00.000,2026-09-17T19:08:31.043006+00:00
BROOKLYN,Litter Basket Complaint,7,2026-09-14T00:00:00.000,2026-09-17T19:08:31.043006+00:00
BRONX,Food Establishment,7,2026-09-14T00:00:00.000,2026-09-17T19:08:31.043006+00:00
MANHATTAN,Real Time Enforcement,7,2026-09-14T00:00:00.000,2026-09-17T19:08:31.043006+00:00
QUEENS,Cannabis Retailer,7,2026-09-14T00:00:00.000,2026-09-17T19:08:31.043006+00:00
MANHATTAN,Street Sign - Missing,7,2026-09-14T00:00:00.000,2026-09-17T19:08:31.043006+00:00
QUEENS,Litter Basket Request,6,2026-09-14T00:00:00.000,2026-09-17T19:08:31.043006+00:00
QUEENS,Hazardous Material,6,2026-09-14T00:00:00.000,2026-09-17T19:08:31.043006+00:00
BRONX,Street Sign - Damaged,6,2026-09-14T00:00:00.000,2026-09-17T19:08:31.043006+00:00
BROOKLYN,Abandoned Bike,6,2026-09-14T00:00:00.000,2026-09-17T19:08:31.043006+00:00
MANHATTAN,Standing Water,6,2026-09-14T00:00:00.000,2026-09-17T19:08:31.043006+00:00
BROOKLYN,Illegal Animal Kept as Pet,6,2026-09-14T00:00:00.000,2026-09-17T19:08:31.043006+00:00
QUEENS,Street Sign - Damaged,6,2026-09-14T00:00:00.000,2026-09-17T19:08:31.043006+00:00
MANHATTAN,Litter Basket Complaint,6,2026-09-14T00:00:00.000,2026-09-17T19:08:31.043006+00:00
BRONX,Cannabis Retailer,6,2026-09-14T00:00:00.000,2026-09-17T19:08:31.043006+00:00
STATEN ISLAND,Building/Use,6,2026-09-14T00:00:00.000,2026-09-17T19:08:31.043006+00:00
STATEN ISLAND,Animal-Abuse,6,2026-09-14T00:00:00.000,2026-09-17T19:08:31.043006+00:00
BROOKLYN,Broken Parking Meter,6,2026-09-14T00:00:00.000,2026-09-17T19:08:31.043006+00:00
BROOKLYN,Street Sign - Missing,6,2026-09-14T00:00:00.000,2026-09-17T19:08:31.043006+00:00
BROOKLYN,Standing Water,6,2026-09-14T00:00:00.000,2026-09-17T19:08:31.043006+00:00
MANHATTAN,Commercial Disposal Complaint,6,2026-09-14T00:00:00.000,2026-09-17T19:08:31.043006+00:00
MANHATTAN,Derelict Vehicles,6,2026-09-14T00:00:00.000,2026-09-17T19:08:31.043006+00:00
MANHATTAN,Bike Rack,6,2026-09-14T00:00:00.000,2026-09-17T19:08:31.043006+00:00
BRONX,Air Quality,6,2026-09-14T00:00:00.000,2026-09-17T19:08:31.043006+00:00
BRONX,Lead,6,2026-09-14T00:00:00.000,2026-09-17T19:08:31.043006+00:00
MANHATTAN,Dead Animal,6,2026-09-14T00:00:00.000,2026-09-17T19:08:31.043006+00:00
BRONX,Industrial Waste,5,2026-09-14T00:00:00.000,2026-09-17T19:08:31.043006+00:00
BRONX,Illegal Tree Damage,5,2026-09-14T00:00:00.000,2026-09-17T19:08:31.043006+00:00
BRONX,Drinking,5,2026-09-14T00:00:00.000,2026-09-17T19:08:31.043006+00:00
BROOKLYN,Mobile Food Vendor,5,2026-09-14T00:00:00.000,2026-09-17T19:08:31.043006+00:00
BROOKLYN,OUTSIDE BUILDING,5,2026-09-14T00:00:00.000,2026-09-17T19:08:31.043006+00:00
QUEENS,Real Time Enforcement,5,2026-09-14T00:00:00.000,2026-09-17T19:08:31.043006+00:00
MANHATTAN,Urinating in Public,5,2026-09-14T00:00:00.000,2026-09-17T19:08:31.043006+00:00
BROOKLYN,Harboring Bees/Wasps,5,2026-09-14T00:00:00.000,2026-09-17T19:08:31.043006+00:00
BROOKLYN,Highway Condition,5,2026-09-14T00:00:00.000,2026-09-17T19:08:31.043006+00:00
MANHATTAN,Street Sign - Dangling,5,2026-09-14T00:00:00.000,2026-09-17T19:08:31.043006+00:00
QUEENS,Animal in a Park,5,2026-09-14T00:00:00.000,2026-09-17T19:08:31.043006+00:00
BROOKLYN,Water Conservation,5,2026-09-14T00:00:00.000,2026-09-17T19:08:31.043006+00:00
BROOKLYN,Bike/Roller/Skate,5,2026-09-14T00:00:00.000,2026-09-17T19:08:31.043006+00:00
QUEENS,Violation of Park Rules,5,2026-09-14T00:00:00.000,2026-09-17T19:08:31.043006+00:00
BROOKLYN,Wood Pile Remaining,5,2026-09-14T00:00:00.000,2026-09-17T19:08:31.043006+00:00
BRONX,Traffic,5,2026-09-14T00:00:00.000,2026-09-17T19:08:31.043006+00:00
BROOKLYN,ELEVATOR,5,2026-09-14T00:00:00.000,2026-09-17T19:08:31.043006+00:00
STATEN ISLAND,PLUMBING,5,2026-09-14T00:00:00.000,2026-09-17T19:08:31.043006+00:00
MANHATTAN,Smoking or Vaping,5,2026-09-14T00:00:00.000,2026-09-17T19:08:31.043006+00:00
Unspecified,For Hire Vehicle Complaint,4,2026-09-14T00:00:00.000,2026-09-17T19:08:31.043006+00:00
QUEENS,Litter Basket Complaint,4,2026-09-14T00:00:00.000,2026-09-17T19:08:31.043006+00:00
STATEN ISLAND,Derelict Vehicles,4,2026-09-14T00:00:00.000,2026-09-17T19:08:31.043006+00:00
STATEN ISLAND,ELECTRIC,4,2026-09-14T00:00:00.000,2026-09-17T19:08:31.043006+00:00
QUEENS,Standing Water,4,2026-09-14T00:00:00.000,2026-09-17T19:08:31.043006+00:00
MANHATTAN,For Hire Vehicle Report,4,2026-09-14T00:00:00.000,2026-09-17T19:08:31.043006+00:00
STATEN ISLAND,Unleashed Dog,4,2026-09-14T00:00:00.000,2026-09-17T19:08:31.043006+00:00
BRONX,Water Conservation,4,2026-09-14T00:00:00.000,2026-09-17T19:08:31.043006+00:00
BROOKLYN,Commercial Disposal Complaint,4,2026-09-14T00:00:00.000,2026-09-17T19:08:31.043006+00:00
MANHATTAN,Day Care,4,2026-09-14T00:00:00.000,2026-09-17T19:08:31.043006+00:00
MANHATTAN,Sanitation Worker or Vehicle Complaint,4,2026-09-14T00:00:00.000,2026-09-17T19:08:31.043006+00:00
BRONX,Highway Condition,4,2026-09-14T00:00:00.000,2026-09-17T19:08:31.043006+00:00
STATEN ISLAND,DOOR/WINDOW,4,2026-09-14T00:00:00.000,2026-09-17T19:08:31.043006+00:00
BROOKLYN,Food Poisoning,4,2026-09-14T00:00:00.000,2026-09-17T19:08:31.043006+00:00
MANHATTAN,Abandoned Bike,4,2026-09-14T00:00:00.000,2026-09-17T19:08:31.043006+00:00
BROOKLYN,Sanitation Worker or Vehicle Complaint,4,2026-09-14T00:00:00.000,2026-09-17T19:08:31.043006+00:00
MANHATTAN,Animal in a Park,4,2026-09-14T00:00:00.000,2026-09-17T19:08:31.043006+00:00
STATEN ISLAND,Standing Water,4,2026-09-14T00:00:00.000,2026-09-17T19:08:31.043006+00:00
BROOKLYN,New Tree Request,4,2026-09-14T00:00:00.000,2026-09-17T19:08:31.043006+00:00
STATEN ISLAND,Traffic,4,2026-09-14T00:00:00.000,2026-09-17T19:08:31.043006+00:00
BROOKLYN,Day Care,4,2026-09-14T00:00:00.000,2026-09-17T19:08:31.043006+00:00
MANHATTAN,Building/Use,4,2026-09-14T00:00:00.000,2026-09-17T19:08:31.043006+00:00
STATEN ISLAND,Homeless Person Assistance,4,2026-09-14T00:00:00.000,2026-09-17T19:08:31.043006+00:00
STATEN ISLAND,Lot Condition,4,2026-09-14T00:00:00.000,2026-09-17T19:08:31.043006+00:00
BRONX,Drinking Water,3,2026-09-14T00:00:00.000,2026-09-17T19:08:31.043006+00:00
BRONX,Lot Condition,3,2026-09-14T00:00:00.000,2026-09-17T19:08:31.043006+00:00
BRONX,Cooling Tower,3,2026-09-14T00:00:00.000,2026-09-17T19:08:31.043006+00:00
BROOKLYN,Emergency Response Team (ERT),3,2026-09-14T00:00:00.000,2026-09-17T19:08:31.043006+00:00
BRONX,Mobile Food Vendor,3,2026-09-14T00:00:00.000,2026-09-17T19:08:31.043006+00:00
STATEN ISLAND,Illegal Posting,3,2026-09-14T00:00:00.000,2026-09-17T19:08:31.043006+00:00
MANHATTAN,Dumpster Complaint,3,2026-09-14T00:00:00.000,2026-09-17T19:08:31.043006+00:00
MANHATTAN,ELEVATOR,3,2026-09-14T00:00:00.000,2026-09-17T19:08:31.043006+00:00
QUEENS,Urinating in Public,3,2026-09-14T00:00:00.000,2026-09-17T19:08:31.043006+00:00
QUEENS,Water Quality,3,2026-09-14T00:00:00.000,2026-09-17T19:08:31.043006+00:00
STATEN ISLAND,APPLIANCE,3,2026-09-14T00:00:00.000,2026-09-17T19:08:31.043006+00:00
BROOKLYN,Urinating in Public,3,2026-09-14T00:00:00.000,2026-09-17T19:08:31.043006+00:00
BROOKLYN,Unleashed Dog,3,2026-09-14T00:00:00.000,2026-09-17T19:08:31.043006+00:00
STATEN ISLAND,Air Quality,3,2026-09-14T00:00:00.000,2026-09-17T19:08:31.043006+00:00
BRONX,Dumpster Complaint,3,2026-09-14T00:00:00.000,2026-09-17T19:08:31.043006+00:00
Unspecified,Street Light Condition,3,2026-09-14T00:00:00.000,2026-09-17T19:08:31.043006+00:00
MANHATTAN,Hazardous Material,3,2026-09-14T00:00:00.000,2026-09-17T19:08:31.043006+00:00
MANHATTAN,Highway Condition,3,2026-09-14T00:00:00.000,2026-09-17T19:08:31.043006+00:00
QUEENS,Plumbing,3,2026-09-14T00:00:00.000,2026-09-17T19:08:31.043006+00:00
QUEENS,Special Projects Inspection Team (SPIT),3,2026-09-14T00:00:00.000,2026-09-17T19:08:31.043006+00:00
MANHATTAN,Overgrown Tree/Branches,3,2026-09-14T00:00:00.000,2026-09-17T19:08:31.043006+00:00
MANHATTAN,Special Projects Inspection Team (SPIT),3,2026-09-14T00:00:00.000,2026-09-17T19:08:31.043006+00:00
QUEENS,Mold,3,2026-09-14T00:00:00.000,2026-09-17T19:08:31.043006+00:00
QUEENS,Mobile Food Vendor,3,2026-09-14T00:00:00.000,2026-09-17T19:08:31.043006+00:00
QUEENS,Bike Rack,3,2026-09-14T00:00:00.000,2026-09-17T19:08:31.043006+00:00
BRONX,Sanitation Worker or Vehicle Complaint,3,2026-09-14T00:00:00.000,2026-09-17T19:08:31.043006+00:00
MANHATTAN,Street Sign - Damaged,3,2026-09-14T00:00:00.000,2026-09-17T19:08:31.043006+00:00
QUEENS,New Tree Request,3,2026-09-14T00:00:00.000,2026-09-17T19:08:31.043006+00:00
QUEENS,Dumpster Complaint,3,2026-09-14T00:00:00.000,2026-09-17T19:08:31.043006+00:00
BRONX,Outdoor Dining,3,2026-09-14T00:00:00.000,2026-09-17T19:08:31.043006+00:00
QUEENS,Lost Property,3,2026-09-14T00:00:00.000,2026-09-17T19:08:31.043006+00:00
Unspecified,Ferry Inquiry,3,2026-09-14T00:00:00.000,2026-09-17T19:08:31.043006+00:00
BRONX,Smoking or Vaping,3,2026-09-14T00:00:00.000,2026-09-17T19:08:31.043006+00:00
Unspecified,Ferry Complaint,3,2026-09-14T00:00:00.000,2026-09-17T19:08:31.043006+00:00
QUEENS,Bus Stop Shelter Complaint,3,2026-09-14T00:00:00.000,2026-09-17T19:08:31.043006+00:00
BRONX,Bus Stop Shelter Placement,3,2026-09-14T00:00:00.000,2026-09-17T19:08:31.043006+00:00
BRONX,Broken Parking Meter,2,2026-09-14T00:00:00.000,2026-09-17T19:08:31.043006+00:00
BRONX,Bus Stop Shelter Complaint,2,2026-09-14T00:00:00.000,2026-09-17T19:08:31.043006+00:00
STATEN ISLAND,Water Conservation,2,2026-09-14T00:00:00.000,2026-09-17T19:08:31.043006+00:00
Unspecified,Damaged Tree,2,2026-09-14T00:00:00.000,2026-09-17T19:08:31.043006+00:00
QUEENS,Lot Condition,2,2026-09-14T00:00:00.000,2026-09-17T19:08:31.043006+00:00
QUEENS,Food Poisoning,2,2026-09-14T00:00:00.000,2026-09-17T19:08:31.043006+00:00
QUEENS,Illegal Fireworks,2,2026-09-14T00:00:00.000,2026-09-17T19:08:31.043006+00:00
STATEN ISLAND,WATER LEAK,2,2026-09-14T00:00:00.000,2026-09-17T19:08:31.043006+00:00
QUEENS,Harboring Bees/Wasps,2,2026-09-14T00:00:00.000,2026-09-17T19:08:31.043006+00:00
STATEN ISLAND,Street Sign - Damaged,2,2026-09-14T00:00:00.000,2026-09-17T19:08:31.043006+00:00
QUEENS,Industrial Waste,2,2026-09-14T00:00:00.000,2026-09-17T19:08:31.043006+00:00
MANHATTAN,Asbestos,2,2026-09-14T00:00:00.000,2026-09-17T19:08:31.043006+00:00
MANHATTAN,Bus Stop Shelter Complaint,2,2026-09-14T00:00:00.000,2026-09-17T19:08:31.043006+00:00
QUEENS,Taxi Report,2,2026-09-14T00:00:00.000,2026-09-17T19:08:31.043006+00:00
QUEENS,Unsanitary Pigeon Condition,2,2026-09-14T00:00:00.000,2026-09-17T19:08:31.043006+00:00
MANHATTAN,Illegal Fireworks,2,2026-09-14T00:00:00.000,2026-09-17T19:08:31.043006+00:00
MANHATTAN,Food Poisoning,2,2026-09-14T00:00:00.000,2026-09-17T19:08:31.043006+00:00
BRONX,Hazardous Material,2,2026-09-14T00:00:00.000,2026-09-17T19:08:31.043006+00:00
BRONX,Green Infrastructure,2,2026-09-14T00:00:00.000,2026-09-17T19:08:31.043006+00:00
BRONX,Food Poisoning,2,2026-09-14T00:00:00.000,2026-09-17T19:08:31.043006+00:00
QUEENS,Bridge Condition,2,2026-09-14T00:00:00.000,2026-09-17T19:08:31.043006+00:00
MANHATTAN,Tobacco or Non-Tobacco Sale,2,2026-09-14T00:00:00.000,2026-09-17T19:08:31.043006+00:00
MANHATTAN,Unsanitary Animal Pvt Property,2,2026-09-14T00:00:00.000,2026-09-17T19:08:31.043006+00:00
QUEENS,Noise - Helicopter,2,2026-09-14T00:00:00.000,2026-09-17T19:08:31.043006+00:00
QUEENS,Outdoor Dining,2,2026-09-14T00:00:00.000,2026-09-17T19:08:31.043006+00:00
QUEENS,Abandoned Bike,2,2026-09-14T00:00:00.000,2026-09-17T19:08:31.043006+00:00
BROOKLYN,Bench,2,2026-09-14T00:00:00.000,2026-09-17T19:08:31.043006+00:00
BROOKLYN,Bus Stop Shelter Complaint,2,2026-09-14T00:00:00.000,2026-09-17T19:08:31.043006+00:00
BRONX,Litter Basket Request,2,2026-09-14T00:00:00.000,2026-09-17T19:08:31.043006+00:00
BRONX,Litter Basket Complaint,2,2026-09-14T00:00:00.000,2026-09-17T19:08:31.043006+00:00
STATEN ISLAND,Mosquitoes,2,2026-09-14T00:00:00.000,2026-09-17T19:08:31.043006+00:00
STATEN ISLAND,PAINT/PLASTER,2,2026-09-14T00:00:00.000,2026-09-17T19:08:31.043006+00:00
BROOKLYN,Construction Lead Dust,2,2026-09-14T00:00:00.000,2026-09-17T19:08:31.043006+00:00
STATEN ISLAND,New Tree Request,2,2026-09-14T00:00:00.000,2026-09-17T19:08:31.043006+00:00
BRONX,Violation of Park Rules,2,2026-09-14T00:00:00.000,2026-09-17T19:08:31.043006+00:00
BRONX,Day Care,2,2026-09-14T00:00:00.000,2026-09-17T19:08:31.043006+00:00
BRONX,Standing Water,2,2026-09-14T00:00:00.000,2026-09-17T19:08:31.043006+00:00
BRONX,Street Sign - Dangling,2,2026-09-14T00:00:00.000,2026-09-17T19:08:31.043006+00:00
Unspecified,Overgrown Tree/Branches,2,2026-09-14T00:00:00.000,2026-09-17T19:08:31.043006+00:00
STATEN ISLAND,Noise - House of Worship,2,2026-09-14T00:00:00.000,2026-09-17T19:08:31.043006+00:00
BRONX,Unleashed Dog,2,2026-09-14T00:00:00.000,2026-09-17T19:08:31.043006+00:00
MANHATTAN,Drinking,2,2026-09-14T00:00:00.000,2026-09-17T19:08:31.043006+00:00
BROOKLYN,Water Quality,2,2026-09-14T00:00:00.000,2026-09-17T19:08:31.043006+00:00
BROOKLYN,Plumbing,2,2026-09-14T00:00:00.000,2026-09-17T19:08:31.043006+00:00
QUEENS,Waste Water Treatment Plant,2,2026-09-14T00:00:00.000,2026-09-17T19:08:31.043006+00:00
STATEN ISLAND,Animal in a Park,2,2026-09-14T00:00:00.000,2026-09-17T19:08:31.043006+00:00
STATEN ISLAND,Bike/Roller/Skate,2,2026-09-14T00:00:00.000,2026-09-17T19:08:31.043006+00:00
STATEN ISLAND,Curb Condition,2,2026-09-14T00:00:00.000,2026-09-17T19:08:31.043006+00:00
BROOKLYN,Beach/Pool/Sauna Complaint,2,2026-09-14T00:00:00.000,2026-09-17T19:08:31.043006+00:00
STATEN ISLAND,Lead,2,2026-09-14T00:00:00.000,2026-09-17T19:08:31.043006+00:00
STATEN ISLAND,GENERAL,2,2026-09-14T00:00:00.000,2026-09-17T19:08:31.043006+00:00
STATEN ISLAND,HEAT/HOT WATER,2,2026-09-14T00:00:00.000,2026-09-17T19:08:31.043006+00:00
BROOKLYN,Indoor Sewage,2,2026-09-14T00:00:00.000,2026-09-17T19:08:31.043006+00:00
BROOKLYN,Illegal Fireworks,2,2026-09-14T00:00:00.000,2026-09-17T19:08:31.043006+00:00
BRONX,Noise - Helicopter,2,2026-09-14T00:00:00.000,2026-09-17T19:08:31.043006+00:00
STATEN ISLAND,Encampment,2,2026-09-14T00:00:00.000,2026-09-17T19:08:31.043006+00:00
STATEN ISLAND,Dumpster Complaint,2,2026-09-14T00:00:00.000,2026-09-17T19:08:31.043006+00:00
STATEN ISLAND,Day Care,2,2026-09-14T00:00:00.000,2026-09-17T19:08:31.043006+00:00
BROOKLYN,BEST/Site Safety,2,2026-09-14T00:00:00.000,2026-09-17T19:08:31.043006+00:00
BRONX,Unsanitary Animal Pvt Property,2,2026-09-14T00:00:00.000,2026-09-17T19:08:31.043006+00:00
QUEENS,E-Scooter,1,2026-09-14T00:00:00.000,2026-09-17T19:08:31.043006+00:00
QUEENS,Electrical,1,2026-09-14T00:00:00.000,2026-09-17T19:08:31.043006+00:00
STATEN ISLAND,Tattooing,1,2026-09-14T00:00:00.000,2026-09-17T19:08:31.043006+00:00
STATEN ISLAND,Street Sign - Missing,1,2026-09-14T00:00:00.000,2026-09-17T19:08:31.043006+00:00
STATEN ISLAND,Violation of Park Rules,1,2026-09-14T00:00:00.000,2026-09-17T19:08:31.043006+00:00
QUEENS,Illegal Animal Sold,1,2026-09-14T00:00:00.000,2026-09-17T19:08:31.043006+00:00
STATEN ISLAND,Special Projects Inspection Team (SPIT),1,2026-09-14T00:00:00.000,2026-09-17T19:08:31.043006+00:00
Unspecified,Dead/Dying Tree,1,2026-09-14T00:00:00.000,2026-09-17T19:08:31.043006+00:00
STATEN ISLAND,Wood Pile Remaining,1,2026-09-14T00:00:00.000,2026-09-17T19:08:31.043006+00:00
BRONX,Construction Lead Dust,1,2026-09-14T00:00:00.000,2026-09-17T19:08:31.043006+00:00
Unspecified,Consumer Complaint,1,2026-09-14T00:00:00.000,2026-09-17T19:08:31.043006+00:00
BRONX,Emergency Response Team (ERT),1,2026-09-14T00:00:00.000,2026-09-17T19:08:31.043006+00:00
Unspecified,Derelict Vehicles,1,2026-09-14T00:00:00.000,2026-09-17T19:08:31.043006+00:00
STATEN ISLAND,Uprooted Stump,1,2026-09-14T00:00:00.000,2026-09-17T19:08:31.043006+00:00
QUEENS,For Hire Vehicle Report,1,2026-09-14T00:00:00.000,2026-09-17T19:08:31.043006+00:00
MANHATTAN,Curb Condition,1,2026-09-14T00:00:00.000,2026-09-17T19:08:31.043006+00:00
QUEENS,Recycling Basket Complaint,1,2026-09-14T00:00:00.000,2026-09-17T19:08:31.043006+00:00
MANHATTAN,Indoor Sewage,1,2026-09-14T00:00:00.000,2026-09-17T19:08:31.043006+00:00
BRONX,Harboring Bees/Wasps,1,2026-09-14T00:00:00.000,2026-09-17T19:08:31.043006+00:00
MANHATTAN,Cooling Tower,1,2026-09-14T00:00:00.000,2026-09-17T19:08:31.043006+00:00
MANHATTAN,Water Quality,1,2026-09-14T00:00:00.000,2026-09-17T19:08:31.043006+00:00
QUEENS,Commercial Disposal Complaint,1,2026-09-14T00:00:00.000,2026-09-17T19:08:31.043006+00:00
MANHATTAN,Plumbing,1,2026-09-14T00:00:00.000,2026-09-17T19:08:31.043006+00:00
MANHATTAN,Taxi Report,1,2026-09-14T00:00:00.000,2026-09-17T19:08:31.043006+00:00
QUEENS,Borough Office,1,2026-09-14T00:00:00.000,2026-09-17T19:08:31.043006+00:00
MANHATTAN,Wood Pile Remaining,1,2026-09-14T00:00:00.000,2026-09-17T19:08:31.043006+00:00
QUEENS,Bike/Roller/Skate,1,2026-09-14T00:00:00.000,2026-09-17T19:08:31.043006+00:00
QUEENS,Animal Facility - No Permit,1,2026-09-14T00:00:00.000,2026-09-17T19:08:31.043006+00:00
QUEENS,Day Care,1,2026-09-14T00:00:00.000,2026-09-17T19:08:31.043006+00:00
QUEENS,Green Taxi Complaint,1,2026-09-14T00:00:00.000,2026-09-17T19:08:31.043006+00:00
BROOKLYN,Lost Property,1,2026-09-14T00:00:00.000,2026-09-17T19:08:31.043006+00:00
BROOKLYN,Investigations and Discipline (IAD),1,2026-09-14T00:00:00.000,2026-09-17T19:08:31.043006+00:00
STATEN ISLAND,Cannabis Retailer,1,2026-09-14T00:00:00.000,2026-09-17T19:08:31.043006+00:00
STATEN ISLAND,Bus Stop Shelter Placement,1,2026-09-14T00:00:00.000,2026-09-17T19:08:31.043006+00:00
QUEENS,Wood Pile Remaining,1,2026-09-14T00:00:00.000,2026-09-17T19:08:31.043006+00:00
BROOKLYN,Transfer Station Complaint,1,2026-09-14T00:00:00.000,2026-09-17T19:08:31.043006+00:00
BROOKLYN,Outdoor Dining,1,2026-09-14T00:00:00.000,2026-09-17T19:08:31.043006+00:00
BROOKLYN,Posting Advertisement,1,2026-09-14T00:00:00.000,2026-09-17T19:08:31.043006+00:00
MANHATTAN,AHV Inspection Unit,1,2026-09-14T00:00:00.000,2026-09-17T19:08:31.043006+00:00
BROOKLYN,Special Projects Inspection Team (SPIT),1,2026-09-14T00:00:00.000,2026-09-17T19:08:31.043006+00:00
BROOKLYN,Tobacco or Non-Tobacco Sale,1,2026-09-14T00:00:00.000,2026-09-17T19:08:31.043006+00:00
MANHATTAN,Construction Lead Dust,1,2026-09-14T00:00:00.000,2026-09-17T19:08:31.043006+00:00
QUEENS,Uprooted Stump,1,2026-09-14T00:00:00.000,2026-09-17T19:08:31.043006+00:00
BROOKLYN,Unsanitary Animal Facility,1,2026-09-14T00:00:00.000,2026-09-17T19:08:31.043006+00:00
BROOKLYN,Unsanitary Pigeon Condition,1,2026-09-14T00:00:00.000,2026-09-17T19:08:31.043006+00:00
BROOKLYN,Uprooted Stump,1,2026-09-14T00:00:00.000,2026-09-17T19:08:31.043006+00:00
MANHATTAN,Emergency Response Team (ERT),1,2026-09-14T00:00:00.000,2026-09-17T19:08:31.043006+00:00
MANHATTAN,Animal Facility - No Permit,1,2026-09-14T00:00:00.000,2026-09-17T19:08:31.043006+00:00
MANHATTAN,Bridge Condition,1,2026-09-14T00:00:00.000,2026-09-17T19:08:31.043006+00:00
MANHATTAN,Building Drinking Water Tank,1,2026-09-14T00:00:00.000,2026-09-17T19:08:31.043006+00:00
MANHATTAN,Boilers,1,2026-09-14T00:00:00.000,2026-09-17T19:08:31.043006+00:00
MANHATTAN,Noise - House of Worship,1,2026-09-14T00:00:00.000,2026-09-17T19:08:31.043006+00:00
MANHATTAN,Poison Ivy,1,2026-09-14T00:00:00.000,2026-09-17T19:08:31.043006+00:00
MANHATTAN,Mold,1,2026-09-14T00:00:00.000,2026-09-17T19:08:31.043006+00:00
BRONX,For Hire Vehicle Report,1,2026-09-14T00:00:00.000,2026-09-17T19:08:31.043006+00:00
MANHATTAN,Industrial Waste,1,2026-09-14T00:00:00.000,2026-09-17T19:08:31.043006+00:00
MANHATTAN,New Tree Request,1,2026-09-14T00:00:00.000,2026-09-17T19:08:31.043006+00:00
STATEN ISLAND,Food Poisoning,1,2026-09-14T00:00:00.000,2026-09-17T19:08:31.043006+00:00
BROOKLYN,Green Infrastructure,1,2026-09-14T00:00:00.000,2026-09-17T19:08:31.043006+00:00
BROOKLYN,For Hire Vehicle Report,1,2026-09-14T00:00:00.000,2026-09-17T19:08:31.043006+00:00
STATEN ISLAND,Food Establishment,1,2026-09-14T00:00:00.000,2026-09-17T19:08:31.043006+00:00
STATEN ISLAND,Elevator,1,2026-09-14T00:00:00.000,2026-09-17T19:08:31.043006+00:00
STATEN ISLAND,LinkNYC,1,2026-09-14T00:00:00.000,2026-09-17T19:08:31.043006+00:00
STATEN ISLAND,Illegal Fireworks,1,2026-09-14T00:00:00.000,2026-09-17T19:08:31.043006+00:00
STATEN ISLAND,Indoor Air Quality,1,2026-09-14T00:00:00.000,2026-09-17T19:08:31.043006+00:00
STATEN ISLAND,Industrial Waste,1,2026-09-14T00:00:00.000,2026-09-17T19:08:31.043006+00:00
STATEN ISLAND,Harboring Bees/Wasps,1,2026-09-14T00:00:00.000,2026-09-17T19:08:31.043006+00:00
STATEN ISLAND,Hazardous Material,1,2026-09-14T00:00:00.000,2026-09-17T19:08:31.043006+00:00
STATEN ISLAND,Highway Condition,1,2026-09-14T00:00:00.000,2026-09-17T19:08:31.043006+00:00
STATEN ISLAND,Illegal Animal Kept as Pet,1,2026-09-14T00:00:00.000,2026-09-17T19:08:31.043006+00:00
BROOKLYN,E-Scooter,1,2026-09-14T00:00:00.000,2026-09-17T19:08:31.043006+00:00
BROOKLYN,Electrical,1,2026-09-14T00:00:00.000,2026-09-17T19:08:31.043006+00:00
BROOKLYN,Noise - House of Worship,1,2026-09-14T00:00:00.000,2026-09-17T19:08:31.043006+00:00
STATEN ISLAND,Drug Activity,1,2026-09-14T00:00:00.000,2026-09-17T19:08:31.043006+00:00
BROOKLYN,Mold,1,2026-09-14T00:00:00.000,2026-09-17T19:08:31.043006+00:00
BROOKLYN,Boilers,1,2026-09-14T00:00:00.000,2026-09-17T19:08:31.043006+00:00
STATEN ISLAND,Noise - Commercial,1,2026-09-14T00:00:00.000,2026-09-17T19:08:31.043006+00:00
STATEN ISLAND,Poison Ivy,1,2026-09-14T00:00:00.000,2026-09-17T19:08:31.043006+00:00
BRONX,Wood Pile Remaining,1,2026-09-14T00:00:00.000,2026-09-17T19:08:31.043006+00:00
BRONX,Water Quality,1,2026-09-14T00:00:00.000,2026-09-17T19:08:31.043006+00:00
BRONX,Unsanitary Pigeon Condition,1,2026-09-14T00:00:00.000,2026-09-17T19:08:31.043006+00:00
STATEN ISLAND,Panhandling,1,2026-09-14T00:00:00.000,2026-09-17T19:08:31.043006+00:00
BRONX,Street Sign - Missing,1,2026-09-14T00:00:00.000,2026-09-17T19:08:31.043006+00:00
Unspecified,Dry Weather Discharge,1,2026-09-14T00:00:00.000,2026-09-17T19:08:31.043006+00:00
BRONX,Real Time Enforcement,1,2026-09-14T00:00:00.000,2026-09-17T19:08:31.043006+00:00
BRONX,Public Toilet,1,2026-09-14T00:00:00.000,2026-09-17T19:08:31.043006+00:00
Unspecified,Illegal Tree Damage,1,2026-09-14T00:00:00.000,2026-09-17T19:08:31.043006+00:00
Unspecified,Food Establishment,1,2026-09-14T00:00:00.000,2026-09-17T19:08:31.043006+00:00
Unspecified,Municipal Parking Facility,1,2026-09-14T00:00:00.000,2026-09-17T19:08:31.043006+00:00
Unspecified,Lost Property,1,2026-09-14T00:00:00.000,2026-09-17T19:08:31.043006+00:00
STATEN ISLAND,SAFETY,1,2026-09-14T00:00:00.000,2026-09-17T19:08:31.043006+00:00
BRONX,Electrical,1,2026-09-14T00:00:00.000,2026-09-17T19:08:31.043006+00:00
BRONX,Bridge Condition,1,2026-09-14T00:00:00.000,2026-09-17T19:08:31.043006+00:00
BRONX,Animal in a Park,1,2026-09-14T00:00:00.000,2026-09-17T19:08:31.043006+00:00
BROOKLYN,Illegal Parking,811,2026-09-15T00:00:00.000,2026-09-17T19:17:18.476904+00:00
QUEENS,Illegal Parking,625,2026-09-15T00:00:00.000,2026-09-17T19:17:18.476904+00:00
BRONX,Illegal Parking,321,2026-09-15T00:00:00.000,2026-09-17T19:17:18.476904+00:00
BROOKLYN,Noise - Residential,298,2026-09-15T00:00:00.000,2026-09-17T19:17:18.476904+00:00
MANHATTAN,Illegal Parking,279,2026-09-15T00:00:00.000,2026-09-17T19:17:18.476904+00:00
BROOKLYN,Blocked Driveway,220,2026-09-15T00:00:00.000,2026-09-17T19:17:18.476904+00:00
QUEENS,Blocked Driveway,208,2026-09-15T00:00:00.000,2026-09-17T19:17:18.476904+00:00
BRONX,Noise - Residential,190,2026-09-15T00:00:00.000,2026-09-17T19:17:18.476904+00:00
MANHATTAN,Noise - Residential,160,2026-09-15T00:00:00.000,2026-09-17T19:17:18.476904+00:00
MANHATTAN,Encampment,158,2026-09-15T00:00:00.000,2026-09-17T19:17:18.476904+00:00
QUEENS,Noise - Residential,145,2026-09-15T00:00:00.000,2026-09-17T19:17:18.476904+00:00
BROOKLYN,Noise - Street/Sidewalk,143,2026-09-15T00:00:00.000,2026-09-17T19:17:18.476904+00:00
QUEENS,Street Condition,128,2026-09-15T00:00:00.000,2026-09-17T19:17:18.476904+00:00
QUEENS,Abandoned Vehicle,128,2026-09-15T00:00:00.000,2026-09-17T19:17:18.476904+00:00
MANHATTAN,Noise,127,2026-09-15T00:00:00.000,2026-09-17T19:17:18.476904+00:00
MANHATTAN,Noise - Street/Sidewalk,125,2026-09-15T00:00:00.000,2026-09-17T19:17:18.476904+00:00
QUEENS,Noise - Vehicle,121,2026-09-15T00:00:00.000,2026-09-17T19:17:18.476904+00:00
BROOKLYN,Noise,103,2026-09-15T00:00:00.000,2026-09-17T19:17:18.476904+00:00
BROOKLYN,Dirty Condition,101,2026-09-15T00:00:00.000,2026-09-17T19:17:18.476904+00:00
BROOKLYN,Street Condition,92,2026-09-15T00:00:00.000,2026-09-17T19:17:18.476904+00:00
BRONX,Blocked Driveway,91,2026-09-15T00:00:00.000,2026-09-17T19:17:18.476904+00:00
MANHATTAN,Homeless Person Assistance,88,2026-09-15T00:00:00.000,2026-09-17T19:17:18.476904+00:00
QUEENS,Noise - Street/Sidewalk,80,2026-09-15T00:00:00.000,2026-09-17T19:17:18.476904+00:00
BROOKLYN,Abandoned Vehicle,78,2026-09-15T00:00:00.000,2026-09-17T19:17:18.476904+00:00
BRONX,Noise - Street/Sidewalk,75,2026-09-15T00:00:00.000,2026-09-17T19:17:18.476904+00:00
QUEENS,Water Maintenance,72,2026-09-15T00:00:00.000,2026-09-17T19:17:18.476904+00:00
MANHATTAN,Noise - Commercial,64,2026-09-15T00:00:00.000,2026-09-17T19:17:18.476904+00:00
STATEN ISLAND,Street Light Condition,63,2026-09-15T00:00:00.000,2026-09-17T19:17:18.476904+00:00
QUEENS,Dirty Condition,60,2026-09-15T00:00:00.000,2026-09-17T19:17:18.476904+00:00
BROOKLYN,Water Maintenance,56,2026-09-15T00:00:00.000,2026-09-17T19:17:18.476904+00:00
BROOKLYN,Missed Collection,54,2026-09-15T00:00:00.000,2026-09-17T19:17:18.476904+00:00
QUEENS,Noise,53,2026-09-15T00:00:00.000,2026-09-17T19:17:18.476904+00:00
QUEENS,Illegal Dumping,52,2026-09-15T00:00:00.000,2026-09-17T19:17:18.476904+00:00
BROOKLYN,Traffic Signal Condition,51,2026-09-15T00:00:00.000,2026-09-17T19:17:18.476904+00:00
BROOKLYN,Illegal Dumping,50,2026-09-15T00:00:00.000,2026-09-17T19:17:18.476904+00:00
BROOKLYN,Noise - Commercial,50,2026-09-15T00:00:00.000,2026-09-17T19:17:18.476904+00:00
BRONX,Street Light Condition,50,2026-09-15T00:00:00.000,2026-09-17T19:17:18.476904+00:00
BRONX,Dirty Condition,49,2026-09-15T00:00:00.000,2026-09-17T19:17:18.476904+00:00
STATEN ISLAND,Illegal Parking,49,2026-09-15T00:00:00.000,2026-09-17T19:17:18.476904+00:00
QUEENS,Missed Collection,48,2026-09-15T00:00:00.000,2026-09-17T19:17:18.476904+00:00
BROOKLYN,Damaged Tree,46,2026-09-15T00:00:00.000,2026-09-17T19:17:18.476904+00:00
BRONX,Water Maintenance,45,2026-09-15T00:00:00.000,2026-09-17T19:17:18.476904+00:00
MANHATTAN,Vendor Enforcement,44,2026-09-15T00:00:00.000,2026-09-17T19:17:18.476904+00:00
QUEENS,Obstruction,43,2026-09-15T00:00:00.000,2026-09-17T19:17:18.476904+00:00
MANHATTAN,Street Condition,43,2026-09-15T00:00:00.000,2026-09-17T19:17:18.476904+00:00
BROOKLYN,Maintenance or Facility,43,2026-09-15T00:00:00.000,2026-09-17T19:17:18.476904+00:00
BROOKLYN,Street Light Condition,40,2026-09-15T00:00:00.000,2026-09-17T19:17:18.476904+00:00
QUEENS,Overgrown Tree/Branches,40,2026-09-15T00:00:00.000,2026-09-17T19:17:18.476904+00:00
MANHATTAN,Water Maintenance,39,2026-09-15T00:00:00.000,2026-09-17T19:17:18.476904+00:00
BROOKLYN,Homeless Person Assistance,39,2026-09-15T00:00:00.000,2026-09-17T19:17:18.476904+00:00
MANHATTAN,Dirty Condition,39,2026-09-15T00:00:00.000,2026-09-17T19:17:18.476904+00:00
BROOKLYN,Encampment,38,2026-09-15T00:00:00.000,2026-09-17T19:17:18.476904+00:00
BRONX,Abandoned Vehicle,38,2026-09-15T00:00:00.000,2026-09-17T19:17:18.476904+00:00
QUEENS,Damaged Tree,36,2026-09-15T00:00:00.000,2026-09-17T19:17:18.476904+00:00
BRONX,Illegal Dumping,35,2026-09-15T00:00:00.000,2026-09-17T19:17:18.476904+00:00
BRONX,Street Condition,33,2026-09-15T00:00:00.000,2026-09-17T19:17:18.476904+00:00
BROOKLYN,Sidewalk Condition,31,2026-09-15T00:00:00.000,2026-09-17T19:17:18.476904+00:00
BROOKLYN,Rodent,31,2026-09-15T00:00:00.000,2026-09-17T19:17:18.476904+00:00
BROOKLYN,Overgrown Tree/Branches,31,2026-09-15T00:00:00.000,2026-09-17T19:17:18.476904+00:00
MANHATTAN,Maintenance or Facility,30,2026-09-15T00:00:00.000,2026-09-17T19:17:18.476904+00:00
BROOKLYN,Sewer Maintenance,30,2026-09-15T00:00:00.000,2026-09-17T19:17:18.476904+00:00
QUEENS,Street Light Condition,30,2026-09-15T00:00:00.000,2026-09-17T19:17:18.476904+00:00
QUEENS,Sidewalk Condition,29,2026-09-15T00:00:00.000,2026-09-17T19:17:18.476904+00:00
BROOKLYN,Noise - Vehicle,29,2026-09-15T00:00:00.000,2026-09-17T19:17:18.476904+00:00
STATEN ISLAND,Missed Collection,29,2026-09-15T00:00:00.000,2026-09-17T19:17:18.476904+00:00
BRONX,Traffic Signal Condition,28,2026-09-15T00:00:00.000,2026-09-17T19:17:18.476904+00:00
QUEENS,Sewer Maintenance,28,2026-09-15T00:00:00.000,2026-09-17T19:17:18.476904+00:00
QUEENS,Noise - Commercial,28,2026-09-15T00:00:00.000,2026-09-17T19:17:18.476904+00:00
MANHATTAN,Noise - Vehicle,28,2026-09-15T00:00:00.000,2026-09-17T19:17:18.476904+00:00
QUEENS,Traffic Signal Condition,27,2026-09-15T00:00:00.000,2026-09-17T19:17:18.476904+00:00
BROOKLYN,Street Sweeping Complaint,25,2026-09-15T00:00:00.000,2026-09-17T19:17:18.476904+00:00
MANHATTAN,Consumer Complaint,25,2026-09-15T00:00:00.000,2026-09-17T19:17:18.476904+00:00
MANHATTAN,Sidewalk Condition,25,2026-09-15T00:00:00.000,2026-09-17T19:17:18.476904+00:00
MANHATTAN,Air Quality,25,2026-09-15T00:00:00.000,2026-09-17T19:17:18.476904+00:00
MANHATTAN,Traffic Signal Condition,24,2026-09-15T00:00:00.000,2026-09-17T19:17:18.476904+00:00
STATEN ISLAND,Noise - Residential,24,2026-09-15T00:00:00.000,2026-09-17T19:17:18.476904+00:00
MANHATTAN,Street Light Condition,23,2026-09-15T00:00:00.000,2026-09-17T19:17:18.476904+00:00
QUEENS,Dead/Dying Tree,23,2026-09-15T00:00:00.000,2026-09-17T19:17:18.476904+00:00
QUEENS,Maintenance or Facility,23,2026-09-15T00:00:00.000,2026-09-17T19:17:18.476904+00:00
STATEN ISLAND,Abandoned Vehicle,23,2026-09-15T00:00:00.000,2026-09-17T19:17:18.476904+00:00
BRONX,Noise,22,2026-09-15T00:00:00.000,2026-09-17T19:17:18.476904+00:00
STATEN ISLAND,Street Condition,22,2026-09-15T00:00:00.000,2026-09-17T19:17:18.476904+00:00
BROOKLYN,Obstruction,22,2026-09-15T00:00:00.000,2026-09-17T19:17:18.476904+00:00
BROOKLYN,Lead,21,2026-09-15T00:00:00.000,2026-09-17T19:17:18.476904+00:00
MANHATTAN,For Hire Vehicle Complaint,20,2026-09-15T00:00:00.000,2026-09-17T19:17:18.476904+00:00
QUEENS,Traffic,20,2026-09-15T00:00:00.000,2026-09-17T19:17:18.476904+00:00
MANHATTAN,Rodent,20,2026-09-15T00:00:00.000,2026-09-17T19:17:18.476904+00:00
MANHATTAN,Panhandling,20,2026-09-15T00:00:00.000,2026-09-17T19:17:18.476904+00:00
QUEENS,Rodent,20,2026-09-15T00:00:00.000,2026-09-17T19:17:18.476904+00:00
BRONX,Rodent,19,2026-09-15T00:00:00.000,2026-09-17T19:17:18.476904+00:00
BROOKLYN,For Hire Vehicle Complaint,19,2026-09-15T00:00:00.000,2026-09-17T19:17:18.476904+00:00
QUEENS,Homeless Person Assistance,19,2026-09-15T00:00:00.000,2026-09-17T19:17:18.476904+00:00
QUEENS,Lead,19,2026-09-15T00:00:00.000,2026-09-17T19:17:18.476904+00:00
BROOKLYN,Consumer Complaint,19,2026-09-15T00:00:00.000,2026-09-17T19:17:18.476904+00:00
BROOKLYN,Residential Disposal Complaint,18,2026-09-15T00:00:00.000,2026-09-17T19:17:18.476904+00:00
MANHATTAN,Non-Emergency Police Matter,18,2026-09-15T00:00:00.000,2026-09-17T19:17:18.476904+00:00
QUEENS,Drug Activity,18,2026-09-15T00:00:00.000,2026-09-17T19:17:18.476904+00:00
BRONX,Noise - Vehicle,18,2026-09-15T00:00:00.000,2026-09-17T19:17:18.476904+00:00
STATEN ISLAND,Water Maintenance,18,2026-09-15T00:00:00.000,2026-09-17T19:17:18.476904+00:00
BRONX,Sidewalk Condition,17,2026-09-15T00:00:00.000,2026-09-17T19:17:18.476904+00:00
MANHATTAN,Lead,17,2026-09-15T00:00:00.000,2026-09-17T19:17:18.476904+00:00
QUEENS,Encampment,17,2026-09-15T00:00:00.000,2026-09-17T19:17:18.476904+00:00
BRONX,Derelict Vehicles,16,2026-09-15T00:00:00.000,2026-09-17T19:17:18.476904+00:00
QUEENS,Root/Sewer/Sidewalk Condition,16,2026-09-15T00:00:00.000,2026-09-17T19:17:18.476904+00:00
MANHATTAN,Illegal Dumping,16,2026-09-15T00:00:00.000,2026-09-17T19:17:18.476904+00:00
MANHATTAN,Lost Property,15,2026-09-15T00:00:00.000,2026-09-17T19:17:18.476904+00:00
MANHATTAN,Noise - Helicopter,15,2026-09-15T00:00:00.000,2026-09-17T19:17:18.476904+00:00
BROOKLYN,Illegal Tree Damage,15,2026-09-15T00:00:00.000,2026-09-17T19:17:18.476904+00:00
BROOKLYN,Graffiti,15,2026-09-15T00:00:00.000,2026-09-17T19:17:18.476904+00:00
QUEENS,Vendor Enforcement,15,2026-09-15T00:00:00.000,2026-09-17T19:17:18.476904+00:00
BRONX,Obstruction,14,2026-09-15T00:00:00.000,2026-09-17T19:17:18.476904+00:00
MANHATTAN,Missed Collection,14,2026-09-15T00:00:00.000,2026-09-17T19:17:18.476904+00:00
BROOKLYN,Cannabis Retailer,14,2026-09-15T00:00:00.000,2026-09-17T19:17:18.476904+00:00
BRONX,Encampment,14,2026-09-15T00:00:00.000,2026-09-17T19:17:18.476904+00:00
STATEN ISLAND,Obstruction,14,2026-09-15T00:00:00.000,2026-09-17T19:17:18.476904+00:00
BRONX,Noise - Commercial,14,2026-09-15T00:00:00.000,2026-09-17T19:17:18.476904+00:00
STATEN ISLAND,Dirty Condition,14,2026-09-15T00:00:00.000,2026-09-17T19:17:18.476904+00:00
BROOKLYN,Root/Sewer/Sidewalk Condition,14,2026-09-15T00:00:00.000,2026-09-17T19:17:18.476904+00:00
BROOKLYN,Dead/Dying Tree,13,2026-09-15T00:00:00.000,2026-09-17T19:17:18.476904+00:00
QUEENS,Consumer Complaint,13,2026-09-15T00:00:00.000,2026-09-17T19:17:18.476904+00:00
BROOKLYN,Dead Animal,13,2026-09-15T00:00:00.000,2026-09-17T19:17:18.476904+00:00
MANHATTAN,Blocked Driveway,12,2026-09-15T00:00:00.000,2026-09-17T19:17:18.476904+00:00
BROOKLYN,Litter Basket Request,12,2026-09-15T00:00:00.000,2026-09-17T19:17:18.476904+00:00
MANHATTAN,Taxi Complaint,12,2026-09-15T00:00:00.000,2026-09-17T19:17:18.476904+00:00
BROOKLYN,Animal-Abuse,12,2026-09-15T00:00:00.000,2026-09-17T19:17:18.476904+00:00
BRONX,Non-Emergency Police Matter,12,2026-09-15T00:00:00.000,2026-09-17T19:17:18.476904+00:00
BROOKLYN,Curb Condition,12,2026-09-15T00:00:00.000,2026-09-17T19:17:18.476904+00:00
BRONX,Missed Collection,12,2026-09-15T00:00:00.000,2026-09-17T19:17:18.476904+00:00
BRONX,Sewer Maintenance,12,2026-09-15T00:00:00.000,2026-09-17T19:17:18.476904+00:00
QUEENS,Taxi Complaint,12,2026-09-15T00:00:00.000,2026-09-17T19:17:18.476904+00:00
QUEENS,Non-Emergency Police Matter,12,2026-09-15T00:00:00.000,2026-09-17T19:17:18.476904+00:00
QUEENS,Residential Disposal Complaint,12,2026-09-15T00:00:00.000,2026-09-17T19:17:18.476904+00:00
MANHATTAN,Street Sweeping Complaint,12,2026-09-15T00:00:00.000,2026-09-17T19:17:18.476904+00:00
QUEENS,Dead Animal,12,2026-09-15T00:00:00.000,2026-09-17T19:17:18.476904+00:00
BRONX,Graffiti,11,2026-09-15T00:00:00.000,2026-09-17T19:17:18.476904+00:00
STATEN ISLAND,Overgrown Tree/Branches,11,2026-09-15T00:00:00.000,2026-09-17T19:17:18.476904+00:00
STATEN ISLAND,Blocked Driveway,11,2026-09-15T00:00:00.000,2026-09-17T19:17:18.476904+00:00
BROOKLYN,Derelict Vehicles,11,2026-09-15T00:00:00.000,2026-09-17T19:17:18.476904+00:00
BRONX,Panhandling,11,2026-09-15T00:00:00.000,2026-09-17T19:17:18.476904+00:00
QUEENS,For Hire Vehicle Complaint,11,2026-09-15T00:00:00.000,2026-09-17T19:17:18.476904+00:00
MANHATTAN,Abandoned Vehicle,11,2026-09-15T00:00:00.000,2026-09-17T19:17:18.476904+00:00
BRONX,Animal-Abuse,11,2026-09-15T00:00:00.000,2026-09-17T19:17:18.476904+00:00
BRONX,Consumer Complaint,11,2026-09-15T00:00:00.000,2026-09-17T19:17:18.476904+00:00
MANHATTAN,Animal-Abuse,11,2026-09-15T00:00:00.000,2026-09-17T19:17:18.476904+00:00
STATEN ISLAND,Sidewalk Condition,11,2026-09-15T00:00:00.000,2026-09-17T19:17:18.476904+00:00
MANHATTAN,Food Establishment,11,2026-09-15T00:00:00.000,2026-09-17T19:17:18.476904+00:00
MANHATTAN,Obstruction,10,2026-09-15T00:00:00.000,2026-09-17T19:17:18.476904+00:00
BRONX,Maintenance or Facility,10,2026-09-15T00:00:00.000,2026-09-17T19:17:18.476904+00:00
BROOKLYN,Noise - Park,10,2026-09-15T00:00:00.000,2026-09-17T19:17:18.476904+00:00
QUEENS,Derelict Vehicles,10,2026-09-15T00:00:00.000,2026-09-17T19:17:18.476904+00:00
BROOKLYN,Indoor Air Quality,10,2026-09-15T00:00:00.000,2026-09-17T19:17:18.476904+00:00
MANHATTAN,Sewer Maintenance,10,2026-09-15T00:00:00.000,2026-09-17T19:17:18.476904+00:00
QUEENS,Animal-Abuse,10,2026-09-15T00:00:00.000,2026-09-17T19:17:18.476904+00:00
QUEENS,Air Quality,10,2026-09-15T00:00:00.000,2026-09-17T19:17:18.476904+00:00
BROOKLYN,Illegal Posting,10,2026-09-15T00:00:00.000,2026-09-17T19:17:18.476904+00:00
STATEN ISLAND,Dead/Dying Tree,9,2026-09-15T00:00:00.000,2026-09-17T19:17:18.476904+00:00
STATEN ISLAND,Damaged Tree,9,2026-09-15T00:00:00.000,2026-09-17T19:17:18.476904+00:00
QUEENS,Food Establishment,9,2026-09-15T00:00:00.000,2026-09-17T19:17:18.476904+00:00
BRONX,Street Sweeping Complaint,9,2026-09-15T00:00:00.000,2026-09-17T19:17:18.476904+00:00
BROOKLYN,Drinking,9,2026-09-15T00:00:00.000,2026-09-17T19:17:18.476904+00:00
QUEENS,Graffiti,9,2026-09-15T00:00:00.000,2026-09-17T19:17:18.476904+00:00
BROOKLYN,Food Establishment,9,2026-09-15T00:00:00.000,2026-09-17T19:17:18.476904+00:00
MANHATTAN,Traffic,9,2026-09-15T00:00:00.000,2026-09-17T19:17:18.476904+00:00
BROOKLYN,Non-Emergency Police Matter,9,2026-09-15T00:00:00.000,2026-09-17T19:17:18.476904+00:00
MANHATTAN,Graffiti,9,2026-09-15T00:00:00.000,2026-09-17T19:17:18.476904+00:00
BROOKLYN,Vendor Enforcement,9,2026-09-15T00:00:00.000,2026-09-17T19:17:18.476904+00:00
MANHATTAN,Drug Activity,9,2026-09-15T00:00:00.000,2026-09-17T19:17:18.476904+00:00
BROOKLYN,Smoking or Vaping,9,2026-09-15T00:00:00.000,2026-09-17T19:17:18.476904+00:00
BRONX,Dead Animal,9,2026-09-15T00:00:00.000,2026-09-17T19:17:18.476904+00:00
BRONX,Damaged Tree,8,2026-09-15T00:00:00.000,2026-09-17T19:17:18.476904+00:00
MANHATTAN,Mobile Food Vendor,8,2026-09-15T00:00:00.000,2026-09-17T19:17:18.476904+00:00
STATEN ISLAND,Graffiti,8,2026-09-15T00:00:00.000,2026-09-17T19:17:18.476904+00:00
STATEN ISLAND,Illegal Dumping,8,2026-09-15T00:00:00.000,2026-09-17T19:17:18.476904+00:00
QUEENS,Panhandling,8,2026-09-15T00:00:00.000,2026-09-17T19:17:18.476904+00:00
BRONX,For Hire Vehicle Complaint,8,2026-09-15T00:00:00.000,2026-09-17T19:17:18.476904+00:00
QUEENS,Noise - House of Worship,8,2026-09-15T00:00:00.000,2026-09-17T19:17:18.476904+00:00
BROOKLYN,Street Sign - Damaged,7,2026-09-15T00:00:00.000,2026-09-17T19:17:18.476904+00:00
BROOKLYN,Panhandling,7,2026-09-15T00:00:00.000,2026-09-17T19:17:18.476904+00:00
MANHATTAN,Cannabis Retailer,7,2026-09-15T00:00:00.000,2026-09-17T19:17:18.476904+00:00
BRONX,Vendor Enforcement,7,2026-09-15T00:00:00.000,2026-09-17T19:17:18.476904+00:00
QUEENS,Indoor Air Quality,7,2026-09-15T00:00:00.000,2026-09-17T19:17:18.476904+00:00
BRONX,Homeless Person Assistance,7,2026-09-15T00:00:00.000,2026-09-17T19:17:18.476904+00:00
MANHATTAN,Water Conservation,7,2026-09-15T00:00:00.000,2026-09-17T19:17:18.476904+00:00
STATEN ISLAND,Maintenance or Facility,7,2026-09-15T00:00:00.000,2026-09-17T19:17:18.476904+00:00
BRONX,Drug Activity,7,2026-09-15T00:00:00.000,2026-09-17T19:17:18.476904+00:00
BRONX,Overgrown Tree/Branches,7,2026-09-15T00:00:00.000,2026-09-17T19:17:18.476904+00:00
STATEN ISLAND,Consumer Complaint,7,2026-09-15T00:00:00.000,2026-09-17T19:17:18.476904+00:00
BROOKLYN,General Construction/Plumbing,7,2026-09-15T00:00:00.000,2026-09-17T19:17:18.476904+00:00
BROOKLYN,Noise - Helicopter,7,2026-09-15T00:00:00.000,2026-09-17T19:17:18.476904+00:00
STATEN ISLAND,Root/Sewer/Sidewalk Condition,7,2026-09-15T00:00:00.000,2026-09-17T19:17:18.476904+00:00
STATEN ISLAND,Traffic Signal Condition,6,2026-09-15T00:00:00.000,2026-09-17T19:17:18.476904+00:00
MANHATTAN,Unsanitary Pigeon Condition,6,2026-09-15T00:00:00.000,2026-09-17T19:17:18.476904+00:00
BROOKLYN,Industrial Waste,6,2026-09-15T00:00:00.000,2026-09-17T19:17:18.476904+00:00
MANHATTAN,Indoor Air Quality,6,2026-09-15T00:00:00.000,2026-09-17T19:17:18.476904+00:00
STATEN ISLAND,Sewer Maintenance,6,2026-09-15T00:00:00.000,2026-09-17T19:17:18.476904+00:00
QUEENS,Illegal Posting,6,2026-09-15T00:00:00.000,2026-09-17T19:17:18.476904+00:00
QUEENS,Cannabis Retailer,6,2026-09-15T00:00:00.000,2026-09-17T19:17:18.476904+00:00
BRONX,Root/Sewer/Sidewalk Condition,6,2026-09-15T00:00:00.000,2026-09-17T19:17:18.476904+00:00
QUEENS,Illegal Tree Damage,6,2026-09-15T00:00:00.000,2026-09-17T19:17:18.476904+00:00
MANHATTAN,Bike/Roller/Skate,6,2026-09-15T00:00:00.000,2026-09-17T19:17:18.476904+00:00
MANHATTAN,Violation of Park Rules,6,2026-09-15T00:00:00.000,2026-09-17T19:17:18.476904+00:00
QUEENS,Broken Parking Meter,6,2026-09-15T00:00:00.000,2026-09-17T19:17:18.476904+00:00
BROOKLYN,Dumpster Complaint,6,2026-09-15T00:00:00.000,2026-09-17T19:17:18.476904+00:00
BROOKLYN,Traffic,6,2026-09-15T00:00:00.000,2026-09-17T19:17:18.476904+00:00
BRONX,Indoor Air Quality,6,2026-09-15T00:00:00.000,2026-09-17T19:17:18.476904+00:00
QUEENS,Sanitation Worker or Vehicle Complaint,6,2026-09-15T00:00:00.000,2026-09-17T19:17:18.476904+00:00
STATEN ISLAND,Noise,6,2026-09-15T00:00:00.000,2026-09-17T19:17:18.476904+00:00
BROOKLYN,Air Quality,5,2026-09-15T00:00:00.000,2026-09-17T19:17:18.476904+00:00
STATEN ISLAND,Non-Emergency Police Matter,5,2026-09-15T00:00:00.000,2026-09-17T19:17:18.476904+00:00
Unspecified,Taxi Complaint,5,2026-09-15T00:00:00.000,2026-09-17T19:17:18.476904+00:00
STATEN ISLAND,Animal-Abuse,5,2026-09-15T00:00:00.000,2026-09-17T19:17:18.476904+00:00
STATEN ISLAND,Dead Animal,5,2026-09-15T00:00:00.000,2026-09-17T19:17:18.476904+00:00
BROOKLYN,Drug Activity,5,2026-09-15T00:00:00.000,2026-09-17T19:17:18.476904+00:00
STATEN ISLAND,Rodent,5,2026-09-15T00:00:00.000,2026-09-17T19:17:18.476904+00:00
BROOKLYN,Mosquitoes,5,2026-09-15T00:00:00.000,2026-09-17T19:17:18.476904+00:00
BRONX,Residential Disposal Complaint,5,2026-09-15T00:00:00.000,2026-09-17T19:17:18.476904+00:00
QUEENS,Litter Basket Request,5,2026-09-15T00:00:00.000,2026-09-17T19:17:18.476904+00:00
BRONX,PLUMBING,5,2026-09-15T00:00:00.000,2026-09-17T19:17:18.476904+00:00
MANHATTAN,Dead/Dying Tree,4,2026-09-15T00:00:00.000,2026-09-17T19:17:18.476904+00:00
BROOKLYN,Hazardous Material,4,2026-09-15T00:00:00.000,2026-09-17T19:17:18.476904+00:00
BROOKLYN,Lot Condition,4,2026-09-15T00:00:00.000,2026-09-17T19:17:18.476904+00:00
MANHATTAN,Noise - Park,4,2026-09-15T00:00:00.000,2026-09-17T19:17:18.476904+00:00
MANHATTAN,Bike Rack,4,2026-09-15T00:00:00.000,2026-09-17T19:17:18.476904+00:00
BROOKLYN,Violation of Park Rules,4,2026-09-15T00:00:00.000,2026-09-17T19:17:18.476904+00:00
MANHATTAN,Day Care,4,2026-09-15T00:00:00.000,2026-09-17T19:17:18.476904+00:00
BROOKLYN,Standing Water,4,2026-09-15T00:00:00.000,2026-09-17T19:17:18.476904+00:00
BRONX,Dead/Dying Tree,4,2026-09-15T00:00:00.000,2026-09-17T19:17:18.476904+00:00
QUEENS,Highway Condition,4,2026-09-15T00:00:00.000,2026-09-17T19:17:18.476904+00:00
QUEENS,Street Sweeping Complaint,4,2026-09-15T00:00:00.000,2026-09-17T19:17:18.476904+00:00
QUEENS,Green Infrastructure,4,2026-09-15T00:00:00.000,2026-09-17T19:17:18.476904+00:00
BRONX,Street Sign - Damaged,4,2026-09-15T00:00:00.000,2026-09-17T19:17:18.476904+00:00
BRONX,Food Establishment,4,2026-09-15T00:00:00.000,2026-09-17T19:17:18.476904+00:00
QUEENS,Animal in a Park,4,2026-09-15T00:00:00.000,2026-09-17T19:17:18.476904+00:00
MANHATTAN,Standing Water,4,2026-09-15T00:00:00.000,2026-09-17T19:17:18.476904+00:00
MANHATTAN,PAINT/PLASTER,4,2026-09-15T00:00:00.000,2026-09-17T19:17:18.476904+00:00
MANHATTAN,Street Sign - Missing,3,2026-09-15T00:00:00.000,2026-09-17T19:17:18.476904+00:00
MANHATTAN,Residential Disposal Complaint,3,2026-09-15T00:00:00.000,2026-09-17T19:17:18.476904+00:00
MANHATTAN,Urinating in Public,3,2026-09-15T00:00:00.000,2026-09-17T19:17:18.476904+00:00
MANHATTAN,Smoking or Vaping,3,2026-09-15T00:00:00.000,2026-09-17T19:17:18.476904+00:00
MANHATTAN,Sanitation Worker or Vehicle Complaint,3,2026-09-15T00:00:00.000,2026-09-17T19:17:18.476904+00:00
BRONX,UNSANITARY CONDITION,3,2026-09-15T00:00:00.000,2026-09-17T19:17:18.476904+00:00
BRONX,Traffic,3,2026-09-15T00:00:00.000,2026-09-17T19:17:18.476904+00:00
QUEENS,Hazardous Material,3,2026-09-15T00:00:00.000,2026-09-17T19:17:18.476904+00:00
QUEENS,Street Sign - Missing,3,2026-09-15T00:00:00.000,2026-09-17T19:17:18.476904+00:00
QUEENS,Street Sign - Dangling,3,2026-09-15T00:00:00.000,2026-09-17T19:17:18.476904+00:00
QUEENS,Violation of Park Rules,3,2026-09-15T00:00:00.000,2026-09-17T19:17:18.476904+00:00
QUEENS,Water Conservation,3,2026-09-15T00:00:00.000,2026-09-17T19:17:18.476904+00:00
QUEENS,Unleashed Dog,3,2026-09-15T00:00:00.000,2026-09-17T19:17:18.476904+00:00
STATEN ISLAND,Residential Disposal Complaint,3,2026-09-15T00:00:00.000,2026-09-17T19:17:18.476904+00:00
STATEN ISLAND,Noise - Street/Sidewalk,3,2026-09-15T00:00:00.000,2026-09-17T19:17:18.476904+00:00
STATEN ISLAND,Illegal Posting,3,2026-09-15T00:00:00.000,2026-09-17T19:17:18.476904+00:00
BROOKLYN,Broken Parking Meter,3,2026-09-15T00:00:00.000,2026-09-17T19:17:18.476904+00:00
BROOKLYN,Abandoned Bike,3,2026-09-15T00:00:00.000,2026-09-17T19:17:18.476904+00:00
BROOKLYN,Bike/Roller/Skate,3,2026-09-15T00:00:00.000,2026-09-17T19:17:18.476904+00:00
BRONX,PAINT/PLASTER,3,2026-09-15T00:00:00.000,2026-09-17T19:17:18.476904+00:00
BRONX,Outdoor Dining,3,2026-09-15T00:00:00.000,2026-09-17T19:17:18.476904+00:00
QUEENS,Noise - Park,3,2026-09-15T00:00:00.000,2026-09-17T19:17:18.476904+00:00
QUEENS,Street Sign - Damaged,3,2026-09-15T00:00:00.000,2026-09-17T19:17:18.476904+00:00
QUEENS,Standing Water,3,2026-09-15T00:00:00.000,2026-09-17T19:17:18.476904+00:00
STATEN ISLAND,Unleashed Dog,3,2026-09-15T00:00:00.000,2026-09-17T19:17:18.476904+00:00
BROOKLYN,Wood Pile Remaining,3,2026-09-15T00:00:00.000,2026-09-17T19:17:18.476904+00:00
STATEN ISLAND,Standing Water,3,2026-09-15T00:00:00.000,2026-09-17T19:17:18.476904+00:00
MANHATTAN,For Hire Vehicle Report,3,2026-09-15T00:00:00.000,2026-09-17T19:17:18.476904+00:00
BRONX,Cannabis Retailer,3,2026-09-15T00:00:00.000,2026-09-17T19:17:18.476904+00:00
BROOKLYN,Street Sign - Missing,3,2026-09-15T00:00:00.000,2026-09-17T19:17:18.476904+00:00
BROOKLYN,Urinating in Public,3,2026-09-15T00:00:00.000,2026-09-17T19:17:18.476904+00:00
BROOKLYN,Street Sign - Dangling,3,2026-09-15T00:00:00.000,2026-09-17T19:17:18.476904+00:00
MANHATTAN,Litter Basket Complaint,3,2026-09-15T00:00:00.000,2026-09-17T19:17:18.476904+00:00
MANHATTAN,Highway Condition,3,2026-09-15T00:00:00.000,2026-09-17T19:17:18.476904+00:00
MANHATTAN,Litter Basket Request,3,2026-09-15T00:00:00.000,2026-09-17T19:17:18.476904+00:00
BROOKLYN,Mobile Food Vendor,2,2026-09-15T00:00:00.000,2026-09-17T19:17:18.476904+00:00
MANHATTAN,Overgrown Tree/Branches,2,2026-09-15T00:00:00.000,2026-09-17T19:17:18.476904+00:00
BROOKLYN,New Tree Request,2,2026-09-15T00:00:00.000,2026-09-17T19:17:18.476904+00:00
BROOKLYN,PAINT/PLASTER,2,2026-09-15T00:00:00.000,2026-09-17T19:17:18.476904+00:00
BROOKLYN,Highway Condition,2,2026-09-15T00:00:00.000,2026-09-17T19:17:18.476904+00:00
QUEENS,Bike Rack,2,2026-09-15T00:00:00.000,2026-09-17T19:17:18.476904+00:00
MANHATTAN,Unsanitary Animal Pvt Property,2,2026-09-15T00:00:00.000,2026-09-17T19:17:18.476904+00:00
BROOKLYN,FLOORING/STAIRS,2,2026-09-15T00:00:00.000,2026-09-17T19:17:18.476904+00:00
MANHATTAN,Tobacco or Non-Tobacco Sale,2,2026-09-15T00:00:00.000,2026-09-17T19:17:18.476904+00:00
MANHATTAN,Street Sign - Dangling,2,2026-09-15T00:00:00.000,2026-09-17T19:17:18.476904+00:00
BROOKLYN,Food Poisoning,2,2026-09-15T00:00:00.000,2026-09-17T19:17:18.476904+00:00
BROOKLYN,HEAT/HOT WATER,2,2026-09-15T00:00:00.000,2026-09-17T19:17:18.476904+00:00
MANHATTAN,PLUMBING,2,2026-09-15T00:00:00.000,2026-09-17T19:17:18.476904+00:00
MANHATTAN,DOOR/WINDOW,2,2026-09-15T00:00:00.000,2026-09-17T19:17:18.476904+00:00
MANHATTAN,Hazardous Material,2,2026-09-15T00:00:00.000,2026-09-17T19:17:18.476904+00:00
MANHATTAN,Damaged Tree,2,2026-09-15T00:00:00.000,2026-09-17T19:17:18.476904+00:00
BRONX,Bus Stop Shelter Complaint,2,2026-09-15T00:00:00.000,2026-09-17T19:17:18.476904+00:00
BRONX,Day Care,2,2026-09-15T00:00:00.000,2026-09-17T19:17:18.476904+00:00
Unspecified,Ferry Inquiry,2,2026-09-15T00:00:00.000,2026-09-17T19:17:18.476904+00:00
BRONX,Curb Condition,2,2026-09-15T00:00:00.000,2026-09-17T19:17:18.476904+00:00
STATEN ISLAND,Traffic,2,2026-09-15T00:00:00.000,2026-09-17T19:17:18.476904+00:00
STATEN ISLAND,Noise - Vehicle,2,2026-09-15T00:00:00.000,2026-09-17T19:17:18.476904+00:00
BRONX,Drinking,2,2026-09-15T00:00:00.000,2026-09-17T19:17:18.476904+00:00
BRONX,General Construction/Plumbing,2,2026-09-15T00:00:00.000,2026-09-17T19:17:18.476904+00:00
Unspecified,Overgrown Tree/Branches,2,2026-09-15T00:00:00.000,2026-09-17T19:17:18.476904+00:00
STATEN ISLAND,Lot Condition,2,2026-09-15T00:00:00.000,2026-09-17T19:17:18.476904+00:00
BROOKLYN,Bus Stop Shelter Complaint,2,2026-09-15T00:00:00.000,2026-09-17T19:17:18.476904+00:00
BRONX,Smoking or Vaping,2,2026-09-15T00:00:00.000,2026-09-17T19:17:18.476904+00:00
QUEENS,Harboring Bees/Wasps,2,2026-09-15T00:00:00.000,2026-09-17T19:17:18.476904+00:00
STATEN ISLAND,Encampment,2,2026-09-15T00:00:00.000,2026-09-17T19:17:18.476904+00:00
STATEN ISLAND,Animal in a Park,2,2026-09-15T00:00:00.000,2026-09-17T19:17:18.476904+00:00
BRONX,Green Infrastructure,2,2026-09-15T00:00:00.000,2026-09-17T19:17:18.476904+00:00
BRONX,Lead,2,2026-09-15T00:00:00.000,2026-09-17T19:17:18.476904+00:00
BRONX,Mobile Food Vendor,2,2026-09-15T00:00:00.000,2026-09-17T19:17:18.476904+00:00
QUEENS,Smoking or Vaping,2,2026-09-15T00:00:00.000,2026-09-17T19:17:18.476904+00:00
BROOKLYN,Unleashed Dog,2,2026-09-15T00:00:00.000,2026-09-17T19:17:18.476904+00:00
MANHATTAN,Dead Animal,2,2026-09-15T00:00:00.000,2026-09-17T19:17:18.476904+00:00
BROOKLYN,PLUMBING,2,2026-09-15T00:00:00.000,2026-09-17T19:17:18.476904+00:00
MANHATTAN,Illegal Fireworks,2,2026-09-15T00:00:00.000,2026-09-17T19:17:18.476904+00:00
BROOKLYN,Real Time Enforcement,2,2026-09-15T00:00:00.000,2026-09-17T19:17:18.476904+00:00
QUEENS,New Tree Request,2,2026-09-15T00:00:00.000,2026-09-17T19:17:18.476904+00:00
QUEENS,Mobile Food Vendor,2,2026-09-15T00:00:00.000,2026-09-17T19:17:18.476904+00:00
BRONX,Water Conservation,2,2026-09-15T00:00:00.000,2026-09-17T19:17:18.476904+00:00
QUEENS,Dumpster Complaint,2,2026-09-15T00:00:00.000,2026-09-17T19:17:18.476904+00:00
BRONX,Unleashed Dog,2,2026-09-15T00:00:00.000,2026-09-17T19:17:18.476904+00:00
BRONX,Industrial Waste,2,2026-09-15T00:00:00.000,2026-09-17T19:17:18.476904+00:00
BRONX,Illegal Tree Damage,2,2026-09-15T00:00:00.000,2026-09-17T19:17:18.476904+00:00
QUEENS,Noise - Helicopter,2,2026-09-15T00:00:00.000,2026-09-17T19:17:18.476904+00:00
BROOKLYN,Commercial Disposal Complaint,2,2026-09-15T00:00:00.000,2026-09-17T19:17:18.476904+00:00
QUEENS,Drinking,2,2026-09-15T00:00:00.000,2026-09-17T19:17:18.476904+00:00
BROOKLYN,Bike Rack,2,2026-09-15T00:00:00.000,2026-09-17T19:17:18.476904+00:00
BROOKLYN,Animal in a Park,2,2026-09-15T00:00:00.000,2026-09-17T19:17:18.476904+00:00
QUEENS,Curb Condition,2,2026-09-15T00:00:00.000,2026-09-17T19:17:18.476904+00:00
BRONX,DOOR/WINDOW,2,2026-09-15T00:00:00.000,2026-09-17T19:17:18.476904+00:00
BRONX,Air Quality,2,2026-09-15T00:00:00.000,2026-09-17T19:17:18.476904+00:00
BRONX,Bus Stop Shelter Placement,2,2026-09-15T00:00:00.000,2026-09-17T19:17:18.476904+00:00
BROOKLYN,Litter Basket Complaint,2,2026-09-15T00:00:00.000,2026-09-17T19:17:18.476904+00:00
BROOKLYN,Harboring Bees/Wasps,2,2026-09-15T00:00:00.000,2026-09-17T19:17:18.476904+00:00
MANHATTAN,Broken Parking Meter,2,2026-09-15T00:00:00.000,2026-09-17T19:17:18.476904+00:00
BRONX,Animal in a Park,1,2026-09-15T00:00:00.000,2026-09-17T19:17:18.476904+00:00
BRONX,Cooling Tower,1,2026-09-15T00:00:00.000,2026-09-17T19:17:18.476904+00:00
MANHATTAN,Animal Facility - No Permit,1,2026-09-15T00:00:00.000,2026-09-17T19:17:18.476904+00:00
MANHATTAN,APPLIANCE,1,2026-09-15T00:00:00.000,2026-09-17T19:17:18.476904+00:00
STATEN ISLAND,Water Conservation,1,2026-09-15T00:00:00.000,2026-09-17T19:17:18.476904+00:00
Unspecified,Damaged Tree,1,2026-09-15T00:00:00.000,2026-09-17T19:17:18.476904+00:00
STATEN ISLAND,Violation of Park Rules,1,2026-09-15T00:00:00.000,2026-09-17T19:17:18.476904+00:00
STATEN ISLAND,Tattooing,1,2026-09-15T00:00:00.000,2026-09-17T19:17:18.476904+00:00
MANHATTAN,Noise - House of Worship,1,2026-09-15T00:00:00.000,2026-09-17T19:17:18.476904+00:00
MANHATTAN,Outdoor Dining,1,2026-09-15T00:00:00.000,2026-09-17T19:17:18.476904+00:00
BROOKLYN,Sanitation Worker or Vehicle Complaint,1,2026-09-15T00:00:00.000,2026-09-17T19:17:18.476904+00:00
BROOKLYN,Posting Advertisement,1,2026-09-15T00:00:00.000,2026-09-17T19:17:18.476904+00:00
MANHATTAN,Industrial Waste,1,2026-09-15T00:00:00.000,2026-09-17T19:17:18.476904+00:00
BROOKLYN,Unsanitary Animal Pvt Property,1,2026-09-15T00:00:00.000,2026-09-17T19:17:18.476904+00:00
MANHATTAN,Animal in a Park,1,2026-09-15T00:00:00.000,2026-09-17T19:17:18.476904+00:00
MANHATTAN,Asbestos,1,2026-09-15T00:00:00.000,2026-09-17T19:17:18.476904+00:00
MANHATTAN,Bridge Condition,1,2026-09-15T00:00:00.000,2026-09-17T19:17:18.476904+00:00
MANHATTAN,Bus Stop Shelter Complaint,1,2026-09-15T00:00:00.000,2026-09-17T19:17:18.476904+00:00
MANHATTAN,Construction Lead Dust,1,2026-09-15T00:00:00.000,2026-09-17T19:17:18.476904+00:00
BROOKLYN,Water Conservation,1,2026-09-15T00:00:00.000,2026-09-17T19:17:18.476904+00:00
MANHATTAN,Cooling Tower,1,2026-09-15T00:00:00.000,2026-09-17T19:17:18.476904+00:00
MANHATTAN,Drinking,1,2026-09-15T00:00:00.000,2026-09-17T19:17:18.476904+00:00
MANHATTAN,FLOORING/STAIRS,1,2026-09-15T00:00:00.000,2026-09-17T19:17:18.476904+00:00
MANHATTAN,ELECTRIC,1,2026-09-15T00:00:00.000,2026-09-17T19:17:18.476904+00:00
MANHATTAN,GENERAL,1,2026-09-15T00:00:00.000,2026-09-17T19:17:18.476904+00:00
MANHATTAN,HEAT/HOT WATER,1,2026-09-15T00:00:00.000,2026-09-17T19:17:18.476904+00:00
QUEENS,Bike/Roller/Skate,1,2026-09-15T00:00:00.000,2026-09-17T19:17:18.476904+00:00
QUEENS,Abandoned Bike,1,2026-09-15T00:00:00.000,2026-09-17T19:17:18.476904+00:00
MANHATTAN,Water Quality,1,2026-09-15T00:00:00.000,2026-09-17T19:17:18.476904+00:00
MANHATTAN,UNSANITARY CONDITION,1,2026-09-15T00:00:00.000,2026-09-17T19:17:18.476904+00:00
MANHATTAN,Taxi Report,1,2026-09-15T00:00:00.000,2026-09-17T19:17:18.476904+00:00
BROOKLYN,Elevator,1,2026-09-15T00:00:00.000,2026-09-17T19:17:18.476904+00:00
BROOKLYN,E-Scooter,1,2026-09-15T00:00:00.000,2026-09-17T19:17:18.476904+00:00
BROOKLYN,ELECTRIC,1,2026-09-15T00:00:00.000,2026-09-17T19:17:18.476904+00:00
BROOKLYN,Day Care,1,2026-09-15T00:00:00.000,2026-09-17T19:17:18.476904+00:00
BROOKLYN,DOOR/WINDOW,1,2026-09-15T00:00:00.000,2026-09-17T19:17:18.476904+00:00
BROOKLYN,Indoor Sewage,1,2026-09-15T00:00:00.000,2026-09-17T19:17:18.476904+00:00
BROOKLYN,Outdoor Dining,1,2026-09-15T00:00:00.000,2026-09-17T19:17:18.476904+00:00
MANHATTAN,Illegal Tree Damage,1,2026-09-15T00:00:00.000,2026-09-17T19:17:18.476904+00:00
BROOKLYN,Noise - House of Worship,1,2026-09-15T00:00:00.000,2026-09-17T19:17:18.476904+00:00
BRONX,Public Toilet,1,2026-09-15T00:00:00.000,2026-09-17T19:17:18.476904+00:00
QUEENS,Outdoor Dining,1,2026-09-15T00:00:00.000,2026-09-17T19:17:18.476904+00:00
BROOKLYN,Bench,1,2026-09-15T00:00:00.000,2026-09-17T19:17:18.476904+00:00
QUEENS,E-Scooter,1,2026-09-15T00:00:00.000,2026-09-17T19:17:18.476904+00:00
QUEENS,Commercial Disposal Complaint,1,2026-09-15T00:00:00.000,2026-09-17T19:17:18.476904+00:00
BRONX,Water Quality,1,2026-09-15T00:00:00.000,2026-09-17T19:17:18.476904+00:00
QUEENS,Bus Stop Shelter Complaint,1,2026-09-15T00:00:00.000,2026-09-17T19:17:18.476904+00:00
QUEENS,Mold,1,2026-09-15T00:00:00.000,2026-09-17T19:17:18.476904+00:00
QUEENS,Lost Property,1,2026-09-15T00:00:00.000,2026-09-17T19:17:18.476904+00:00
QUEENS,Lot Condition,1,2026-09-15T00:00:00.000,2026-09-17T19:17:18.476904+00:00
QUEENS,Litter Basket Complaint,1,2026-09-15T00:00:00.000,2026-09-17T19:17:18.476904+00:00
BRONX,Unsanitary Pigeon Condition,1,2026-09-15T00:00:00.000,2026-09-17T19:17:18.476904+00:00
QUEENS,For Hire Vehicle Report,1,2026-09-15T00:00:00.000,2026-09-17T19:17:18.476904+00:00
QUEENS,Green Taxi Complaint,1,2026-09-15T00:00:00.000,2026-09-17T19:17:18.476904+00:00
QUEENS,Illegal Animal Sold,1,2026-09-15T00:00:00.000,2026-09-17T19:17:18.476904+00:00
BRONX,Standing Water,1,2026-09-15T00:00:00.000,2026-09-17T19:17:18.476904+00:00
BRONX,Street Sign - Missing,1,2026-09-15T00:00:00.000,2026-09-17T19:17:18.476904+00:00
BRONX,Unsanitary Animal Pvt Property,1,2026-09-15T00:00:00.000,2026-09-17T19:17:18.476904+00:00
QUEENS,PLUMBING,1,2026-09-15T00:00:00.000,2026-09-17T19:17:18.476904+00:00
QUEENS,PAINT/PLASTER,1,2026-09-15T00:00:00.000,2026-09-17T19:17:18.476904+00:00
BRONX,Highway Condition,1,2026-09-15T00:00:00.000,2026-09-17T19:17:18.476904+00:00
STATEN ISLAND,Harboring Bees/Wasps,1,2026-09-15T00:00:00.000,2026-09-17T19:17:18.476904+00:00
STATEN ISLAND,Air Quality,1,2026-09-15T00:00:00.000,2026-09-17T19:17:18.476904+00:00
QUEENS,Water Quality,1,2026-09-15T00:00:00.000,2026-09-17T19:17:18.476904+00:00
STATEN ISLAND,Curb Condition,1,2026-09-15T00:00:00.000,2026-09-17T19:17:18.476904+00:00
STATEN ISLAND,Dumpster Complaint,1,2026-09-15T00:00:00.000,2026-09-17T19:17:18.476904+00:00
BRONX,Litter Basket Request,1,2026-09-15T00:00:00.000,2026-09-17T19:17:18.476904+00:00
QUEENS,Taxi Report,1,2026-09-15T00:00:00.000,2026-09-17T19:17:18.476904+00:00
BRONX,Lot Condition,1,2026-09-15T00:00:00.000,2026-09-17T19:17:18.476904+00:00
BRONX,Litter Basket Complaint,1,2026-09-15T00:00:00.000,2026-09-17T19:17:18.476904+00:00
QUEENS,Unsanitary Pigeon Condition,1,2026-09-15T00:00:00.000,2026-09-17T19:17:18.476904+00:00
QUEENS,Urinating in Public,1,2026-09-15T00:00:00.000,2026-09-17T19:17:18.476904+00:00
STATEN ISLAND,Bus Stop Shelter Placement,1,2026-09-15T00:00:00.000,2026-09-17T19:17:18.476904+00:00
STATEN ISLAND,Cannabis Retailer,1,2026-09-15T00:00:00.000,2026-09-17T19:17:18.476904+00:00
STATEN ISLAND,Hazardous Material,1,2026-09-15T00:00:00.000,2026-09-17T19:17:18.476904+00:00
BRONX,HEAT/HOT WATER,1,2026-09-15T00:00:00.000,2026-09-17T19:17:18.476904+00:00
BRONX,Food Poisoning,1,2026-09-15T00:00:00.000,2026-09-17T19:17:18.476904+00:00
BRONX,For Hire Vehicle Report,1,2026-09-15T00:00:00.000,2026-09-17T19:17:18.476904+00:00
STATEN ISLAND,Illegal Fireworks,1,2026-09-15T00:00:00.000,2026-09-17T19:17:18.476904+00:00
STATEN ISLAND,Highway Condition,1,2026-09-15T00:00:00.000,2026-09-17T19:17:18.476904+00:00
STATEN ISLAND,Indoor Air Quality,1,2026-09-15T00:00:00.000,2026-09-17T19:17:18.476904+00:00
BRONX,Drinking Water,1,2026-09-15T00:00:00.000,2026-09-17T19:17:18.476904+00:00
BRONX,Harboring Bees/Wasps,1,2026-09-15T00:00:00.000,2026-09-17T19:17:18.476904+00:00
STATEN ISLAND,Noise - Commercial,1,2026-09-15T00:00:00.000,2026-09-17T19:17:18.476904+00:00
STATEN ISLAND,Mosquitoes,1,2026-09-15T00:00:00.000,2026-09-17T19:17:18.476904+00:00
BRONX,Hazardous Material,1,2026-09-15T00:00:00.000,2026-09-17T19:17:18.476904+00:00
STATEN ISLAND,Lead,1,2026-09-15T00:00:00.000,2026-09-17T19:17:18.476904+00:00
STATEN ISLAND,New Tree Request,1,2026-09-15T00:00:00.000,2026-09-17T19:17:18.476904+00:00
STATEN ISLAND,Panhandling,1,2026-09-15T00:00:00.000,2026-09-17T19:17:18.476904+00:00
Unspecified,Street Light Condition,1,2026-09-15T00:00:00.000,2026-09-17T19:17:18.476904+00:00
